pl_name,hostname,discoverymethod,disc_year,pl_bmasse,pl_rade,pl_orbper,pl_eqt,st_teff,st_mass,sy_dist
OGLE-2014-BLG-1722L b,OGLE-2014-BLG-1722L,Microlensing,2018,55.3,,,,,0.4,6400.0
Kepler-939 b,Kepler-939,Transit,2016,,1.75,14.878296,,5471.0,0.88,2093.62
KMT-2023-BLG-1896L b,KMT-2023-BLG-1896L,Microlensing,2025,16.35,,,,,0.72,5490.0
Kepler-1292 b,Kepler-1292,Transit,2016,,1.82,3.27646405,,5556.0,0.95,1493.43
GJ 3512 c,GJ 3512,Radial Velocity,2020,143.97626837,,2354.0,,3141.0,0.123,9.48637
HD 8574 b,HD 8574,Radial Velocity,2002,645.1949,,227.0,,6064.0,1.34,44.8264
Kepler-223 d,Kepler-223,Transit,2014,8.0,5.24,14.78869,,,1.125,1859.71
OGLE-2012-BLG-0358L b,OGLE-2012-BLG-0358L,Microlensing,2013,588.0,,,,,0.022,1760.0
Kepler-15 b,Kepler-15,Transit,2011,209.76,10.76,4.942782,,5515.0,1.018,739.412
CoRoT-12 b,CoRoT-12,Transit,2010,291.438,16.14,2.828042,1442.0,5675.0,1.078,1126.37
TOI-3464 b,TOI-3464,Transit,2025,397.28550875,13.7646283,3.6515568,1693.0,6370.0,1.363,597.774
TOI-209 b,TOI-209,Transit,2026,,2.3947209,4.37943587445,,4806.66,,113.387
Kepler-1719 b,Kepler-1719,Transit,2021,,3.95000623,6.149559975,,5687.0,1.08,905.406
HD 33844 c,HD 33844,Radial Velocity,2015,556.2025,,916.0,,4861.0,1.78,105.779
Kepler-1366 b,Kepler-1366,Transit,2016,,1.43,2.164570968,,4070.0,0.62,465.826
HAT-P-2 c,HAT-P-2,Radial Velocity,2023,3400.7639549,,8500.0,,,1.33,127.774
HIP 948 b,HIP 948,Radial Velocity,2022,6547.2651842,,24955.45756,,,0.71,34.8523
Kepler-1036 b,Kepler-1036,Transit,2016,,3.01,122.8808058,,5533.0,0.95,489.435
Kepler-250 b,Kepler-250,Transit,2014,,1.13,4.148141,,5160.0,,760.585
HATS-47 b,HATS-47,Transit,2020,117.27927,12.520453,3.9228038,852.9,4512.0,0.674,300.67
Kepler-1233 b,Kepler-1233,Transit,2016,,2.6,45.1263042,,6198.0,1.16,1178.7
GJ 682 c,GJ 682,Radial Velocity,2014,8.7,,57.32,,3028.0,0.27,5.00671
Kepler-1221 b,Kepler-1221,Transit,2016,,1.88,12.00096042,,5194.0,0.87,913.65
Kepler-539 b,Kepler-539,Transit,2016,308.2951,8.373123,125.63243,387.6,5820.0,1.048,307.318
Kepler-1729 b,Kepler-1729,Transit,2021,,3.89404186,4.220970154,,3837.0,0.544,576.181
Kepler-257 b,Kepler-257,Transit,2014,,2.61,2.382667,,5180.0,,780.256
Kepler-1239 b,Kepler-1239,Transit,2016,,2.9,5.19104016,,6564.0,1.4,2140.6
K2-127 b,K2-127,Transit,2017,,8.37,3.588163,809.0,4575.0,0.72,709.999
Kepler-196 c,Kepler-196,Transit,2014,,2.24,47.427737,,5128.0,,451.312
Kepler-834 b,Kepler-834,Transit,2016,,2.02,13.32388301,,4554.0,0.7,633.937
K2-105 b,K2-105,Transit,2017,15.4,3.4,8.26726,805.0,5373.0,0.94,197.989
Kepler-85 c,Kepler-85,Transit,2012,2.15,1.978,12.51,,5505.2,0.928,765.025
Kepler-236 b,Kepler-236,Transit,2014,,1.57,8.295611,,3750.0,,288.763
Kepler-100 d,Kepler-100,Transit,2014,3.0,1.61,35.3331,,5825.0,1.08,304.645
16 Cyg B b,16 Cyg B,Radial Velocity,1996,565.7374,,798.5,,5750.0,1.08,21.1397
Kepler-976 b,Kepler-976,Transit,2016,,3.96,105.9564148,,5232.0,0.87,1012.41
Kepler-1268 b,Kepler-1268,Transit,2016,,2.03,40.9903986,,5904.0,1.06,1840.77
Kepler-473 b,Kepler-473,Transit,2016,,4.08,14.55731705,,5816.0,1.06,905.937
Kepler-273 c,Kepler-273,Transit,2014,,1.98,8.014927,,5626.0,,713.964
CoRoT-32 b,CoRoT-32,Transit,2018,47.6745,6.38913,6.71837,938.0,5970.0,1.08,576.683
HD 4203 b,HD 4203,Radial Velocity,2001,708.7609,,431.88,,5596.0,1.25,81.3795
Kepler-29 b,Kepler-29,Transit,2011,5.0,2.55,10.33974,,5378.0,0.761,832.532
TOI-1266 d,TOI-1266,Transit Timing Variations,2025,3.68,,32.509,288.0,3563.0,0.437,36.0118
Kepler-529 d,Kepler-529,Transit,2021,,2.79502603,35.86619949,,6078.0,1.005,799.008
Kepler-918 b,Kepler-918,Transit,2016,,1.74,4.85386933,,6028.0,1.11,1025.03
Kepler-1619 b,Kepler-1619,Transit,2016,,0.76,23.6225913,,5852.0,1.0,734.85
TOI-6954 b,TOI-6954,Transit,2026,,3.63524486,4.02074127419,,5170.87,,190.042
Kepler-42 b,Kepler-42,Transit,2011,,0.78,1.2137672,519.0,3068.0,0.13,40.0595
Kepler-284 b,Kepler-284,Transit,2014,,2.24,12.699149,,5615.0,,1031.95
HD 32963 b,HD 32963,Radial Velocity,2015,222.481,,2372.0,,5727.0,0.94,38.0786
Kepler-42 d,Kepler-42,Transit,2011,,0.57,1.865169,450.0,3068.0,0.13,40.0595
HD 109749 b,HD 109749,Radial Velocity,2005,85.8141,,5.239891,,5824.0,1.13,63.0821
Kepler-1166 b,Kepler-1166,Transit,2016,,1.69,33.2406882,,5446.0,0.9,634.906
Kepler-157 c,Kepler-157,Transit,2014,,2.24,13.5405,,5774.0,,773.713
HD 219134 g,HD 219134,Radial Velocity,2015,10.80622,,94.2,,4913.0,0.794,6.53127
Kepler-210 b,Kepler-210,Transit,2014,,2.94,2.453234,,4559.0,,232.75
OGLE-2018-BLG-0799L b,OGLE-2018-BLG-0799L,Microlensing,2022,82.63538582,,,,,0.093,4050.0
TIC 139270665 b,TIC 139270665,Transit,2024,147.15455244,7.22979255,23.624,703.0,5844.0,1.035,189.875
K2-333 b,K2-333,Transit,2021,,6.18,14.759287,826.0,5880.0,1.06,343.99
GJ 3293 d,GJ 3293,Radial Velocity,2017,7.6,,48.1345,,3466.0,0.42,20.1903
Kepler-773 b,Kepler-773,Transit,2016,,1.43,3.749100061,,5850.0,1.04,547.026
Kepler-218 d,Kepler-218,Transit,2016,,2.66,124.5244647,,5542.0,1.01,656.38
Kepler-323 c,Kepler-323,Transit,2014,6.8,1.57,3.5538229,1431.0,6004.0,1.015,454.883
HD 77946 b,HD 77946,Transit,2024,10.9,2.89646124,6.527363,1128.86,6007.0,1.1973,99.451
WASP-2 b,WASP-2,Transit,2007,295.89973,12.116929,2.152175,1311.0,5180.0,0.895,153.242
Kepler-1235 b,Kepler-1235,Transit,2016,,0.79,4.16055856,,5541.0,0.93,540.604
TOI-5614 b,TOI-5614,Transit,2026,,3.21759316,4.17221328949,,4553.0,,223.016
K2-318 b,K2-318,Transit,2020,,1.66,7.01,456.0,3851.0,0.561,147.866
OGLE-2012-BLG-0838L b,OGLE-2012-BLG-0838L,Microlensing,2020,53.1,,,,,0.4,6320.0
Kepler-1512 b,Kepler-1512,Transit,2016,,1.18,20.35972599,,4372.0,0.73,
TOI-5800 b,TOI-5800,Transit,2025,9.5,2.46,2.6278838,1108.0,4850.0,0.778,42.9052
HD 214823 b,HD 214823,Radial Velocity,2016,5914.78665427,,1854.84424,,,1.115,101.368
Kepler-953 b,Kepler-953,Transit,2016,,4.21,88.40655258,,5416.0,0.95,258.893
K2-381 c,K2-381,Transit,2022,,2.0,16.034656,,4473.0,0.754,145.701
K2-320 b,K2-320,Transit,2020,,2.62,1.995,698.0,3157.0,0.117,108.74
OGLE-2018-BLG-1269L b,OGLE-2018-BLG-1269L,Microlensing,2020,210.0,,,,,1.11,2510.0
GJ 2126 b,GJ 2126,Radial Velocity,2025,413.1769291,,272.7,,4159.0,0.65,38.129
Kepler-728 b,Kepler-728,Transit,2016,,3.34,5.743477265,,5660.0,0.95,1765.23
Kepler-1714 b,Kepler-1714,Transit,2021,,3.26437302,10.27530003,,6150.0,1.448,409.46
HS Psc b,HS Psc,Radial Velocity,2024,464.02947422,,3.986,,4203.0,0.69,37.6604
TOI-1443 b,TOI-1443,Transit,2024,30.0,2.30381001,23.540678,520.66,5224.0,0.7663,85.8034
GJ 581 e,GJ 581,Radial Velocity,2009,2.48,,3.1481,,3500.0,0.295,6.2981
Kepler-928 b,Kepler-928,Transit,2016,,1.59,3.932461302,,4700.0,0.73,508.809
KMT-2017-BLG-1038L b,KMT-2017-BLG-1038L,Microlensing,2019,640.0,,,,,0.37,6000.0
Kepler-192 d,Kepler-192,Transit,2016,,1.02,6.47027579,,5487.0,0.94,651.674
TOI-4329 b,TOI-4329,Transit,2022,143.02278315,16.81347105,2.9223,,6000.0,1.538,717.128
HD 160691 e,HD 160691,Radial Velocity,2006,2224.798849,,307.9,,5773.0,1.13,15.5981
K2-372 b,K2-372,Transit,2022,,2.945,9.844077,,5479.0,0.847,463.88
Kepler-1165 c,Kepler-1165,Transit,2021,,3.36093385,29.96870041,,6249.0,1.13,1575.2
Kepler-371 c,Kepler-371,Transit,2014,,1.78,67.968015,,5666.0,,813.192
Kepler-1002 b,Kepler-1002,Transit,2016,,1.71,4.336429331,,6144.0,1.22,408.303
K2-350 b,K2-350,Transit,2021,,1.54,4.163873,1158.0,5789.0,0.98,489.368
HIP 14810 d,HIP 14810,Radial Velocity,2009,187.5197,,981.8,,5544.0,1.01,50.48
WASP-43 b,WASP-43,Transit,2011,565.714,10.424,0.813475,,4400.0,0.58,86.7467
HD 28185 c,HD 28185,Radial Velocity,2022,1906.970442,,9090.0,,5602.0,0.974,39.3809
Kepler-540 b,Kepler-540,Transit,2016,,2.71,172.7049784,,5946.0,1.02,390.374
BD-08 2823 c,BD-08 2823,Radial Velocity,2009,104.0,,237.6,,4746.0,0.74,41.3342
HD 134987 c,HD 134987,Radial Velocity,2009,260.0,,5000.0,,5585.0,1.1,26.1804
alf Ari b,alf Ari,Radial Velocity,2010,572.07,,380.8,,4553.0,1.5,20.21019
HAT-P-17 c,HAT-P-17,Radial Velocity,2012,1080.6,,5584.0,,5336.96,0.92,92.3831
CoRoT-2 b,CoRoT-2,Transit,2008,1102.82,16.432,1.7429935,,5625.0,0.96,213.283
HAT-P-27 b,HAT-P-27,Transit,2011,197.05,11.43,3.039577,,5316.0,0.916,199.173
Kepler-93 c,Kepler-93,Radial Velocity,2014,954.0,,1460.0,,5669.0,0.91,95.9115
KOI-94 d,KOI-94,Transit,2013,106.0,11.27,22.342989,806.0,6182.0,1.277,477.052
WASP-52 b,WASP-52,Transit,2012,146.2,14.24,1.7497798,1315.0,5000.0,0.87,174.818
KOI-94 c,KOI-94,Transit,2013,15.6,4.32,10.423648,1012.0,6182.0,1.277,477.052
KOI-94 e,KOI-94,Transit,2013,35.0,6.56,54.32031,584.0,6182.0,1.277,477.052
Kepler-37 e,Kepler-37,Transit Timing Variations,2014,,,51.196,,,0.8,63.9207
KOI-94 b,KOI-94,Transit,2013,10.5,1.71,3.743208,1486.0,6182.0,1.277,477.052
WASP-103 b,WASP-103,Transit,2014,473.547,17.127,0.925542,2508.0,6110.0,1.22,375.647
Kepler-51 b,Kepler-51,Transit,2012,2.1,7.1,45.154,543.0,6018.0,1.04,783.831
Kepler-51 d,Kepler-51,Transit,2014,7.6,9.7,130.194,381.0,6018.0,1.04,783.831
Kepler-51 c,Kepler-51,Transit,2012,4.0,9.0,85.312,439.0,6018.0,1.04,783.831
CoRoT-7 c,CoRoT-7,Radial Velocity,2009,8.4,,3.698,,5256.0,0.899,159.906
WASP-96 b,WASP-96,Transit,2014,152.55,13.45,3.4252602,1285.0,5540.0,1.06,352.464
HAT-P-12 b,HAT-P-12,Transit,2009,67.059,10.749,3.2130598,963.0,4650.0,0.733,142.751
HAT-P-13 b,HAT-P-13,Transit,2009,270.462,14.258,2.91625,,,,246.81
HAT-P-13 c,HAT-P-13,Radial Velocity,2009,4538.421,,446.27,,,,246.81
HAT-P-1 b,HAT-P-1,Transit,2006,166.86075,14.784671,4.46529976,1322.0,5980.0,1.151,158.979
OGLE-2012-BLG-0026L b,OGLE-2012-BLG-0026L,Microlensing,2012,46.1,,,,,1.06,4019.0
OGLE-2012-BLG-0026L c,OGLE-2012-BLG-0026L,Microlensing,2012,270.0,,,,,1.06,4019.0
HD 17674 b,HD 17674,Radial Velocity,2017,276.5121,,623.8,,5904.0,0.98,44.4264
HD 42012 b,HD 42012,Radial Velocity,2017,508.528,,857.5,,5405.0,0.83,36.7984
Kepler-237 b,Kepler-237,Transit,2014,,1.41,4.715106,,4861.0,,657.822
KMT-2023-BLG-0119L b,KMT-2023-BLG-0119L,Microlensing,2025,83.7,,,,,0.71,5410.0
Kepler-245 e,Kepler-245,Transit,2016,,1.75,3.219821056,,5174.0,0.86,861.527
Kepler-200 c,Kepler-200,Transit,2014,,1.59,10.222157,,5678.0,,665.912
TIC 139702105 b,TIC 139702105,Transit,2026,,2.45316949,6.83601903383,,5742.35,,91.7884
HD 95089 b,HD 95089,Radial Velocity,2009,400.4658,,464.4,,4918.0,1.54,136.957
Kepler-927 b,Kepler-927,Transit,2016,,1.72,9.1149903,,5743.0,0.99,831.685
Kepler-580 b,Kepler-580,Transit,2016,,2.57,8.222419656,,4298.0,0.67,323.899
GJ 3293 b,GJ 3293,Radial Velocity,2015,23.54,,30.5987,,3466.0,0.42,20.1903
TOI-6707 b,TOI-6707,Transit,2026,,5.72673066,3.83479363758,,6289.49,,641.467
OGLE-2019-BLG-0468L b,OGLE-2019-BLG-0468L,Microlensing,2022,1090.15143601,,,,,0.92,4400.0
HD 285507 b,HD 285507,Radial Velocity,2013,311.4734,,6.0881,,4503.0,0.82,45.0293
TOI-880.02,TOI-880,Transit,2024,,2.19,2.57571,1085.0,5050.0,0.87,60.6679
KELT-4 A b,KELT-4 A,Transit,2016,286.68266,19.044091,2.9895932,1823.0,6206.0,1.201,218.05
WASP-94 B b,WASP-94 B,Radial Velocity,2014,196.411,,2.00839,,6040.0,1.24,208.696
GJ 436 b,GJ 436,Radial Velocity,2004,22.1,4.17,2.64388312,,,0.47,9.75321
WASP-80 b,WASP-80,Transit,2012,170.99254,11.197791,3.06785234,825.0,4143.0,0.577,49.7876
HATS-6 b,HATS-6,Transit,2015,101.38777,11.186582,3.3252725,712.8,3724.0,0.574,169.318
K2-33 b,K2-33,Transit,2016,1175.971,5.04,5.424865,,3540.0,0.56,139.268
WASP-39 b,WASP-39,Transit,2011,89.31023,14.336311,4.0552941,1166.0,5485.0,0.913,213.982
TOI-2147 b,TOI-2147,Transit,2026,116.0,10.5,26.20518,820.0,5983.0,0.99,282.108
TOI-6019 b,TOI-6019,Transit,2026,149.0,12.3,14.547952,1095.0,5561.0,1.13,260.342
NGTS-38 b,NGTS-38,Transit,2026,1516.04150139,12.11690814,180.52797,457.0,6310.0,1.46,268.637
TOI-1272 b,TOI-1272,Transit,2022,24.1,4.26,3.3159765,1051.0,4985.0,0.828,137.572
TOI-1694 b,TOI-1694,Transit,2023,28.24,5.27,3.7701389,1037.0,5005.0,0.828,124.68
TOI-1694 c,TOI-1694,Radial Velocity,2023,316.55709337,,386.25,222.0,5005.0,0.828,124.68
WASP-178 b,WASP-178,Transit,2019,527.5978,20.28829,3.3448285,2470.0,9360.0,2.07,427.678
TOI-125 b,TOI-125,Transit,2019,9.5,2.726,4.65382,1037.0,5320.0,0.859,111.059
TOI-125 c,TOI-125,Transit,2019,6.63,2.759,9.15059,827.8,5320.0,0.859,111.059
TOI-125 d,TOI-125,Transit,2020,13.6,2.93,19.98,638.1,5320.0,0.859,111.059
HATS-48 A b,HATS-48 A,Transit,2020,77.23269,8.9672,3.1316666,954.6,4546.0,0.7279,263.609
HATS-72 b,HATS-72,Transit,2020,39.855882,8.0973816,7.3279474,739.3,4656.1,0.7311,127.589
NGTS-10 b,NGTS-10,Transit,2020,687.14846,13.506845,0.7668944,1332.0,4600.0,0.696,
NGTS-11 b,NGTS-11,Transit,2020,109.33352,9.157753,35.45533,435.0,5050.0,0.862,190.422
HD 86226 b,HD 86226,Radial Velocity,2009,143.0235,,1628.0,176.0,5863.0,1.019,45.683
WD 1856+534 b,WD 1856+534,Transit,2020,4386.054,10.4,1.4079405,163.0,4710.0,0.518,24.7359
LTT 9779 b,LTT 9779,Transit,2020,29.32,4.72,0.792052,1978.0,5443.0,1.02,80.4373
TOI-824 b,TOI-824,Transit,2020,18.467,2.926,1.392978,1253.0,4600.0,0.71,63.9262
GJ 3473 c,GJ 3473,Radial Velocity,2020,7.41,,15.509,329.1,3347.0,0.36,27.3644
WASP-127 b,WASP-127,Transit,2016,52.346601,14.694999,4.17806203,,,0.95,159.507
TOI-3757 b,TOI-3757,Transit,2022,85.3,12.0,3.438753,759.0,3913.0,0.64,181.139
Kepler-167 e,Kepler-167,Transit,2016,321.00669107,10.16,1071.23205,134.4,4884.0,0.777,341.908
WASP-148 b,WASP-148,Transit,2020,91.21675281,8.47398941,8.803809,,5555.0,0.954,246.353
WASP-148 c,WASP-148,Radial Velocity,2020,124.58873554,,34.524,,5555.0,0.954,246.353
LP 890-9 b,LP 890-9,Transit,2022,13.2,1.32,2.7299025,396.0,2850.0,0.118,32.4298
LP 890-9 c,LP 890-9,Transit,2022,25.3,1.367,8.457463,272.0,2850.0,0.118,32.4298
TOI-1075 b,TOI-1075,Transit,2022,9.95,1.791,0.6047328,1323.0,3875.0,0.604,61.4592
HD 20329 b,HD 20329,Transit,2022,7.42,1.72,0.926118,2141.0,5596.0,0.9,63.6796
TOI-700 b,TOI-700,Transit,2020,,0.914,9.977219,,3459.0,0.415,31.1265
TOI-700 c,TOI-700,Transit,2020,,2.6,16.051137,,3459.0,0.415,31.1265
TOI-700 d,TOI-700,Transit,2020,,1.073,37.42396,,3459.0,0.415,31.1265
TOI-700 e,TOI-700,Transit,2023,,0.953,27.80978,,3459.0,0.415,31.1265
TOI-3235 b,TOI-3235,Transit,2023,211.35589065,11.39953337,2.59261842,604.0,3388.8,0.3939,72.811
TOI-836 b,TOI-836,Transit,2023,4.53,1.704,3.81673,871.0,4552.0,0.678,27.5024
TOI-836.01,TOI-836,Transit,2021,9.6,2.587,8.59545,665.0,4552.0,0.678,27.5024
TOI-181 b,TOI-181,Transit,2023,46.1687,6.9559,4.532,895.1,4994.0,0.822,96.2338
TOI-5205 b,TOI-5205,Transit,2023,343.0,11.6,1.630757,737.0,3430.0,0.392,86.4493
HD 3167 d,HD 3167,Radial Velocity,2017,4.33,,8.4112,,5261.0,0.837,47.2899
HD 3167 e,HD 3167,Radial Velocity,2022,8.41,,96.63,,5261.0,0.837,47.2899
HD 3167 b,HD 3167,Transit,2016,4.97,1.67,0.959641,1774.0,5261.0,0.837,47.2899
HD 3167 c,HD 3167,Transit,2016,11.13,3.0,29.8454,564.0,5261.0,0.837,47.2899
K2-141 b,K2-141,Transit,2018,4.97,1.51,0.2803244,2103.0,4570.0,0.708,61.8736
K2-141 c,K2-141,Transit,2018,8.0,7.0,7.7485,695.0,4570.0,0.708,61.8736
HIP 9618 b,HIP 9618,Transit,2023,8.3,3.82838127,20.772858,640.88,5649.0,0.942,67.5478
HIP 9618 c,HIP 9618,Transit,2023,7.0,3.42855926,52.56363,470.31,5649.0,0.942,67.5478
TOI-1823 b,TOI-1823,Transit,2024,67.4,7.5406241,38.8,423.63,4927.0,0.8414,71.6456
TOI-849 b,TOI-849,Transit,2020,41.8,3.64,0.765548,,5257.0,0.97,225.734
WASP-47 b,WASP-47,Transit,2012,374.0,12.86,4.159151,,,1.058,264.78
WASP-47 c,WASP-47,Radial Velocity,2015,447.0,,589.57,,,1.058,264.78
WASP-47 d,WASP-47,Transit,2015,15.5,3.65,9.030501,,,1.058,264.78
WASP-47 e,WASP-47,Transit,2015,9.0,1.83,0.78961,,,1.058,264.78
TOI-776 b,TOI-776,Transit,2020,5.0,1.798,8.24662,520.0,3725.0,0.542,27.1701
TOI-776 c,TOI-776,Transit,2020,6.9,2.047,15.665323,420.0,3725.0,0.542,27.1701
WASP-76 b,WASP-76,Transit,2016,284.13859586,20.78145022,1.80988198,2228.0,6329.0,1.458,194.459
HD 63935 b,HD 63935,Transit,2021,10.5,2.91575244,9.058807,825.22,5513.0,0.9406,48.9739
HD 63935 c,HD 63935,Radial Velocity,2021,11.1,3.06451296,21.4027,619.59,5513.0,0.9406,48.9739
TOI-1807 b,TOI-1807,Transit,2021,2.44,1.49681583,0.54937097,1694.1,4914.0,0.8048,42.5775
LTT 1445 A b,LTT 1445 A,Transit,2019,2.73,1.34,5.3587635,431.0,,0.257,6.86929
TOI-1173 b,TOI-1173,Transit,2024,27.4,9.19,7.06466,868.0,5350.0,0.911,132.353
TOI-6255 b,TOI-6255,Transit,2024,1.44,1.079,0.23818244,,3421.0,0.353,20.3167
TOI-421 b,TOI-421,Transit,2020,6.7,2.64,5.197576,922.0,5291.0,0.833,74.7969
TOI-421 c,TOI-421,Transit,2020,14.1,5.09,16.067541,635.0,5291.0,0.833,74.7969
TOI-1338 b,TOI-1338 A,Transit,2020,11.3,7.661,95.4001,,,1.0936,399.017
TOI-1338 c,TOI-1338 A,Radial Velocity,2023,75.4,,215.79,,,1.0936,399.017
TOI-3884 b,TOI-3884,Transit,2022,32.59,6.43,4.5445828,441.0,3180.0,0.298,43.1448
GJ 1132 b,GJ 1132,Transit,2015,1.83704819,1.19151465,1.62892911,583.8,3229.0,0.1945,12.613
HIP 67522 b,HIP 67522,Transit,2020,,9.9872018,6.9594731,1175.0,5675.0,1.22,127.28
HIP 67522 c,HIP 67522,Transit,2024,,7.93595834,14.334892,917.0,5675.0,1.22,127.28
GJ 9827 d,GJ 9827,Transit,2017,3.02,1.98,6.20183,675.0,4236.0,0.62,29.661
GJ 486 b,GJ 486,Radial Velocity,2021,2.77,1.289,1.46712127,696.3,3317.0,0.312,8.07426
TOI-260 b,TOI-260,Transit,2024,4.23,1.71,13.475853,493.0,4026.0,0.616,20.1852
L 168-9 b,L 168-9,Transit,2020,4.07,1.63,1.40152604,998.0,3842.0,0.614,25.1496
TOI-1130 b,TOI-1130,Transit,2020,19.8,3.66,4.074554,825.0,4360.0,0.745,58.2609
TOI-1130 c,TOI-1130,Transit,2020,336.0,13.0,8.3501898,650.0,4360.0,0.745,58.2609
Kepler-51 e,Kepler-51,Transit Timing Variations,2024,5.4,,264.284,,5674.0,0.96,783.831
IRAS 04125+2902 b,IRAS 04125+2902,Transit,2024,,10.73820351,8.834978,854.0,4080.0,0.7,159.244
WASP-12 b,WASP-12,Transit,2008,,22.02564708,1.091418901,,6265.0,1.325,427.246
HD 15337 b,HD 15337,Transit,2019,6.519,1.77,4.7559804,,5131.0,0.829,44.8155
HD 15337 c,HD 15337,Transit,2019,6.792,2.526,17.180546,,5131.0,0.829,44.8155
GJ 341 b,GJ 341,Transit,2025,4.0,0.88,7.57686,,3770.0,0.48,10.454
TOI-561 b,TOI-561,Transit,2020,2.02,1.397,0.4465697,2319.0,,0.806,85.799
TOI-561 c,TOI-561,Transit,2020,5.93,2.865,10.778838,802.0,,0.806,85.799
TOI-561 d,TOI-561,Transit,2020,13.33,2.615,25.71268,600.0,,0.806,85.799
TOI-561 e,TOI-561,Transit,2020,12.4,2.517,77.144,416.0,,0.806,85.799
HAT-P-11 b,HAT-P-11,Transit,2010,23.51930212,,4.888,,,0.811,37.7647
HAT-P-11 c,HAT-P-11,Radial Velocity,2018,851.78013076,,3361.0,,,0.811,37.7647
TOI-677 b,TOI-677,Transit,2020,392.20025424,13.11450742,11.2365985,,6295.0,1.181,141.812
BD+05 4868 A b,BD+05 4868 A,Transit,2025,6.2,,1.271869,1820.0,4596.0,0.7,43.5687
WASP-131 b,WASP-131,Transit,2016,86.76715511,13.74221034,5.3220125,,5990.0,1.06,200.075
TOI-6324 b,TOI-6324,Transit,2025,1.17,1.059,0.279221,1216.0,3247.0,0.269,20.5488
TOI-771 b,TOI-771,Transit,2024,2.47,1.36,2.3260155,543.0,3370.0,0.22,25.2788
TOI-771 c,TOI-771,Radial Velocity,2025,2.87,,7.61,365.0,3370.0,0.22,25.2788
WASP-77 A b,WASP-77 A,Transit,2012,529.31142902,,1.360029395,,5617.0,0.903,105.166
TOI-6894 b,TOI-6894,Transit,2025,53.39517238,9.5836785,3.37077196,417.9,3007.0,0.207,73.8131
KELT-11 b,KELT-11,Transit,2017,65.15482343,15.13212395,4.73620865,1712.0,5375.0,1.44,99.1596
TOI-1468 b,TOI-1468,Transit,2022,3.04,1.401,1.8805201,683.5,3376.0,0.3527,24.7399
TOI-1468 c,TOI-1468,Transit,2022,4.1,2.126,15.532477,338.1,3376.0,0.3527,24.7399
TOI-2031 A b,TOI-2031 A,Transit,2025,254.2627256,14.20177855,5.71548654,1358.0,6490.0,1.174,276.105
L 98-59 b,L 98-59,Transit,2019,0.46,0.837,2.253114,620.0,3415.0,0.2923,10.6194
L 98-59 c,L 98-59,Transit,2019,2.0,1.329,3.6906764,526.0,3415.0,0.2923,10.6194
L 98-59 d,L 98-59,Transit,2019,1.64,1.627,7.450729,416.0,3415.0,0.2923,10.6194
L 98-59 e,L 98-59,Radial Velocity,2021,2.82,,12.8278,347.0,3415.0,0.2923,10.6194
L 98-59 f,L 98-59,Radial Velocity,2025,2.8,,23.064,285.0,3415.0,0.2923,10.6194
WASP-69 b,WASP-69,Transit,2014,82.58,11.21,3.86813881,971.0,4792.0,0.83,49.9605
HIP 41378 d,HIP 41378,Transit,2016,4.6,3.54,278.3618,367.0,6320.0,1.16,106.289
HIP 41378 e,HIP 41378,Transit,2016,12.0,4.92,369.0,335.0,6320.0,1.16,106.289
AU Mic e,AU Mic,Radial Velocity,2025,21.1,,33.11,,3665.0,0.6,9.7221
TOI-270 b,TOI-270,Transit,2019,1.48,1.28,3.35992,600.0,3506.0,0.386,22.4793
TOI-270 c,TOI-270,Transit,2019,6.2,2.33,5.66051,489.0,3506.0,0.386,22.4793
TOI-270 d,TOI-270,Transit,2019,4.2,2.0,11.38194,383.0,3506.0,0.386,22.4793
TOI-6109 b,TOI-6109,Transit,2025,,4.8704,5.690476,,5660.0,1.03,151.738
TOI-6109 c,TOI-6109,Transit,2025,,4.8326,8.538878,,5660.0,1.03,151.738
WASP-6 b,WASP-6,Transit,2009,148.42586607,12.5428494,3.3610026,1167.0,5438.0,0.854,197.119
WASP-25 b,WASP-25,Transit,2010,179.25522155,13.80946422,3.7648337,1217.0,5697.0,0.962,211.416
55 Cnc B b,55 Cnc B,Radial Velocity,2025,3.5,,6.7994,,3286.0,0.26,12.4773
55 Cnc B c,55 Cnc B,Radial Velocity,2025,5.3,,33.747,,3286.0,0.26,12.4773
55 Cnc b,55 Cnc,Radial Velocity,1996,276.0,,14.651552,,5198.0,1.015,12.5855
55 Cnc c,55 Cnc,Radial Velocity,2004,56.6,,44.3936,,5198.0,1.015,12.5855
55 Cnc d,55 Cnc,Radial Velocity,2002,1214.10451474,,4799.0,,5198.0,1.015,12.5855
55 Cnc f,55 Cnc,Radial Velocity,2007,48.5,,260.58,,5198.0,1.015,12.5855
TOI-1685 b,TOI-1685,Transit,2021,3.07,1.421,0.66913923,1000.0,3470.0,0.466,37.6153
WASP-193 b,WASP-193,Transit,2023,35.59678158,14.78464554,6.2463475,1250.0,6080.0,1.018,362.087
WASP-121 b,WASP-121,Transit,2016,371.85923619,19.52604438,1.27492504,2409.0,6628.0,1.33,269.898
TOI-178 b,TOI-178,Transit,2021,0.96,1.2,1.9145601,,4316.0,0.647,62.699
TOI-178 c,TOI-178,Transit,2021,4.64,1.754,3.238486,,4316.0,0.647,62.699
TOI-178 d,TOI-178,Transit,2021,5.2,2.695,6.557569,,4316.0,0.647,62.699
TOI-178 e,TOI-178,Transit,2021,3.48,2.301,9.96318,,4316.0,0.647,62.699
TOI-178 f,TOI-178,Transit,2021,5.63,2.417,15.23335,,4316.0,0.647,62.699
TOI-178 g,TOI-178,Transit,2021,4.4,2.939,20.71663,,4316.0,0.647,62.699
HD 80606 b,HD 80606,Radial Velocity,2001,1323.46926959,11.56766808,111.436765,,5565.0,1.05,66.4711
WASP-20 b,WASP-20,Transit,2015,,15.46839337,,1362.0,,,211.877
GJ 3090 b,GJ 3090,Transit,2022,4.52,2.18,2.85310198,723.0,3707.0,0.519,22.4751
GJ 3090 c,GJ 3090,Radial Velocity,2026,10.0,,15.9407,407.2,3707.0,0.519,22.4751
V1298 Tau b,V1298 Tau,Transit,2019,13.1,9.41,24.140006,666.0,4970.0,1.1,108.199
V1298 Tau c,V1298 Tau,Transit,2019,4.7,5.08,8.249164,953.0,4970.0,1.1,108.199
V1298 Tau d,V1298 Tau,Transit,2019,6.0,6.53,12.401394,831.0,4970.0,1.1,108.199
V1298 Tau e,V1298 Tau,Transit,2019,15.3,10.17,48.677714,527.0,4970.0,1.1,108.199
LP 791-18 c,LP 791-18,Transit,2019,7.16,2.488,4.98991,,2960.0,0.139,26.4927
LP 791-18 d,LP 791-18,Transit,2023,0.91,1.032,2.75485,,2960.0,0.139,26.4927
AU Mic b,AU Mic,Transit,2020,8.99,4.79,8.463446,554.8,3540.0,0.635,9.7221
AU Mic c,AU Mic,Transit,2021,14.46,2.79,18.859023,424.7,3540.0,0.635,9.7221
TOI-4336 A b,TOI-4336 A,Transit,2024,3.33,2.137,16.336351,309.4,3307.0,0.306,22.5455
TOI-4336 A c,TOI-4336 A,Transit,2026,1.55,1.251,7.587266,399.5,3307.0,0.306,22.5455
TOI-451 b,TOI-451,Transit,2020,4.7,1.84,1.8587033,1474.0,5490.0,0.93,123.739
TOI-451 c,TOI-451,Transit,2020,3.7,2.93,9.192463,865.0,5490.0,0.93,123.739
TOI-451 d,TOI-451,Transit,2020,10.2,3.93,16.364962,714.0,5490.0,0.93,123.739
WASP-107 b,WASP-107,Transit,2017,30.51152707,,5.7214876,,,,64.7414
WASP-107 c,WASP-107,Radial Velocity,2020,111.23994245,,1066.0,,,,64.7414
TOI-2431 b,TOI-2431,Transit,2026,6.2,1.534,0.22419578,2063.0,4109.0,0.661,36.0559
TOI-2076 b,TOI-2076,Transit,2021,6.7,2.59,10.35504,736.0,,0.849,41.9091
TOI-2076 c,TOI-2076,Transit,2021,7.2,3.54,21.01447,581.0,,0.849,41.9091
TOI-2076 d,TOI-2076,Transit,2021,7.3,3.27,35.12803,490.0,,0.849,41.9091
TOI-2076 e,TOI-2076,Transit,2025,4.7,1.301,3.0223753,1110.0,,0.849,41.9091
LHS 3844 b,LHS 3844,Transit,2019,2.37,1.286,0.462929709,816.0,3080.0,0.151,14.8846
TOI-2374 b,TOI-2374,Transit,2024,61.65871096,7.48759911,4.3136193,926.0,5002.0,0.802,134.655
GJ 1132 c,GJ 1132,Radial Velocity,2018,2.91,,8.929,,,0.198,12.613
HIP 41378 b,HIP 41378,Transit,2016,9.06,2.419,15.571893,970.67,6371.0,1.245,106.289
HIP 41378 c,HIP 41378,Transit,2016,6.53,2.505,31.70838,765.87,6371.0,1.245,106.289
HIP 41378 g,HIP 41378,Radial Velocity,2025,6.81,,64.067,,6371.0,1.245,106.289
HIP 41378 f,HIP 41378,Transit,2016,,,542.0797,,,,106.289
GJ 367 b,GJ 367,Transit,2021,0.503,0.736,0.3219226,1329.0,3535.0,0.451,9.41263
HD 60532 b,HD 60532,Radial Velocity,2008,336.8998,,201.9,,6245.0,1.5,25.9716
HD 60532 c,HD 60532,Radial Velocity,2008,797.7533,,600.1,,6245.0,1.5,25.9716
K2-228 b,K2-228,Transit,2018,,1.21,2.69828,914.0,4715.0,0.71,129.46
K2-229 c,K2-229,Transit,2018,,2.03,8.32727,750.0,5315.0,0.87,102.564
K2-162 b,K2-162,Transit,2018,,1.44,9.45889,631.0,4842.0,0.75,124.433
K2-224 b,K2-224,Transit,2018,,1.56,4.47904,1002.0,5620.0,0.91,275.255
K2-224 c,K2-224,Transit,2018,,2.41,10.09489,764.0,5620.0,0.91,275.255
CoRoT-20 c,CoRoT-20,Radial Velocity,2018,5403.11,,1675.0,,,1.14,844.061
CoRoT-20 b,CoRoT-20,Transit,2011,1366.669,,9.24285,,,1.14,844.061
CoRoT-7 b,CoRoT-7,Transit,2009,4.07660518,1.68135,0.85359163,,5275.0,0.82,159.906
WASP-71 b,WASP-71,Transit,2012,441.7837,13.22662,2.90367,,6050.0,0.76,362.715
BD-08 2823 b,BD-08 2823,Radial Velocity,2009,12.7132,,5.6,,4816.0,0.5,41.3342
HD 103197 b,HD 103197,Radial Velocity,2011,28.6047,,47.84,,5250.0,0.8,57.1463
HD 125595 b,HD 125595,Radial Velocity,2011,6.3566,,9.6737,,4691.0,0.29,28.1989
HD 134987 b,HD 134987,Radial Velocity,1999,511.7063,,258.17999,,5736.0,1.1,26.1804
HD 63765 b,HD 63765,Radial Velocity,2011,168.4499,,358.0,,5449.0,0.65,32.5376
Qatar-7 b,Qatar-7,Transit,2019,597.5204,19.0553,2.032046,2053.0,6387.0,1.409,705.981
HD 85390 b,HD 85390,Radial Velocity,2011,31.46517,,799.52,,5186.0,0.758,33.5225
EPIC 206024342 b,EPIC 206024342,Transit,2019,,1.7,4.50756,,,0.928,369.888
WASP-33 b,WASP-33,Transit,2010,665.21819,17.855937,1.21987,2781.7,7430.0,1.495,121.944
Kepler-1334 b,Kepler-1334,Transit,2016,,2.29,15.64591713,,5614.0,0.94,1223.04
WASP-126 b,WASP-126,Transit,2016,90.3,,3.28883,,5800.0,1.12,216.526
WASP-126 c,WASP-126,Transit Timing Variations,2019,64.2,,7.63,,5800.0,1.12,216.526
DMPP-1 e,DMPP-1,Radial Velocity,2019,4.13,,5.516,1314.0,6196.0,1.21,62.5388
Kepler-177 c,Kepler-177,Transit,2013,14.7,8.73,49.40926,,5732.0,0.921,1435.44
Kepler-177 b,Kepler-177,Transit,2013,5.84,3.5,36.8601,,5732.0,0.921,1435.44
WASP-150 b,WASP-150,Transit,2020,2688.8418,11.99363,5.644207,1460.0,6218.0,1.394,527.995
WASP-176 b,WASP-176,Transit,2020,271.74465,16.869545,3.899052,1721.0,5941.0,1.345,568.42
GJ 414 A b,GJ 414 A,Radial Velocity,2021,7.6,2.63,50.8,308.6,4120.0,0.65,11.8893
GJ 414 A c,GJ 414 A,Radial Velocity,2021,53.83,8.4,749.83,124.7,4120.0,0.65,11.8893
HD 90156 b,HD 90156,Radial Velocity,2011,17.98,,49.77,,5599.0,0.84,21.9496
HD 211403 b,HD 211403,Radial Velocity,2021,1760.76937478,,223.8,380.0,6273.0,1.2,83.0919
HD 97658 b,HD 97658,Radial Velocity,2010,8.3,2.12,9.4897116,751.0,5212.0,0.85,21.5618
EPIC 206024342 d,EPIC 206024342,Transit,2021,,2.6,14.647531,,5724.0,,369.888
EPIC 206024342 c,EPIC 206024342,Transit,2021,,1.4,0.911724,,5724.0,,369.888
K2-229 b,K2-229,Transit,2018,,1.0,0.584216,,5315.0,,102.564
pi Men d,HD 39091,Radial Velocity,2022,13.38,,124.64,,5998.0,1.07,18.2702
HD 29021 b,HD 29021,Radial Velocity,2017,1420.69297929,,1365.0,,,0.86,30.9939
CoRoT-7 d,CoRoT-7,Radial Velocity,2022,17.142,,8.966,,5250.0,0.915,159.906
TOI-2048 b,TOI-2048,Transit,2022,,2.61,13.79019,,5185.0,0.83,116.567
Kepler-454 c,Kepler-454,Radial Velocity,2015,1433.40611557,,524.19,,5687.0,1.03,230.869
Kepler-454 d,Kepler-454,Radial Velocity,2023,734.18362017,,4073.0,,5687.0,1.03,230.869
Kepler-37 b,Kepler-37,Transit,2013,0.79,0.3098,13.36702,718.0,5357.0,0.79,63.9207
Kepler-37 c,Kepler-37,Transit,2013,1.3,0.755,21.301848,615.0,5357.0,0.79,63.9207
Kepler-37 d,Kepler-37,Transit,2013,2.0,2.03,39.7922622,499.0,5357.0,0.79,63.9207
Kepler-78 b,Kepler-78,Transit,2013,1.68,1.201,0.35500745,2223.0,5058.0,0.779,124.376
Kepler-93 b,Kepler-93,Transit,2014,4.66,1.478,4.72673978,1133.0,5669.0,0.911,95.9115
Kepler-454 b,Kepler-454,Transit,2015,5.4,2.37,10.5737534,916.0,5687.0,1.03,230.869
GJ 1252 b,GJ 1252,Transit,2020,1.32,1.193,0.5182331,,3458.0,0.381,20.373
GJ 849 b,GJ 849,Radial Velocity,2006,283.82076745,,1925.31,,3467.0,0.45,8.80058
GJ 849 c,GJ 849,Radial Velocity,2014,314.65012293,,5990.0,,3467.0,0.45,8.80058
HIP 70849 b,HIP 70849,Radial Velocity,2011,1430.2278315,,3649.0,,,0.65,24.0572
HD 104067 b,HD 104067,Radial Velocity,2011,62.1,,55.851,,4952.0,0.82,20.3632
HD 104067 c,HD 104067,Radial Velocity,2024,13.2,,13.8992,,4952.0,0.82,20.3632
gam Cep b,gam Cep,Radial Velocity,2003,2097.6674862,,913.0,,4775.0,1.27,14.1024
TOI-815 b,TOI-815,Transit,2024,7.6,2.94,11.197259,686.0,4869.0,0.776,59.7117
TOI-815 c,TOI-815,Transit,2024,23.5,2.62,34.976145,469.0,4869.0,0.776,59.7117
HD 39091 b,HD 39091,Radial Velocity,2001,4481.3805387,,2088.8,,5998.0,1.07,18.2702
Kepler-10 b,Kepler-10,Transit,2011,3.24,1.47,0.8374907,2188.0,5708.0,0.91,185.506
Kepler-10 c,Kepler-10,Transit,2011,11.29,2.355,45.294301,579.0,5708.0,0.91,185.506
Kepler-10 d,Kepler-10,Radial Velocity,2023,12.0,,151.06,387.0,5708.0,0.91,185.506
pi Men c,HD 39091,Transit,2018,,2.0189,6.2678399,,5998.0,1.07,18.2702
TOI-5789 c,TOI-5789,Transit,2026,5.0,2.86,12.927748,718.0,5185.0,0.821,20.4581
TOI-5789 b,TOI-5789,Radial Velocity,2026,2.12,,2.76369,1201.0,5185.0,0.821,20.4581
TOI-5789 d,TOI-5789,Radial Velocity,2026,4.29,,29.65,545.0,5185.0,0.821,20.4581
TOI-5789 e,TOI-5789,Radial Velocity,2026,11.61,,62.98,424.0,5185.0,0.821,20.4581
LHS 1903 b,LHS 1903,Transit,2026,3.28,1.382,2.1555098,796.0,3664.0,0.538,35.6917
LHS 1903 c,LHS 1903,Transit,2026,4.55,2.046,6.226185,559.0,3664.0,0.538,35.6917
LHS 1903 d,LHS 1903,Transit,2026,5.96,2.5,12.566287,442.0,3664.0,0.538,35.6917
LHS 1903 e,LHS 1903,Transit,2026,5.79,1.732,29.31773,333.0,3664.0,0.538,35.6917
DMPP-2 c,DMPP-2,Radial Velocity,2026,51.79,,3.168,,,1.41,137.94
DMPP-2 d,DMPP-2,Radial Velocity,2026,91.79,,16.491,,,1.41,137.94
DMPP-6 b,DMPP-6,Radial Velocity,2026,5.8,,7.6027,,,1.079,54.6303
DMPP-6 c,DMPP-6,Radial Velocity,2026,13.47,,36.441,,,1.079,54.6303
DMPP-7 b,DMPP-7,Radial Velocity,2026,61.39,,4.984,,,1.09,101.386
DMPP-8 b,DMPP-8,Radial Velocity,2026,81.09,,62.915,,,0.99,76.1335
DMPP-9 b,DMPP-9,Radial Velocity,2026,14.43,,12.733,,,1.1,109.539
DMPP-1 b,DMPP-1,Radial Velocity,2019,16.8,,17.812,,,1.21,62.5388
DMPP-1 c,DMPP-1,Radial Velocity,2019,10.94,,10.03,,,1.21,62.5388
DMPP-1 d,DMPP-1,Radial Velocity,2019,4.72,,3.1417,,,1.21,62.5388
DMPP-2 b,DMPP-2,Radial Velocity,2019,171.48,,5.203,,,1.41,137.94
DMPP-3 A b,DMPP-3 A,Radial Velocity,2019,2.67,,5.59,,,0.9,46.8917
HD 181433 b,HD 181433,Radial Velocity,2008,7.22,,9.3745,,,0.86,26.8762
HD 181433 c,HD 181433,Radial Velocity,2008,235.5,,1018.5,,,0.86,26.8762
HD 181433 d,HD 181433,Radial Velocity,2008,206.91,,6896.1,,,0.86,26.8762
HD 39194 b,HD 39194,Radial Velocity,2021,4.62,,5.63692,,,0.86,26.4131
HD 39194 c,HD 39194,Radial Velocity,2021,7.49,,14.0309,,,0.86,26.4131
HD 39194 d,HD 39194,Radial Velocity,2021,5.16,,33.874,,,0.86,26.4131
HD 89839 b,HD 89839,Radial Velocity,2023,1196.9,,3391.2,,,1.21,57.3063
TOI-4552 b,TOI-4552,Transit,2026,1.83,1.11,0.30110032,1122.0,3258.0,0.2619,27.2684
TOI-672 b,TOI-672,Transit,2023,50.9,5.31,3.633581,699.5,3810.0,0.54,66.9071
TOI-1752 b,TOI-1752,Transit,2026,,1.693,0.9351861,1036.0,3762.0,0.524,103.021
TOI-1752 c,TOI-1752,Transit,2026,,2.29,32.71443,291.0,3762.0,0.524,103.021
TOI-5624 b,TOI-5624,Transit,2026,9.4,2.314,3.3903473,1136.0,5327.0,0.858,101.913
TOI-5624 c,TOI-5624,Transit,2026,4.8,2.474,7.885385,857.0,5327.0,0.858,101.913
TOI-5624 d,TOI-5624,Transit,2026,4.9,3.584,13.731468,712.6,5327.0,0.858,101.913
TOI-5624 e,TOI-5624,Transit,2026,8.9,3.247,21.489936,613.8,5327.0,0.858,101.913
TOI-5624 f,TOI-5624,Transit Timing Variations,2026,13.0,,45.37,478.5,5327.0,0.858,101.913
TIC 183374187 b,TIC 183374187,Transit,2026,177.98390792,14.03364384,5.05907,1379.0,5768.0,0.853,1208.75
TOI-4311 b,TOI-4311,Transit,2026,4.5,1.376,0.9902738,1664.0,5063.0,0.816,134.988
TOI-4311 c,TOI-4311,Transit,2026,13.58,2.47,15.070425,671.0,5063.0,0.816,134.988
GJ 229 A c,GJ 229,Radial Velocity,2020,8.58136699,,121.93268,,,0.509,5.75624
KELT-9 b,KELT-9,Transit,2017,915.3504,21.196219,1.4811235,4050.0,10170.0,2.52,204.455
KELT-20 b,KELT-20,Transit,2017,1074.90106,19.514869,3.4741085,2262.0,8720.0,1.76,136.426
K2-18 c,K2-18,Radial Velocity,2017,7.51,,8.962,363.0,3457.0,0.359,38.0266
GJ 3470 b,GJ 3470,Radial Velocity,2012,13.9,4.57,3.3366496,593.5,3600.0,0.539,29.4214
K2-232 b,K2-232,Transit,2018,126.49634,11.209,11.168454,1030.0,6154.0,1.188,130.72
HAT-P-30 b,HAT-P-30,Transit,2011,263.7989,16.14096,2.8106,,6304.0,1.55,213.985
HAT-P-14 b,HAT-P-14,Transit,2010,1093.3352,15.91678,4.62767,,6600.0,2.65,222.663
HAT-P-17 b,HAT-P-17,Transit,2012,184.3414,11.76945,10.33852,,5246.0,0.99,92.3831
HAT-P-26 b,HAT-P-26,Transit,2010,22.2481,7.06167,4.23452,,5079.0,1.12,141.837
TrES-4 b,TrES-4,Transit,2007,247.9074,18.04649,3.55395,,6200.0,1.08,515.98
HD 149026 b,HD 149026,Radial Velocity,2005,120.7754,8.29466,2.87589,,6179.0,1.42,75.8643
HD 189733 b,HD 189733,Radial Velocity,2005,359.1479,12.66617,2.21857567,,5052.0,0.79,19.7638
HD 209458 b,HD 209458,Radial Velocity,1999,232.0159,15.58051,3.52474859,,6091.0,1.23,48.3016
WASP-15 b,WASP-15,Transit,2009,171.6282,15.80469,3.7521,,6300.0,1.18,282.091
WASP-17 b,WASP-17,Transit,2009,247.9074,20.96083,3.73543,,6550.0,2.28,405.908
WASP-94 A b,WASP-94 A,Transit,2014,158.915,17.71022,3.95019,,6170.0,1.67,211.211
WASP-63 b,WASP-63,Transit,2012,117.5971,15.80469,4.37808,,5550.0,1.28,290.684
KELT-7 b,KELT-7,Transit,2015,441.7837,17.9344,2.73477,,6768.0,1.76,136.681
KELT-8 b,KELT-8,Transit,2015,209.7678,18.15858,3.24406,,5754.0,0.81,197.572
NGTS-2 b,NGTS-2,Transit,2018,235.1942,17.878355,4.511164,1468.0,6478.0,1.64,356.391
WASP-164 b,WASP-164,Transit,2018,676.9779,12.643752,1.7771255,1610.0,5806.0,0.946,327.506
K2-18 b,K2-18,Transit,2015,8.92,2.37,32.939623,284.0,3457.0,0.359,38.0266
WASP-166 b,WASP-166,Transit,2019,32.10083,7.06167,5.44354,1270.0,6050.0,1.19,114.173
HD 106315 b,HD 106315,Transit,2017,12.6,2.44,9.55237,1153.0,6327.0,1.091,109.353
HD 106315 c,HD 106315,Transit,2017,15.2,4.35,21.05704,886.0,6327.0,1.091,109.353
GJ 357 c,GJ 357,Radial Velocity,2019,3.4,,9.1247,401.2,3505.0,0.342,9.44181
GJ 357 d,GJ 357,Radial Velocity,2019,6.1,,55.661,219.6,3505.0,0.342,9.44181
HD 86226 c,HD 86226,Transit,2020,7.25,2.16,3.98442,1311.0,5863.0,1.019,45.683
55 Cnc e,55 Cnc,Radial Velocity,2004,7.99,1.875,0.7365474,,5172.0,0.905,12.5855
HAT-P-18 b,HAT-P-18,Transit,2010,62.61,11.153,5.508023,852.0,4803.0,0.77,161.4
WASP-139 b,WASP-139,Transit,2016,37.18611,8.9672,5.924262,910.0,5310.0,0.92,212.472
K2-287 b,K2-287,Transit,2018,100.11645,9.494023,14.893291,804.0,5695.0,1.056,158.335
GJ 3473 b,GJ 3473,Transit,2020,1.86,1.264,1.1980035,773.0,3347.0,0.36,27.3644
Kepler-12 b,Kepler-12,Transit,2011,137.30256,19.660586,4.4379629,1480.0,5947.0,1.166,881.386
TOI-1231 b,TOI-1231,Transit,2021,15.4,3.65,24.245586,329.6,3553.0,0.485,27.6227
LHS 1478 b,LHS 1478,Transit,2021,2.33,1.242,1.9495378,595.0,3381.0,0.236,18.2276
TOI-674 b,TOI-674,Transit,2021,23.6,5.25,1.977143,635.0,3514.0,0.42,46.0851
TOI-431 b,TOI-431,Transit,2021,3.07,1.28,0.490047,1862.0,4850.0,0.78,32.5686
TOI-431 c,TOI-431,Radial Velocity,2021,2.83,,4.8494,867.0,4850.0,0.78,32.5686
TOI-431 d,TOI-431,Transit,2021,9.9,3.29,12.46103,633.0,4850.0,0.78,32.5686
TRAPPIST-1 b,TRAPPIST-1,Transit,2016,1.374,1.116,1.510826,,2566.0,0.0898,
TRAPPIST-1 c,TRAPPIST-1,Transit,2016,1.308,1.097,2.421937,,2566.0,0.0898,
TRAPPIST-1 d,TRAPPIST-1,Transit,2016,0.388,0.788,4.049219,,2566.0,0.0898,
TRAPPIST-1 e,TRAPPIST-1,Transit,2017,0.692,0.92,6.101013,,2566.0,0.0898,
TRAPPIST-1 f,TRAPPIST-1,Transit,2017,1.039,1.045,9.20754,,2566.0,0.0898,
TRAPPIST-1 g,TRAPPIST-1,Transit,2017,1.321,1.129,12.352446,,2566.0,0.0898,
TRAPPIST-1 h,TRAPPIST-1,Transit,2017,0.326,0.755,18.772866,,2566.0,0.0898,
K2-34 b,K2-34,Transit,2016,,13.75,2.9956348,1687.0,6168.0,1.16,348.646
TOI-1442 b,TOI-1442,Transit,2022,,1.17,0.4090677,1072.0,3330.0,0.29,41.1659
TOI-2260 b,TOI-2260,Transit,2022,,1.62,0.3524728,2609.0,5534.0,0.99,101.251
TOI-2445 b,TOI-2445,Transit,2022,,1.25,0.3711281,1060.0,3333.0,0.25,48.582
TOI-2109 b,TOI-2109,Transit,2021,1595.49860314,15.098497,0.67247414,3646.0,6540.0,1.453,262.041
HATS-75 b,HATS-75,Transit,2021,156.05374784,9.90873894,2.7886556,772.3,3790.4,0.6017,194.964
LTT 1445 A c,LTT 1445 A,Transit,2022,1.54,1.147,3.1239035,508.0,3340.0,0.257,6.86929
WASP-18 b,WASP-18,Transit,2009,3241.8497514,13.89913607,0.94145223,2429.0,6432.0,1.294,123.483
WASP-19 b,WASP-19,Transit,2009,366.77398168,15.86070769,0.78883852,2113.0,5616.0,0.965,268.325
WASP-189 b,WASP-189,Transit,2020,632.47852993,18.14733975,2.724033,3353.0,8000.0,2.03,99.731
TOI-1670 b,TOI-1670,Transit,2022,41.31769291,2.06,10.98462,1062.0,6170.0,1.21,168.067
TOI-1670 c,TOI-1670,Transit,2022,200.23189641,11.06326395,40.74976,684.0,6170.0,1.21,168.067
K2-22 b,K2-22,Transit,2015,,2.3,0.381073,,3879.0,,243.836
TOI-500 b,TOI-500,Transit,2022,1.42,1.166,0.548177,1617.0,4440.0,0.74,47.3924
TOI-500 c,TOI-500,Radial Velocity,2022,5.03,,6.6356,,4440.0,0.74,47.3924
TOI-500 d,TOI-500,Radial Velocity,2022,33.12,,26.233,,4440.0,0.74,47.3924
TOI-500 e,TOI-500,Radial Velocity,2022,15.05,,61.3,,4440.0,0.74,47.3924
GJ 3929 b,GJ 3929,Transit,2022,1.75,1.09,2.616235,568.0,3384.0,0.313,15.8095
GJ 3929 c,GJ 3929,Radial Velocity,2022,5.71,,15.04,317.0,3384.0,0.313,15.8095
HD 260655 b,HD 260655,Transit,2022,2.14,1.24,2.76953,709.0,3803.0,0.439,10.0055
HD 260655 c,HD 260655,Transit,2022,3.09,1.533,5.70588,557.0,3803.0,0.439,10.0055
TOI-3714 b,TOI-3714,Transit,2022,222.4798849,11.32107051,2.154849,750.0,3660.0,0.53,112.71
Kepler-167 b,Kepler-167,Transit,2014,,1.718,4.3931539,918.0,4884.0,0.777,341.908
Kepler-167 c,Kepler-167,Transit,2014,,1.674,7.406106,771.0,4884.0,0.777,341.908
Kepler-167 d,Kepler-167,Transit,2016,,1.238,21.80379,538.0,4884.0,0.777,341.908
LP 791-18 b,LP 791-18,Transit,2019,,1.212,0.9479981,564.3,2960.0,0.139,26.4927
HD 207496 b,HD 207496,Transit,2023,6.1,2.25,6.441008,743.0,4819.0,0.8,23.606
TOI-1416 b,TOI-1416,Transit,2023,3.48,1.62,1.0697568,1517.0,4884.0,0.798,55.0135
TOI-4010 b,TOI-4010,Transit,2023,11.0,3.02,1.348335,1441.0,4960.0,0.88,177.504
TOI-4010 c,TOI-4010,Transit,2023,20.31,5.93,5.414654,907.0,4960.0,0.88,177.504
TOI-4010 d,TOI-4010,Transit,2023,38.15,6.18,14.70886,650.0,4960.0,0.88,177.504
TOI-4010 e,TOI-4010,Radial Velocity,2023,692.0,,762.0,174.0,4960.0,0.88,177.504
WASP-84 b,WASP-84,Transit,2014,220.0,10.72,8.52349648,732.0,,0.853,100.588
WASP-84 c,WASP-84,Transit,2023,15.2,1.95,1.4468849,1329.0,,0.853,100.588
TOI-3984 A b,TOI-3984 A,Transit,2023,44.0,7.9,4.353326,563.0,3476.0,0.49,108.883
TOI-5293 A b,TOI-5293 A,Transit,2023,170.4,11.9,2.930289,675.0,3586.0,0.54,162.229
GJ 367 c,GJ 367,Radial Velocity,2023,4.13,,11.5301,,3522.0,0.455,9.41263
GJ 367 d,GJ 367,Radial Velocity,2023,6.03,,34.369,,3522.0,0.455,9.41263
GJ 357 b,GJ 357,Transit,2019,,1.2,3.9306,518.0,3505.0,0.342,9.44181
TOI-199 b,TOI-199,Transit,2023,54.03082919,9.07927437,104.854,,5255.0,0.936,102.27
TOI-199 c,TOI-199,Transit Timing Variations,2023,88.99195396,,273.69,,5255.0,0.936,102.27
LHS 475 b,LHS 475,Transit,2023,,0.991,2.029088,586.0,3300.0,0.262,12.4814
TOI-1801 b,TOI-1801,Transit,2023,5.738,2.079,10.64387,493.7,3863.0,0.556,30.6796
TOI-1420 b,TOI-1420,Transit,2023,25.1,11.89,6.9561063,957.0,5510.0,0.987,201.918
TOI-2134 b,TOI-2134,Transit,2023,9.13,2.69,9.2292005,666.0,4580.0,0.744,22.6202
TOI-2134 c,TOI-2134,Transit,2023,41.89,7.27,95.5,306.0,4580.0,0.744,22.6202
HD 110067 b,HD 110067,Transit,2023,5.69,2.2,9.113678,800.0,5266.0,0.798,32.1585
HD 110067 c,HD 110067,Transit,2023,6.3,2.388,13.673694,699.0,5266.0,0.798,32.1585
HD 110067 d,HD 110067,Transit,2023,8.52,2.852,20.519617,602.0,5266.0,0.798,32.1585
HD 110067 e,HD 110067,Transit,2023,3.9,1.94,30.793091,533.0,5266.0,0.798,32.1585
HD 110067 f,HD 110067,Transit,2023,5.04,2.601,41.05854,489.0,5266.0,0.798,32.1585
HD 110067 g,HD 110067,Transit,2023,8.4,2.607,54.76992,440.0,5266.0,0.798,32.1585
AU Mic d,AU Mic,Transit Timing Variations,2023,1.053,,12.73596,,3678.0,0.51,9.7221
GJ 806 b,GJ 806,Transit,2023,1.9,1.331,0.9263237,940.0,3600.0,0.413,12.0445
GJ 806 c,GJ 806,Radial Velocity,2023,5.8,,6.64064,490.0,3600.0,0.413,12.0445
HAT-P-65 b,HAT-P-65,Transit,2016,176.07693748,18.05766791,2.60544751,1818.0,5872.0,1.297,738.519
GJ 9827 b,GJ 9827,Transit,2017,4.28,1.44,1.208974,1035.01,4236.0,0.62,29.661
GJ 9827 c,GJ 9827,Transit,2017,1.86,1.13,3.648103,715.94,4236.0,0.62,29.661
LTT 3780 b,LTT 3780,Transit,2020,2.46,1.325,0.76837931,903.0,3358.0,0.381,21.9814
LTT 3780 c,LTT 3780,Transit,2020,8.04,2.39,12.252284,359.0,3358.0,0.381,21.9814
LHS 1140 b,LHS 1140,Transit,2017,5.6,1.73,24.73723,226.0,3096.0,0.1844,14.9861
LHS 1140 c,LHS 1140,Transit,2018,1.91,1.272,3.77794,422.0,3096.0,0.1844,14.9861
GJ 1214 b,GJ 1214,Transit,2009,8.41,2.733,1.580404531,567.0,3101.0,0.182,14.6427
TOI-1136 b,TOI-1136,Transit,2022,3.5,,4.1727,1216.0,5770.0,1.022,84.5362
TOI-1136 c,TOI-1136,Transit,2022,6.32,,6.2574,1062.0,5770.0,1.022,84.5362
TOI-1136 d,TOI-1136,Transit,2022,8.35,,12.5199,843.0,5770.0,1.022,84.5362
TOI-1136 e,TOI-1136,Transit,2022,6.07,,18.801,737.0,5770.0,1.022,84.5362
TOI-1136 f,TOI-1136,Transit,2022,9.7,,26.321,658.0,5770.0,1.022,84.5362
TOI-1136 g,TOI-1136,Transit,2022,5.6,,39.545,574.0,5770.0,1.022,84.5362
TOI-1899 b,TOI-1899,Transit,2020,212.94503269,11.09689089,29.090312,378.0,3926.0,0.632,128.438
PH2 b,PH2,Transit,2013,87.08498352,9.33708092,282.52542,295.1,5734.0,0.966,343.863
WASP-147 b,WASP-147,Transit,2018,87.40325,12.498035,4.60273,1404.0,5702.0,1.044,436.098
Kepler-279 c,Kepler-279,Transit,2013,49.4,4.3,35.736,,,1.1,1037.4
TAP 26 b,TAP 26,Radial Velocity,2017,527.5978,,10.79,,4620.0,1.04,121.402
Kepler-1471 c,Kepler-1471,Transit,2023,,1.88,11.6044881,841.0,5533.0,0.934,978.678
Kepler-164 d,Kepler-164,Transit,2014,,2.45,28.986769,,5888.0,,890.758
Kepler-257 c,Kepler-257,Transit,2014,,5.41,6.581484,,5180.0,,780.256
K2-365 b,K2-365,Transit,2022,,2.906,23.448172,,5561.0,0.823,187.222
Kepler-1197 b,Kepler-1197,Transit,2016,,1.25,2.03231845,,4708.0,0.78,486.94
HAT-P-5 b,HAT-P-5,Transit,2007,311.4734,13.56289,2.78849,,5960.0,1.04,303.336
HAT-P-6 b,HAT-P-6,Transit,2007,419.5356,16.58932,3.85298,,6570.0,1.79,275.358
WASP-3 b,WASP-3,Transit,2007,772.3269,15.91678,1.84683,,6400.0,1.62,231.161
WASP-62 b,WASP-62,Transit,2012,165.2716,14.79588,4.41195,,6230.0,1.11,175.631
WASP-72 b,WASP-72,Transit,2012,731.009,14.45961,2.21673,,6250.0,2.78,434.754
K2-25 b,K2-25,Transit,2015,24.5,3.44,3.48456408,494.0,3207.0,0.2634,44.9565
COCONUTS-2 b,COCONUTS-2 A,Imaging,2021,2383.7130525,12.57647635,,493.0,3552.0,0.4,10.8864
XO-3 b,XO-3,Transit,2007,4217.58296089,14.79585452,3.19152309,1890.0,6970.0,1.449,213.053
HAT-P-38 b,HAT-P-38,Transit,2012,84.857,9.247,4.640382,1082.0,5330.0,0.886,255.206
WASP-7 b,WASP-7,Transit,2008,305.1168,14.90797,4.9546416,1487.0,6400.0,1.276,162.303
TOI-4087 b,TOI-4087,Transit,2023,232.01473711,13.04725353,3.1774835,1458.0,6060.0,1.178,301.676
Kepler-446 d,Kepler-446,Transit,2015,,1.35,5.148921,,3359.0,0.22,96.339
K2-223 b,K2-223,Transit,2018,,0.89,0.50557,,5859.0,,198.604
KELT-3 b,KELT-3,Transit,2013,616.5902,17.48604,2.70339,,6304.0,1.96,210.252
HD 213519 b,HD 213519,Radial Velocity,2022,9.2170238,,11.12214,,,1.05,41.0014
TOI-1898 b,TOI-1898,Transit,2024,129.0,9.39553231,45.52234,674.54,6241.0,1.2484,79.6682
TOI-375 b,TOI-375,Transit,2026,236.78216321,10.77183045,9.45469,1373.0,5259.9,1.441,396.213
Kepler-853 b,Kepler-853,Transit,2016,,1.69,7.16892463,,6350.0,1.3,568.676
TOI-238 c,TOI-238,Radial Velocity,2024,6.7,2.18,8.465651,696.0,5059.0,0.79,80.5407
K2-124 b,K2-124,Transit,2017,,2.9,6.413651,442.0,3570.0,0.39,140.385
WASP-56 b,WASP-56,Transit,2012,143.0235,10.53646,4.6171,,5600.0,0.71,321.084
TOI-4578 b,TOI-4578,Transit,2026,,2.26974262,8.62392630369,,5951.32,,182.249
K2-413 b,K2-413,Transit,2022,,0.7599,0.8094,,4116.0,0.808,285.162
TOI-3593 b,TOI-3593,Transit,2025,565.73456446,11.02963701,3.8212867,1170.0,5550.0,1.015,226.63
HD 100777 b,HD 100777,Radial Velocity,2007,390.92894061,,383.0,,,1.08,49.5336
Kepler-1377 b,Kepler-1377,Transit,2016,,1.25,0.740928422,,5218.0,0.86,1146.1
OGLE-2011-BLG-0173L b,OGLE-2011-BLG-0173L,Microlensing,2018,60.0,,,,,0.41,6100.0
Kepler-722 b,Kepler-722,Transit,2016,,2.63,4.093573252,,5863.0,1.03,1239.5
KELT-1 b,KELT-1,Transit,2012,8654.15,12.442,1.217514,,6516.0,1.335,268.43
Kepler-110 b,Kepler-110,Transit,2014,,1.83,12.691112,,5960.0,,586.531
Kepler-1593 b,Kepler-1593,Transit,2016,,3.17,174.509835,,4995.0,0.81,638.249
Kepler-1750 b,Kepler-1750,Transit,2021,,6.00434637,205.9120026,,5644.0,0.981,1497.33
WASP-37 b,WASP-37,Transit,2010,572.07,13.002,3.577469,,5800.0,0.925,392.791
Kepler-335 c,Kepler-335,Transit,2014,,3.07,67.844469,,5877.0,,1278.97
TOI-261.01,TOI-261,Transit,2021,,3.0449863,3.3639254,1722.49,5890.3,0.496728,114.495
WASP-46 b,WASP-46,Transit,2011,607.0553,13.159366,1.43036763,1636.0,5600.0,0.828,375.31
Kepler-1594 b,Kepler-1594,Transit,2016,,1.06,2.71603809,,5946.0,1.06,976.868
Kepler-1507 b,Kepler-1507,Transit,2016,,0.84,16.0506213,,5410.0,0.89,320.478
TOI-237 c,TOI-237,Transit,2026,,1.206,1.74486147,515.0,3226.0,0.1698,38.0749
Kepler-516 b,Kepler-516,Transit,2016,,5.74,24.85462415,,7099.0,1.62,687.094
KIC 10001893 d,KIC 10001893,Orbital Brightness Modulation,2014,,,0.81161,,27500.0,,1672.94
Kepler-1685 b,Kepler-1685,Transit,2020,,2.57673985,20.4905,,5484.0,0.96,1141.89
Kepler-1906 b,Kepler-1906,Transit,2021,,2.77615754,7.362689972,,5868.0,0.987,1360.63
PSR B1257+12 b,PSR B1257+12,Pulsar Timing,1994,0.02,,25.262,,,1.4,600.0
K2-266 c,K2-266,Transit,2018,0.29013072,0.705,7.814,664.5,4285.0,0.686,77.5586
Kepler-406 b,Kepler-406,Transit,2014,6.35,1.43,2.42629,,5538.0,1.07,364.03
Kepler-919 b,Kepler-919,Transit,2016,,2.25,11.04603384,,6113.0,1.15,1119.87
Kepler-1215 b,Kepler-1215,Transit,2016,,1.22,4.76703963,,5616.0,0.95,661.022
Kepler-952 b,Kepler-952,Transit,2016,,7.65,130.3546919,,5730.0,1.0,1304.25
Kepler-434 b,Kepler-434,Transit,2015,908.96,12.67,12.8747099,1000.0,5977.0,1.198,1222.54
K2-121 b,K2-121,Transit,2017,51.0,7.16,5.185738,716.0,4526.0,0.71,169.398
HD 69830 b,HD 69830,Radial Velocity,2006,10.2,,8.667,,5385.0,0.86,12.5591
Kepler-474 b,Kepler-474,Transit,2016,,3.06,5.660672935,,5785.0,0.99,841.496
Kepler-1694 b,Kepler-1694,Transit,2020,,1.17986031,3.89526,,4954.0,0.82,513.329
HD 62364 c,HD 62364,Radial Velocity,2022,7923.46218651,,74839.94555,,,1.19,53.112
K2-70 b,K2-70,Transit,2016,,2.89,13.97896,,5622.0,0.94,232.964
Kepler-514 b,Kepler-514,Transit,2016,,1.72,5.65179605,,6106.0,1.28,455.336
Kepler-647 b,Kepler-647,Transit,2016,,1.17,16.2254649,,6020.0,1.03,1087.87
HD 73267 b,HD 73267,Radial Velocity,2008,1321.53051631,,1257.99159,,,0.93,50.4093
bet UMi b,bet UMi,Radial Velocity,2014,1938.7,,522.3,,4126.0,1.4,38.77472
Kepler-334 d,Kepler-334,Transit,2014,,1.41,25.09849,,5828.0,,426.59
Kepler-686 b,Kepler-686,Transit,2016,,12.15,1.594745463,,5649.0,0.94,1490.94
Kepler-276 b,Kepler-276,Transit,2014,,2.87,14.12841,,6105.0,,1144.86
HD 217786 b,HD 217786,Radial Velocity,2011,4402.55909376,,1301.36009,,,1.14,55.4847
omi CrB b,omi CrB,Radial Velocity,2012,355.96781584,,187.01,,4769.0,1.3,84.7883
Kepler-1013 b,Kepler-1013,Transit,2016,,2.15,18.93054959,,4954.0,0.81,422.246
KMT-2021-BLG-0192L b,KMT-2021-BLG-0192L,Microlensing,2022,34.96112477,,,,,0.27,5120.0
Kepler-155 b,Kepler-155,Transit,2014,,2.09,5.931194,,4508.0,,293.499
Kepler-1222 b,Kepler-1222,Transit,2016,,0.79,1.916944254,,5239.0,0.84,415.218
Kepler-176 d,Kepler-176,Transit,2014,,2.51,25.751974,,5232.0,,527.321
MOA-2007-BLG-192L b,MOA-2007-BLG-192L,Microlensing,2008,12.49,,,,,0.28,2160.0
Kepler-906 b,Kepler-906,Transit,2016,,2.11,41.6979976,,6035.0,1.06,757.791
Kepler-444 b,Kepler-444,Transit,2015,,0.403,3.6001053,,5046.0,0.758,36.4396
HATS-51 b,HATS-51,Transit,2017,244.09344,15.80469,3.3488702,1553.0,5758.0,1.187,389.57
Kepler-1852 b,Kepler-1852,Transit,2021,,1.88610592,7.970940113,,5237.0,0.927,772.481
Kepler-354 d,Kepler-354,Transit,2014,,1.24,24.209842,,4648.0,,554.064
Kepler-1302 b,Kepler-1302,Transit,2016,,1.43,8.83922659,,5236.0,0.86,634.58
Kepler-174 b,Kepler-174,Transit,2014,,1.96,13.98179,,4880.0,,384.757
Kepler-1636 b,Kepler-1636,Transit,2016,,3.23,425.47785,,5797.0,1.01,1947.54
Kepler-432 c,Kepler-432,Radial Velocity,2015,772.3269,,406.2,,4995.0,1.32,848.023
WASP-145 A b,WASP-145 A,Transit,2018,282.8687,10.0881,1.7690381,1200.0,4900.0,0.76,91.299
GJ 273 c,GJ 273,Radial Velocity,2017,1.18,,4.7234,,3382.0,0.29,5.921535
Kepler-1921 c,Kepler-1921,Transit,2023,,1.41,3.15722086,1791.0,6120.0,1.251,928.989
NGTS-25 b,NGTS-25,Transit,2022,203.09235207,11.46678726,2.823093,1101.0,5321.0,0.91,521.233
Kepler-752 b,Kepler-752,Transit,2016,,2.81,18.82747265,,5373.0,0.87,1232.29
Kepler-126 b,Kepler-126,Transit,2014,,1.52,10.495711,,6239.0,,237.401
MOA-2011-BLG-322L b,MOA-2011-BLG-322L,Microlensing,2013,3690.0,,,,,0.39,7560.0
HD 196050 b,HD 196050,Radial Velocity,2002,1493.7935129,,1392.0,,,1.27,50.6742
GJ 887 c,GJ 887,Radial Velocity,2020,6.5,,21.784,320.0,3688.0,0.495,3.28679
HD 290327 b,HD 290327,Radial Velocity,2009,772.3269,,2443.0,,5505.0,0.84,56.433
TOI-1634 c,TOI-1634,Radial Velocity,2022,,,103.0,,3472.0,0.451,35.2736
HATS-77 b,HATS-77,Transit,2021,436.69623122,13.05846252,3.0876262,828.3,4071.0,0.655,436.176
GJ 676 A b,GJ 676 A,Radial Velocity,2010,1840.86213334,,1051.44521,,,0.626,16.0272
TOI-1266 b,TOI-1266,Transit,2020,4.46,2.52,10.8945,415.0,3563.0,0.437,36.0118
Kepler-350 c,Kepler-350,Transit,2013,6.1,3.1,17.849,,,1.0,956.859
Kepler-400 c,Kepler-400,Transit,2014,,1.49,17.340824,,5886.0,,845.97
WASP-89 b,WASP-89,Transit,2015,1875.197,11.65736,3.3564227,1120.0,5130.0,0.92,290.946
Kepler-97 c,Kepler-97,Radial Velocity,2014,344.0,,789.0,,5779.0,0.94,400.907
Kepler-328 c,Kepler-328,Transit,2013,39.4,5.4,71.312,,,1.15,2213.19
K2-339 b,K2-339,Transit,2021,,1.92,19.507428,508.0,4857.0,0.74,360.36
MOA-2010-BLG-117L b,MOA-2010-BLG-117L,Microlensing,2018,170.0,,,,,0.58,3500.0
TOI-4734 b,TOI-4734,Transit,2025,61.65871096,10.9175472,6.235633,1468.0,6070.0,1.391,563.068
TOI-1248 b,TOI-1248,Transit,2024,27.4,6.8084859,4.3601561,952.09,5205.0,0.9042,168.735
Qatar-9 b,Qatar-9,Transit,2019,378.2177,11.309881,1.540731,1134.0,4309.0,0.719,213.771
K2-65 b,K2-65,Transit,2016,,1.58,12.6475,,5213.0,0.87,
TOI-2184 b,TOI-2184,Transit,2022,206.58846455,11.39953337,6.90683,,5966.0,1.53,788.317
Kepler-987 b,Kepler-987,Transit,2016,,3.26,105.3033148,,5637.0,0.97,914.126
Kepler-1715 b,Kepler-1715,Transit,2021,,4.14042267,35.59730148,,6212.0,1.082,522.605
K2-99 c,K2-99,Radial Velocity,2022,2669.7586188,,522.2,390.0,6069.0,1.44,519.229
Kepler-702 b,Kepler-702,Transit,2016,,9.17,10.526294063,,5419.0,0.9,992.071
HD 22496 b,HD 22496,Radial Velocity,2021,5.57,,5.09071,573.0,4385.0,0.684,13.5956
HD 94890 c,HD 94890,Radial Velocity,2025,2831.85110637,,2492.19,,4867.0,1.74,61.7012
K2-273 b,K2-273,Transit,2018,,3.05,11.7195663,849.0,5161.0,0.89,308.105
HD 128311 c,HD 128311,Radial Velocity,2005,1204.25787,,921.538,,,0.828,16.3292
TOI-159 b,TOI-159,Transit,2026,1110.0,18.18,3.7628396,1891.0,7287.0,1.661,347.593
Kepler-169 e,Kepler-169,Transit,2014,,2.2,13.767102,,4997.0,,406.529
K2-55 b,K2-55,Transit,2016,44.0,4.43,2.849271,900.0,4300.0,0.688,159.522
TOI-2368 b,TOI-2368,Transit,2024,206.58846455,10.83908434,5.1750073,1000.0,5360.0,0.897,210.915
HD 75302 b,HD 75302,Radial Velocity,2023,1716.2733978,,4356.0,,,1.06,30.3288
Kepler-915 b,Kepler-915,Transit,2016,,1.5,4.59489604,,6173.0,1.21,849.036
KOI-984 c,KOI-984,Transit Timing Variations,2022,209.8,,21.512,597.0,5295.0,0.928,252.667
Kepler-1912 b,Kepler-1912,Transit,2021,,1.35670508,6.059219837,,5734.0,0.977,297.017
Kepler-206 d,Kepler-206,Transit,2014,,1.19,23.44281,,5764.0,,594.447
HIP 94235 b,HIP 94235,Transit,2022,379.0,3.0,7.713057,1060.0,5991.0,1.094,58.5146
Kepler-557 b,Kepler-557,Transit,2016,,2.67,3.705989551,,6068.0,1.11,2097.12
Kepler-763 d,Kepler-763,Transit,2023,,1.67,6.50327035,804.0,4999.0,0.8,962.459
HD 69830 d,HD 69830,Radial Velocity,2006,18.1,,197.0,,5385.0,0.86,12.5591
BD+49 828 b,BD+49 828,Radial Velocity,2015,508.5,,2590.0,,4943.0,1.52,442.042
Kepler-397 b,Kepler-397,Transit,2014,,2.46,22.250949,,5307.0,,
Gaia22dkvL b,Gaia22dkvL,Microlensing,2024,187.83658854,,,,,1.145,1270.0
Kepler-165 c,Kepler-165,Transit,2014,,2.23,15.31299,,5211.0,,560.885
Kepler-187 b,Kepler-187,Transit,2014,,1.41,4.938864,,6105.0,,1143.0
Kepler-964 b,Kepler-964,Transit,2016,,2.12,13.5225106,,5427.0,0.93,454.626
GJ 317 c,GJ 317,Radial Velocity,2016,454.49462201,,6500.0,,3496.0,0.402,15.1968
Kepler-1064 b,Kepler-1064,Transit,2016,,1.55,16.54080322,,5153.0,0.85,
K2-62 c,K2-62,Transit,2016,,1.99,16.19697,495.0,4455.0,0.67,112.467
Kepler-615 b,Kepler-615,Transit,2016,,1.74,10.35584657,,4655.0,0.73,
OGLE-2017-BLG-0373L b,OGLE-2017-BLG-0373L,Microlensing,2018,127.0,,,,,0.248,5915.0
HIP 107773 b,HIP 107773,Radial Velocity,2015,629.3034,,144.3,,4945.0,2.42,105.18
TIC 349520724 b,TIC 349520724,Transit,2026,,2.82626313,7.94044635021,,5098.6,,241.105
HD 13724 c,HD 13724,Radial Velocity,2022,50.85254512,,142.22895,,,1.004,43.465
Kepler-426 b,Kepler-426,Transit,2014,108.06,12.22,3.21751883,1300.0,5725.0,0.91,843.695
Kepler-545 b,Kepler-545,Transit,2016,,2.69,13.24934059,,5882.0,1.04,818.001
TOI-1438 b,TOI-1438,Transit,2025,9.4,3.04,5.13967,971.0,5230.0,0.876,110.513
K2-146 c,K2-146,Transit,2019,7.49,2.19,4.00498,,3385.0,0.331,79.3002
TOI-3568 b,TOI-3568,Transit,2024,26.4,5.3,4.417965,899.0,4969.0,0.78,197.906
WASP-5 b,WASP-5,Transit,2008,502.15,12.184,1.6284279,1706.0,5700.0,0.96,309.137
TOI-4638.01,TOI-4638,Transit,2024,,2.933,10.283918787,,5700.0,1.02,168.248
Kepler-24 c,Kepler-24,Transit,2011,9.99,2.514,12.33,,6028.0,1.06,1156.81
NGTS-4 b,NGTS-4,Transit,2019,20.6,3.18,1.3373508,1650.0,5143.0,0.75,280.555
Kepler-134 c,Kepler-134,Transit,2014,,1.26,10.105785,,5983.0,,334.797
Kepler-105 c,Kepler-105,Transit,2014,5.6,1.44,7.12592,,5933.0,0.991,459.223
Kepler-115 b,Kepler-115,Transit,2014,,1.09,2.403679,,5979.0,,623.609
CWISEP J193518.59-154620.3 b,CWISEP J193518.59-154620.3,Imaging,2025,4926.3403085,,,390.0,,0.024,14.43
Kepler-726 b,Kepler-726,Transit,2016,,3.26,21.80451088,,5452.0,0.88,762.081
Kepler-1409 b,Kepler-1409,Transit,2016,,1.04,0.764864926,,5160.0,0.83,694.89
Kepler-296 c,Kepler-296,Transit,2014,,2.0,5.8416366,,3740.0,0.498,
K2-291 b,K2-291,Transit,2019,6.49,1.589,2.225177,,5520.0,0.934,90.0562
Kepler-284 c,Kepler-284,Transit,2014,,2.61,37.514456,,5615.0,,1031.95
Kepler-1979 b,Kepler-1979,Transit,2023,,29.33,18.5084526,683.0,5942.0,1.028,1076.27
Kepler-213 c,Kepler-213,Transit,2014,,2.34,4.822962,,5696.0,,634.939
HATS-44 b,HATS-44,Transit,2018,177.9848,11.960003,2.7439004,1161.0,5080.0,0.86,446.035
K2-21 c,K2-21,Transit,2015,,2.49,15.50192,,4222.06,0.676023,83.6448
Kepler-1181 c,Kepler-1181,Transit,2023,,1.83,8.93484887,1124.0,6688.0,1.336,938.417
Kepler-202 b,Kepler-202,Transit,2014,,1.63,4.069427,,4668.0,,285.111
K2-57 b,K2-57,Transit,2016,,2.30905002,9.0073,635.8,4413.0,0.699,264.213
Kepler-366 c,Kepler-366,Transit,2014,,1.79,12.51616,,6209.0,,1856.28
HD 67087 c,HD 67087,Radial Velocity,2015,1540.0,,2374.0,,6330.0,1.36,76.5217
Kepler-323 b,Kepler-323,Transit,2014,3.9,1.381,1.678328,1838.0,6004.0,1.015,454.883
K2-268 e,K2-268,Transit,2021,,1.33,6.131243,801.0,5106.0,0.84,327.783
TIC 445839811 b,TIC 445839811,Transit,2026,,2.47771211,11.1086260318,,5408.25,,235.655
Kepler-85 e,Kepler-85,Transit,2014,,1.27,25.216751,,5436.0,,765.025
Kepler-8 b,Kepler-8,Transit,2010,187.5197,15.871944,3.5224991,1680.0,6213.0,1.213,1021.87
Kepler-1144 b,Kepler-1144,Transit,2016,,1.99,17.14647302,,5753.0,0.98,1140.57
Qatar-4 b,Qatar-4,Transit,2017,1938.763,12.722215,1.8053564,1385.0,5215.0,0.896,329.036
Kepler-310 c,Kepler-310,Transit,2014,,3.38,56.47542,,5797.0,,602.268
Kepler-982 b,Kepler-982,Transit,2016,,2.25,15.7738221,,6139.0,1.16,801.479
Kepler-168 c,Kepler-168,Transit,2014,,2.69,13.193242,,6282.0,,1343.6
Kepler-250 d,Kepler-250,Transit,2014,,2.18,17.648312,,5160.0,,760.585
TOI-163 b,TOI-163,Transit,2019,387.7526,16.690201,4.231306,1669.0,6495.0,1.4352,411.719
TOI-3693 b,TOI-3693,Transit,2022,324.18497514,12.59889431,9.088516,801.0,5321.0,0.867,176.436
Kepler-106 b,Kepler-106,Transit,2014,5.3,0.82,6.16486,,5858.0,1.0,444.322
MOA-2015-BLG-337L b,MOA-2015-BLG-337L,Microlensing,2018,33.7,,,,,0.0094,7100.0
Kepler-332 b,Kepler-332,Transit,2014,,1.17,7.626324,,4955.0,,344.19
Kepler-305 b,Kepler-305,Transit,2013,10.5,3.6,5.487,,,0.76,868.477
HD 212301 b,HD 212301,Radial Velocity,2005,162.0933,,2.24571,,6239.0,1.55,54.2304
KMT-2022-BLG-2076L b,KMT-2022-BLG-2076L,Microlensing,2025,279.68899816,,,,,0.67,5570.0
Kepler-1320 b,Kepler-1320,Transit,2016,,1.7,0.868386528,,4817.0,0.8,647.424
BD+48 738 b,BD+48 738,Radial Velocity,2011,289.2253,,392.6,,4414.0,0.74,871.493
Kepler-860 b,Kepler-860,Transit,2016,,3.24,5.101379454,,5836.0,1.04,1056.36
HATS-43 b,HATS-43,Transit,2018,82.95363,13.22662,4.3888497,1003.0,5099.0,0.837,362.273
HD 11505 b,HD 11505,Radial Velocity,2022,2510.52658689,,32669.22247,,,1.03,38.9679
K2-389 c,K2-389,Transit,2022,,2.04,20.851337,,5782.0,0.802,259.208
TOI-7384 b,TOI-7384,Transit,2026,,3.56,6.2340258,378.0,3185.0,0.318,66.7902
Kepler-124 c,Kepler-124,Transit,2014,,1.75,13.821375,,4984.0,,420.046
Kepler-1010 b,Kepler-1010,Transit,2016,,2.32,34.2685705,,5253.0,0.86,579.273
Wolf 327 b,Wolf 327,Transit,2024,2.53,1.24,0.5734745,996.0,3542.0,0.405,28.5321
Kepler-1336 b,Kepler-1336,Transit,2016,,1.98,23.198681,,5512.0,0.94,1126.64
HD 118203 b,HD 118203,Radial Velocity,2005,680.15279098,12.778238,6.1349779,1361.0,5742.0,1.27,92.2589
Kepler-1824 b,Kepler-1824,Transit,2021,,2.38127597,95.61100006,,6002.0,1.135,1040.1
Kepler-1183 b,Kepler-1183,Transit,2016,,2.82,28.5057189,,5765.0,1.0,1919.19
TOI-4465 b,TOI-4465,Transit,2025,1872.00931723,14.01122587,101.94054,427.0,5545.0,0.93,121.139
Kepler-479 b,Kepler-479,Transit,2016,,2.12,12.49341307,,5247.0,0.86,344.901
Kepler-133 b,Kepler-133,Transit,2014,,1.76,8.129976,,5736.0,,653.6
Kepler-222 b,Kepler-222,Transit,2014,,3.16,3.936981,,5433.0,,758.854
XO-5 b,XO-5,Transit,2008,378.2,12.78,4.1877558,1230.0,5430.0,1.04,276.211
TOI-4504 b,TOI-4504,Transit,2024,,2.691,2.42614,,5315.0,0.89,342.605
Kepler-279 d,Kepler-279,Transit,2013,37.5,3.1,54.414,,,1.1,1037.4
TOI-1452 b,TOI-1452,Transit,2022,4.82,1.672,11.06201,326.0,3185.0,0.249,30.5212
Kepler-1154 c,Kepler-1154,Transit,2016,,2.36,8.45808312,,6327.0,1.26,1460.1
Kepler-269 b,Kepler-269,Transit,2014,,2.47,5.326718,,5847.0,,2257.32
HD 99492 c,HD 99492,Radial Velocity,2023,17.9,,95.233,,4929.0,0.85,18.2038
TOI-1728 b,TOI-1728,Transit,2020,26.78,5.05,3.49151,767.0,3980.0,0.646,60.798
HD 221287 b,HD 221287,Radial Velocity,2007,982.05,,456.1,,6304.0,1.25,55.9231
K2-147 b,K2-147,Transit,2018,,1.47286006,0.961939,1077.0,3690.0,0.563,90.5494
TOI-251 b,TOI-251,Transit,2021,317.83,2.74,4.93777,,5875.0,1.036,99.523
Kepler-152 b,Kepler-152,Transit,2014,,2.79,18.207973,,5088.0,,441.09
TOI-1268 b,TOI-1268,Transit,2022,96.4,9.1,8.1577094,918.9,5300.0,0.96,109.557
K2-11 b,K2-11,Transit,2015,,7.55,39.93767,734.0,5433.0,1.35,329.309
Kepler-1456 b,Kepler-1456,Transit,2016,,1.14,18.1373829,,4231.0,0.64,370.312
HD 134060 c,HD 134060,Radial Velocity,2019,29.29,,1291.5646,,5966.0,1.095,24.0125
Kepler-248 b,Kepler-248,Transit,2014,,3.02,6.308205,,5190.0,,738.792
Kepler-55 d,Kepler-55,Transit,2014,,1.59,2.211099,,4503.0,,578.796
Kepler-1747 b,Kepler-1747,Transit,2021,,4.26508,6.230319977,,5477.0,0.983,1321.38
OGLE-2018-BLG-1126L b,OGLE-2018-BLG-1126L,Microlensing,2022,17.79839079,,,,,0.69,5700.0
Kepler-1306 b,Kepler-1306,Transit,2016,,1.91,16.29595382,,5727.0,0.98,1107.5
Kepler-1349 b,Kepler-1349,Transit,2016,,0.7,2.12823928,,6086.0,1.16,276.323
G 264-012 c,G 264-012,Radial Velocity,2021,3.75,,8.0518,387.0,3326.0,0.297,16.009
HD 21520 b,HD 21520,Transit,2024,17.7,2.697,25.1292,637.0,5871.0,1.09,79.208
Kepler-690 b,Kepler-690,Transit,2016,,5.95,7.748094374,,5913.0,1.11,1665.31
TOI-2654 b,TOI-2654,Transit,2026,,7.94454164,2.96760425926,,4594.08,,248.964
Kepler-166 b,Kepler-166,Transit,2014,,2.27,7.650254,,5413.0,,603.53
HATS-58 A b,HATS-58 A,Transit,2019,327.3649,12.273855,4.2180896,1721.0,7175.0,1.461,403.591
Kepler-30 c,Kepler-30,Transit,2012,640.0,12.3,60.323105,,5498.0,0.99,914.221
HD 13908 c,HD 13908,Radial Velocity,2013,1630.4,,931.0,,6255.0,1.29,79.5515
K2-3 b,K2-3,Transit,2015,5.11,2.078,10.0546535,501.3,3844.0,0.549,44.0727
Kepler-1898 b,Kepler-1898,Transit,2021,,0.93353523,4.765620232,,5702.0,0.837,360.921
K2-244 b,K2-244,Transit,2018,,1.75,21.06884,638.0,5677.0,0.86,212.902
TOI-4495 c,TOI-4495,Transit,2024,23.2,4.03,5.18553,1365.0,6210.0,1.247,132.214
K2-341 b,K2-341,Transit,2021,,3.21,36.552551,598.0,5817.0,0.98,421.408
HD 219134 h,HD 219134,Radial Velocity,2015,108.0622,,2247.0,,4913.0,0.794,6.53127
Kepler-600 b,Kepler-600,Transit,2016,,2.9,23.67517607,,5279.0,0.84,619.723
Kepler-1121 b,Kepler-1121,Transit,2016,,1.91,13.15141081,,6231.0,1.29,482.047
K2-24 c,K2-24,Transit,2016,15.4,7.5,42.3391,,5625.0,1.07,170.562
KOI-1257 b,KOI-1257,Transit,2014,460.83,10.54,86.647661,511.0,5520.0,0.99,
Kepler-634 b,Kepler-634,Transit,2016,,1.89,5.16950177,,6075.0,1.03,888.027
OGLE-2014-BLG-0124L b,OGLE-2014-BLG-0124L,Microlensing,2015,206.58846455,,,,,0.9,3500.0
NGTS-17 b,NGTS-17,Transit,2021,242.82090295,13.89913607,3.24253,1457.0,5650.0,1.025,1040.28
Kepler-182 b,Kepler-182,Transit,2014,,2.58,9.825792,,6250.0,,1549.09
KMT-2024-BLG-1281L b,KMT-2024-BLG-1281L,Microlensing,2025,19.06970442,,,,,0.32,7180.0
K2-138 b,K2-138,Transit,2017,3.1,1.51,2.35309,,5356.3,0.935,202.585
Kepler-443 b,Kepler-443,Transit,2015,,2.33,177.6693,,4723.0,0.738,802.271
Kepler-1626 b,Kepler-1626,Transit,2016,,2.02,4.13962966,,6826.0,1.51,1368.83
WASP-133 b,WASP-133,Transit,2016,368.6828,13.56289,2.176423,1790.0,5700.0,1.16,559.084
KELT-15 b,KELT-15,Transit,2016,416.3573,19.50366,3.32944,,6003.0,2.06,324.683
TOI-5292 A b,TOI-5292 A,Transit,2026,412.85910069,12.64373023,2.02191,809.0,3919.0,0.596,337.095
Kepler-458 c,KIC 9663113,Transit,2016,,4.2,20.74028413,,6117.21,1.15,1594.74
Kepler-1702 b,Kepler-1702,Transit,2020,,1.60190793,18.5012,,5093.0,0.85,857.14
K2-131 b,K2-131,Transit,2017,7.9,1.69,0.3693038,2223.0,5120.0,0.803,152.509
Kepler-1266 b,Kepler-1266,Transit,2016,,2.58,28.474748,,5044.0,0.8,849.312
HD 30177 b,HD 30177,Radial Velocity,2002,2622.08435775,,2539.0,,5680.0,0.98,55.5867
HD 30177 c,HD 30177,Radial Velocity,2016,1484.25866069,,11320.0,,5680.0,0.98,55.5867
HIP 10090 b,HIP 10090,Radial Velocity,2026,1229.99593509,,2960.0,,5661.0,0.94,82.3937
KMT-2023-BLG-1592L b,KMT-2023-BLG-1592L,Microlensing,2026,184.34047606,,,,,0.55,7200.0
TOI-1710 b,TOI-1710,Transit,2022,13.2,5.258,24.28336,,,,81.2271
eps Eri b,eps Eri,Radial Velocity,2000,317.828407,,2680.0,,,0.82,3.2026
HD 127195 c,HD 127195,Radial Velocity,2026,206.58846455,,836.99,,4981.0,1.34,84.7167
TOI-3664 b,TOI-3664,Transit,2026,114.41822652,13.69737442,3.2974839,1232.0,5593.0,0.98,464.748
TOI-4034 b,TOI-4034,Transit,2026,276.51071409,17.71018951,1.8020932,1907.0,5891.0,1.19,745.145
TOI-6564 b,TOI-6564,Transit,2026,222.16205649,16.39873876,3.985413,1445.0,5943.0,1.18,191.372
Kepler-33 c,Kepler-33,Transit,2011,,3.2,13.17562,,5904.0,1.291,1209.16
KMT-2021-BLG-0712L b,KMT-2021-BLG-0712L,Microlensing,2023,38.19,,,,,0.22,3090.0
HAT-P-35 b,HAT-P-35,Transit,2011,335.62848,14.930388,3.646706,,6096.0,1.236,506.965
eps Ind A b,eps Ind A,Radial Velocity,2019,2065.8846455,,25450.0,,4700.0,0.8,3.63857
K2-136 b,K2-136,Transit,2017,4.3,1.014,7.97525,610.0,4500.0,0.742,59.2474
K2-136 c,K2-136,Transit,2017,18.1,3.0,17.30723,470.0,4500.0,0.742,59.2474
K2-136 d,K2-136,Transit,2017,3.0,1.565,25.575,420.0,4500.0,0.742,59.2474
HD 75289 b,HD 75289,Radial Velocity,1999,155.7367,,3.50927,,6117.0,1.29,29.1158
Kepler-1865 b,Kepler-1865,Transit,2021,,1.57686072,2.524009943,,5420.0,0.849,922.255
Kepler-55 e,Kepler-55,Transit,2014,,1.55,4.617534,,4503.0,,578.796
Kepler-1683 b,Kepler-1683,Transit,2020,,1.87477762,15.0337,,5429.0,0.95,733.143
GJ 581 b,GJ 581,Radial Velocity,2005,20.5,,5.3686,,3500.0,0.295,6.2981
Kepler-31 d,Kepler-31,Transit,2014,2161.244,3.9,87.6451,,6340.0,1.21,1664.64
Kepler-109 c,Kepler-109,Transit,2014,8.2,2.65,21.22265,859.0,5950.0,1.094,474.861
Kepler-1397 b,Kepler-1397,Transit,2016,,1.72,47.449955,,6026.0,1.09,1198.25
HD 134606 c,HD 134606,Radial Velocity,2024,11.31,,58.883,,5576.0,1.046,26.7909
WTS-2 b,WTS-2,Transit,2014,355.9696,15.277867,1.0187068,2000.0,5000.0,0.82,
Kepler-607 c,Kepler-607,Transit,2021,,2.76001201,39.67679977,,5244.0,0.808,519.122
Kepler-1284 b,Kepler-1284,Transit,2016,,1.21,0.664073806,,5123.0,0.84,882.324
HAT-P-44 b,HAT-P-44,Transit,2014,111.871,13.922,4.301219,1108.0,5295.0,0.942,347.85
Kepler-780 b,Kepler-780,Transit,2016,,0.89,0.677375164,,5769.0,1.01,557.652
K2-75 b,K2-75,Transit,2016,,2.67,7.8142,,5995.0,1.16,561.93
K2-184 b,K2-184,Transit,2018,,1.47,16.9780102,533.0,5245.0,0.84,75.5857
Kepler-1026 b,Kepler-1026,Transit,2016,,2.21,36.5156053,,4948.0,0.79,351.239
HD 104985 b,HD 104985,Radial Velocity,2003,1766.80811451,,199.68,,4738.0,1.22,100.576
OGLE-2017-BLG-1522L b,OGLE-2017-BLG-1522L,Microlensing,2018,240.0,,,,,0.045,7490.0
Kepler-41 b,Kepler-41,Transit,2011,177.98,14.46,1.8555582,1790.0,5750.0,1.15,1093.08
Kepler-816 b,Kepler-816,Transit,2016,,10.24,10.506825646,,5286.0,0.9,983.697
TOI-663 d,TOI-663,Transit,2024,5.2,1.92,7.1027268,482.0,3681.0,0.514,64.2308
GJ 328 b,GJ 328,Radial Velocity,2013,797.74930157,,3771.0,,3897.0,0.65,20.5266
PSR B1257+12 d,PSR B1257+12,Pulsar Timing,1992,3.9,,98.2114,,,1.4,600.0
Kepler-500 b,Kepler-500,Transit,2016,,2.58,8.508324398,,5813.0,1.02,807.48
K2-391 b,K2-391,Transit,2022,,1.371,4.622654,,5543.0,0.757,507.94
TOI-1117 b,TOI-1117,Transit,2025,8.9,2.46,2.22816,1538.0,5635.0,0.97,167.598
Kepler-198 d,Kepler-198,Transit,2016,,1.53,1.31184443,,5636.0,0.97,495.358
TOI-3486 b,TOI-3486,Transit,2025,99.16246298,10.5700688,2.21778105,1190.0,4930.0,0.837,154.715
K2-216 b,K2-216,Transit,2018,8.0,1.75,2.1748,1103.0,4503.0,0.7,115.461
G 192-15 b,G 192-15,Radial Velocity,2025,1.03,,2.27476,453.6,,0.132,9.53114
K2-368 d,K2-368,Transit,2022,,1.948,20.201085,,4663.0,0.746,206.608
HD 98649 b,HD 98649,Radial Velocity,2012,3082.9355479,,5384.0,,,0.97,42.1727
Kepler-327 d,Kepler-327,Transit,2014,,1.73,13.969457,,3799.0,,241.987
OGLE-2016-BLG-0613L AB b,OGLE-2016-BLG-0613L AB,Microlensing,2017,1330.0,,,,,0.72,3410.0
TOI-1453 c,TOI-1453,Transit,2025,2.95,2.224,6.5886982,819.8,4975.0,0.715,78.7415
Kepler-1342 b,Kepler-1342,Transit,2016,,1.66,2.215710358,,5527.0,0.93,890.724
HIP 54515 b,HIP 54515,Imaging,2026,5625.5628039,,33000.0,,8100.0,1.9,82.8101
K2-50 b,K2-50,Transit,2016,,1.59,8.7529,,4326.0,0.611,257.443
Kepler-150 d,Kepler-150,Transit,2014,,2.79,12.56093,,5560.0,,891.092
Kepler-1945 b,Kepler-1945,Transit,2021,,1.289,6.080039978,,4991.0,0.767,
Kepler-33 f,Kepler-33,Transit,2011,,4.46,41.02902,,5904.0,1.291,1209.16
UZ For c,UZ For,Eclipse Timing Variations,2011,2447.2,,1916.25,,,0.7,
TOI-2193 A b,TOI-2193 A,Transit,2022,298.75870258,19.83989584,2.1225735,1763.0,5966.0,1.082,337.064
Kepler-319 d,Kepler-319,Transit,2014,,2.29,31.781925,,5526.0,,503.436
Kepler-1419 b,Kepler-1419,Transit,2016,,2.86,42.5215895,,5796.0,1.01,1498.58
GJ 667 C f,GJ 667 C,Radial Velocity,2013,2.7,,39.026,,3350.0,0.33,7.24396
Kepler-351 c,Kepler-351,Transit,2014,,3.19,57.24809,,5643.0,,1083.91
Kepler-656 b,Kepler-656,Transit,2016,,3.12,1.260259094,,5281.0,0.86,890.352
Kepler-1568 b,Kepler-1568,Transit,2016,,1.3,20.925392,,5956.0,1.09,916.313
Kepler-1770 b,Kepler-1770,Transit,2021,,2.84141754,16.84189987,,5602.0,0.941,582.942
HD 150706 b,HD 150706,Radial Velocity,2012,861.28,,5894.0,,5961.0,1.17,28.2697
Kepler-446 c,Kepler-446,Transit,2015,,1.11,3.036179,,3359.0,0.22,96.339
HD 95735 c,GJ 411,Radial Velocity,2021,13.6,,2946.0,,3719.0,0.3899,5.675773
HD 184010 c,HD 184010,Radial Velocity,2022,95.3485221,,484.3,,4971.0,1.35,60.7993
HD 81817 b,HD 81817,Radial Velocity,2020,7668.5638041,,1021.20159,,,4.3,269.126
HD 34445 f,HD 34445,Radial Velocity,2017,37.9,,676.8,,5836.0,1.07,46.0907
CoRoT-28 b,CoRoT-28,Transit,2015,153.82972,10.704595,5.20851,,5150.0,1.01,766.183
Kepler-1324 b,Kepler-1324,Transit,2016,,1.51,4.115844679,,4776.0,0.78,481.667
K2-275 c,K2-275,Transit,2018,,2.21,8.4388385,653.0,4841.0,0.77,123.438
Kepler-341 e,Kepler-341,Transit,2014,,1.99,42.473269,,6012.0,,1047.03
HIP 65 A b,HIP 65 A,Transit,2020,1021.18779,22.75427,0.9809734,1411.0,4590.0,0.781,61.7856
Kepler-275 b,Kepler-275,Transit,2014,,2.34,10.300682,,6165.0,,2034.25
KMT-2018-BLG-0885L b,KMT-2018-BLG-0885L,Microlensing,2023,9217.023803,,,,,0.29,6890.0
Kepler-14 b,Kepler-14,Transit,2011,2669.66,12.733,6.790123,,6395.0,1.512,
Kepler-1693 c,Kepler-1693,Transit,2021,,0.97698289,5.363709927,,5553.0,0.941,760.065
Kepler-1071 b,Kepler-1071,Transit,2016,,2.38,6.1799844,,5215.0,0.86,1042.27
Kepler-20 b,Kepler-20,Transit,2011,9.7,1.773,3.6961049,1187.0,5495.0,0.929,282.563
Kepler-224 c,Kepler-224,Transit,2014,,3.12,5.925003,,5018.0,,782.088
TOI-1105 b,TOI-1105,Transit,2026,,3.05823658,10.86818410933,,4678.46,,79.5225
Kepler-1379 b,Kepler-1379,Transit,2016,,1.3,0.881841146,,5188.0,0.83,971.325
HD 180053 b,HD 180053,Radial Velocity,2018,697.31902,,213.72,,5131.0,1.75,137.043
HATS-31 b,HATS-31,Transit,2016,279.6904,18.38276,3.37796,1823.0,6050.0,1.275,773.974
Kepler-391 b,Kepler-391,Transit,2014,1100.0,2.5,7.4175,930.0,5038.0,1.27,869.236
KELT-2 A b,KELT-2 A,Transit,2012,540.311,15.13215,4.11379,,6327.0,1.54,134.058
GJ 1137 c,HD 93083,Radial Velocity,2026,5.12,,9.6412,,5033.8,0.836,28.5159
TIC 4672985 b,TIC 4672985,Transit,2024,4049.13390518,11.5004142,69.048,517.2,5757.0,1.01,253.385
HATS-53 b,HATS-53,Transit,2017,189.10885,15.02006,3.8537768,1312.0,5644.0,0.964,585.77
HD 45364 b,HD 45364,Radial Velocity,2008,60.16491745,,225.79,,5466.0,0.82,34.354
Kepler-347 c,Kepler-347,Transit,2014,,1.75,27.320871,,6088.0,,1298.88
HD 110014 b,HD 110014,Radial Velocity,2009,3524.59,,835.477,,4445.0,2.17,100.758
WASP-188 b,WASP-188,Transit,2025,458.6263913,14.81827249,5.748916,1666.0,6850.0,1.5,675.281
TOI-4487 A b,TOI-4487 A,Transit,2025,397.28550875,14.60530185,3.9540709,1639.0,6206.0,1.378,479.145
NGTS-32 b,NGTS-32,Transit,2025,181.16219199,15.91675259,3.31211,1750.0,5680.0,1.07,837.457
Kepler-1056 b,Kepler-1056,Transit,2016,,3.01,27.495606,,6127.0,1.12,982.51
Kepler-841 b,Kepler-841,Transit,2016,,5.23,124.4198398,,5324.0,0.85,998.961
TOI-5605 b,TOI-5605,Transit,2026,,2.52611303,5.91340454843,,4583.79,,95.0735
OGLE-2017-BLG-1049L b,OGLE-2017-BLG-1049L,Microlensing,2020,1760.0,,,,,0.55,5670.0
TOI-1288 c,TOI-1288,Radial Velocity,2022,85.7,,416.0,,5388.0,0.9552,114.865
HD 192310 b,HD 192310,Radial Velocity,2011,16.9,,74.72,355.0,5166.0,0.8,8.79687
TOI-1064 b,TOI-1064,Transit,2022,13.5,2.587,6.443868,784.0,4734.0,0.748,68.0726
HD 96700 b,HD 96700,Radial Velocity,2021,8.9,,8.1245,,5845.0,0.89,25.4111
TOI-1294 b,TOI-1294,Transit,2024,63.9,10.12369881,3.915292,1392.74,5718.0,1.1578,332.648
Kepler-47 c,Kepler-47,Transit,2012,3.17,4.65,303.227,,,0.957,1025.02
Kepler-520 b,Kepler-520,Transit,2016,,1.66,19.67416124,,6112.0,1.1,623.901
TOI-5027 b,TOI-5027,Transit,2025,642.01338214,10.76062147,10.24368,1056.0,5909.0,1.02,204.429
TOI-654.01,TOI-654,Transit,2024,8.71,2.378,1.527561,794.0,3521.0,0.419,57.7553
Kepler-403 c,Kepler-403,Transit,2014,,1.75,54.280749,,6090.0,,840.269
TOI-1333 b,TOI-1333,Transit,2021,753.2571,15.647764,4.720219,1679.0,6274.0,1.464,200.492
KELT-12 b,KELT-12,Transit,2017,301.9385,19.95202,5.031623,1800.0,6279.0,1.591,368.03
TOI-4153 b,TOI-4153,Transit,2024,365.50266805,16.11851425,4.6174141,1669.0,6860.0,1.572,423.84
Kepler-305 c,Kepler-305,Transit,2013,6.0,3.3,8.291,,,0.76,868.477
Kepler-190 c,Kepler-190,Transit,2014,,1.46,3.763024,,5106.0,,433.387
K2-169 b,K2-169,Transit,2018,,1.27328671,6.380803,,5548.0,0.986144,235.867
HD 85426 c,TOI-1774,Radial Velocity,2026,10.3,,35.73,640.0,5746.0,0.991,53.974
Kepler-169 b,Kepler-169,Transit,2014,,1.13,3.250619,,4997.0,,406.529
HD 148156 b,HD 148156,Radial Velocity,2009,270.144,,1027.0,,6308.0,1.22,57.1289
HD 102843 b,HD 102843,Radial Velocity,2019,113.9,,3090.942,,5436.0,0.95,62.758
Kepler-48 b,Kepler-48,Transit,2012,3.94,1.88,4.778,,5194.0,0.88,306.738
Kepler-724 b,Kepler-724,Transit,2016,,3.29,3.314946338,,5437.0,0.9,853.119
Kepler-801 b,Kepler-801,Transit,2016,,2.0,11.41928253,,4435.0,0.67,440.426
Kepler-710 b,Kepler-710,Transit,2016,,1.88,4.347285527,,5611.0,0.94,1448.34
Kepler-1371 b,Kepler-1371,Transit,2016,,0.73,3.4462039,,5361.0,0.87,515.334
Kepler-1384 b,Kepler-1384,Transit,2016,,1.94,15.36262753,,4919.0,0.78,
Kepler-1763 b,Kepler-1763,Transit,2021,,1.14651332,1.480280042,,5897.0,1.026,756.486
LHS 3154 b,LHS 3154,Radial Velocity,2023,13.15,,3.71778,,2861.0,0.1118,15.7606
Kepler-204 c,Kepler-204,Transit,2014,,1.79,25.660593,,5812.0,,686.723
KMT-2016-BLG-1820L b,KMT-2016-BLG-1820L,Microlensing,2018,1450.0,,,,,0.039,6260.0
HATS-17 b,HATS-17,Transit,2016,425.25654,8.709393,16.254611,814.0,5846.0,1.131,400.331
Kepler-771 b,Kepler-771,Transit,2016,,1.82,8.73485836,,5906.0,1.03,1393.85
TOI-333 b,TOI-333,Transit,2025,20.1,4.26,3.7852503,1445.0,6241.0,1.2,352.269
Kepler-1578 b,Kepler-1578,Transit,2016,,1.04,1.450886907,,5545.0,0.9,1064.05
Kepler-565 b,Kepler-565,Transit,2016,,3.64,4.243747226,,5735.0,0.98,
K2-14 b,K2-14,Transit,2015,,4.81,8.36802,488.0,3789.0,0.47,364.048
HATS-55 b,HATS-55,Transit,2019,292.72143,14.022459,4.2042001,1367.0,6214.0,1.1955,609.838
K2-271 b,K2-271,Transit,2018,,7.28,8.562421,893.0,5644.0,0.83,564.454
Kepler-11 f,Kepler-11,Transit,2010,2.0,2.49,46.6888,,5663.0,0.961,646.346
HIP 5158 c,HIP 5158,Radial Velocity,2011,4780.1632,,9017.76,,4813.0,0.78,51.6026
Kepler-344 b,Kepler-344,Transit,2014,,2.61,21.963945,,5774.0,,1002.94
TIC 437041147 b,TIC 437041147,Transit,2026,,2.21526814,3.82301421497,,5224.36,,246.6
Kepler-1705 b,Kepler-1705,Transit,2021,4.47,2.03,9.03502,,6312.0,1.139,1633.49
WASP-48 b,WASP-48,Transit,2011,254.264,16.8135,2.14363,,5920.0,0.88,454.144
Kepler-132 d,Kepler-132,Transit,2014,,1.55,18.010199,,6003.0,,349.549
Kepler-106 e,Kepler-106,Transit,2014,11.17,2.56,43.8445,,5858.0,1.0,444.322
KMT-2018-BLG-0029L b,KMT-2018-BLG-0029L,Microlensing,2020,7.59,,,,,1.14,3380.0
Kepler-1690 b,Kepler-1690,Transit,2020,,2.81109223,234.636,,5404.0,0.94,703.789
K2-293 b,K2-293,Transit,2019,,2.45,13.1225,750.0,5532.0,0.958,392.251
Kepler-1665 b,Kepler-1665,Transit,2020,,2.83910787,11.9548,,5049.84,0.842,335.515
HATS-69 b,HATS-69,Transit,2018,183.38791,10.592505,2.2252577,1295.7,5137.0,0.892,414.537
14 Her b,14 Her,Radial Velocity,2002,2828.6728223,,,,,0.97,17.9323
HD 187123 b,HD 187123,Radial Velocity,1998,166.218,,3.0965828,,5790.0,1.04,45.9548
Kepler-274 c,Kepler-274,Transit,2014,,1.84,33.197861,,6023.0,,1333.62
TOI-2018 b,TOI-2018,Transit,2023,9.2,2.268,7.435583,,4174.0,0.57,27.9956
Kepler-1049 b,Kepler-1049,Transit,2016,,0.95,3.273460736,,3864.0,0.51,162.006
XO-2 S c,XO-2 S,Radial Velocity,2014,438.60320166,,120.059,,5325.0,0.98,151.398
TOI-1246 b,TOI-1246,Transit,2022,8.1,3.01,4.30744,955.0,5151.0,0.87,169.422
Kepler-647 c,Kepler-647,Transit,2020,,4.00135002,29.6663,,5906.74,1.07,1087.87
TOI-2005 b,TOI-2005,Transit,2025,2034.1018048,11.99360935,17.305904,,7130.0,1.59,328.475
TOI-1203 c,TOI-1203,Radial Velocity,2025,5.46,,13.0766,,5737.0,0.886,64.9943
Kepler-66 b,Kepler-66,Transit,2013,,2.8,17.815815,,5962.0,1.038,1202.96
OGLE-2012-BLG-0724L b,OGLE-2012-BLG-0724L,Microlensing,2016,150.0,,,,,0.29,6700.0
Kepler-582 b,Kepler-582,Transit,2016,,3.68,18.49235668,,5564.0,0.93,613.179
Kepler-598 c,Kepler-598,Transit,2020,,3.02420941,86.4945,,5245.0,0.9,681.086
K2-268 d,K2-268,Transit,2021,,1.49,4.528598,888.0,5106.0,0.84,327.783
HD 213240 b,HD 213240,Radial Velocity,2001,1773.4914,,882.70001,,5979.0,1.57,40.8707
HD 13189 b,HD 13189,Radial Velocity,2005,3480.2385,,471.60001,,4175.0,2.24,497.823
Kepler-146 c,Kepler-146,Transit,2014,,3.13,76.732171,,5948.0,,716.797
Kepler-561 b,Kepler-561,Transit,2016,,6.96,58.3620495,,5646.0,0.96,621.378
HD 168009 b,HD 168009,Radial Velocity,2021,9.53485221,,15.1479,,5778.33,0.986073,23.3032
HD 154857 b,HD 154857,Radial Velocity,2004,778.6835,,408.60001,,5589.0,1.96,63.4482
K2-97 b,K2-97,Transit,2016,174.48779544,13.45077684,8.407115,1566.0,4673.0,1.17,878.43
Kepler-1650 b,Kepler-1650,Transit,2017,,0.96,1.53818001,,3410.0,0.326,134.397
HD 29399 b,HD 29399,Radial Velocity,2022,498.99059899,,892.7,,4845.0,1.17,44.1518
HD 114386 c,HD 114386,Radial Velocity,2026,117.59651059,,444.0,,4895.0,0.8,27.9243
Kepler-442 b,Kepler-442,Transit,2015,,1.34,112.3053,,4402.0,0.609,365.965
K2-175 b,K2-175,Transit,2018,,2.03803688,9.525988,,5909.0,1.094693,247.266
Kepler-734 b,Kepler-734,Transit,2016,,3.56,6.104852856,,5326.0,0.85,1157.21
Kepler-522 b,Kepler-522,Transit,2016,,6.91,38.58422849,,6392.0,1.54,639.239
WASP-65 b,WASP-65,Transit,2013,492.62,12.464,2.3114243,1480.0,5600.0,0.93,273.703
KMT-2016-BLG-1107L b,KMT-2016-BLG-1107L,Microlensing,2019,1043.0,,,,,0.087,6651.0
Kepler-595 c,Kepler-595,Transit,2020,3.3,1.009,12.38602,,,0.93,643.009
Kepler-120 b,Kepler-120,Transit,2014,,2.15,6.312501,,4096.0,,388.63
Kepler-1509 b,Kepler-1509,Transit,2016,,1.85,25.4338197,,5780.0,1.0,2002.96
K2-219 d,K2-219,Transit,2018,,2.57634456,11.137278,,5753.0,1.021545,325.4
Kepler-286 d,Kepler-286,Transit,2014,,1.33,5.914323,,5580.0,,1226.85
Kepler-497 b,Kepler-497,Transit,2016,,6.04,3.573203671,,5834.0,1.09,1291.98
OGLE-2017-BLG-1375L b,OGLE-2017-BLG-1375L,Microlensing,2020,3585.0,,,,,0.81,3930.0
Kepler-1310 b,Kepler-1310,Transit,2016,,1.44,0.679336272,,5549.0,0.91,569.185
K2-258 b,K2-258,Transit,2018,,3.0,19.0921,831.0,6351.0,1.21,661.873
HD 93351 b,HD 93351,Radial Velocity,2022,3.49611248,,2.45946,,,0.94,56.163
Kepler-641 b,Kepler-641,Transit,2016,,1.85,9.48961571,,5713.0,1.02,969.918
NN Ser c,NN Ser,Eclipse Timing Variations,2010,3086.11383197,,6987.0,,,0.535,515.818
Kepler-243 b,Kepler-243,Transit,2014,,2.45,5.715442,,5228.0,,693.86
Teegarden's Star c,Teegarden's Star,Radial Velocity,2019,1.05,,11.416,209.0,3034.0,0.097,3.83078
HD 151450 b,HD 151450,Radial Velocity,2022,38.45723725,,21.89288,,,1.14,43.6002
Kepler-1408 b,Kepler-1408,Transit,2016,,0.89,2.99793191,,6170.0,1.21,535.048
OGLE-TR-111 b,OGLE-TR-111,Transit,2004,,11.421971,4.0144463,,,,1068.33
Kepler-1734 b,Kepler-1734,Transit,2021,,3.08851092,6.796850204,,6061.0,1.05,1482.83
LHS 1678 d,LHS 1678,Transit,2024,,0.981,4.9652229,,3490.0,0.345,19.8782
K2-146 b,K2-146,Transit,2018,5.77,2.05,2.6446,,3385.0,0.331,79.3002
G 268-110 b,G 268-110,Radial Velocity,2025,1.52,,1.43263,534.0,,0.137,
Kepler-1766 b,Kepler-1766,Transit,2021,,2.27904508,105.0149994,,5868.0,0.915,501.229
Kepler-21 b,Kepler-21,Transit,2012,7.5,1.639,2.7858212,2015.0,6305.0,1.408,108.522
Kepler-558 b,Kepler-558,Transit,2016,,2.37,29.00790538,,5242.0,0.85,661.876
TOI-1472 b,TOI-1472,Transit,2024,18.05,4.058,6.36338574,891.0,5100.0,0.87,121.84
Kepler-1436 b,Kepler-1436,Transit,2016,,1.31,9.705716,,5972.0,1.06,2530.62
Kepler-750 c,Kepler-750,Transit,2016,,1.62,4.08899022,,6160.0,1.15,1296.02
HD 148164 c,HD 148164,Radial Velocity,2018,1640.0028,,5062.0,,6032.0,1.21,77.1971
Kepler-1684 b,Kepler-1684,Transit,2020,,2.87084792,47.7055,,4706.54,0.75,621.996
TOI-5300 b,TOI-5300,Transit,2025,190.6970442,9.86390302,2.262196,1043.0,4610.0,0.67,162.51
GJ 3998 c,GJ 3998,Radial Velocity,2016,6.82,,13.727,,3726.0,0.52,18.1459
Kepler-198 c,Kepler-198,Transit,2014,,2.47,49.567416,,5574.0,,495.358
OGLE-TR-56 b,OGLE-TR-56,Transit,2002,441.77,15.278,1.2119189,2212.0,6050.0,1.228,
Kepler-290 b,Kepler-290,Transit,2014,,2.25,14.589347,,5147.0,,694.627
WASP-149 b,WASP-149,Transit,2025,314.96795134,15.24421375,1.332813,1855.0,5750.0,1.05,211.73
Barnard e,Barnard's star,Radial Velocity,2025,0.193,,6.7392,340.0,3195.0,0.162,1.82655
Kepler-1270 b,Kepler-1270,Transit,2016,,3.32,6.03356196,,5047.0,1.28,1095.05
HD 155193 b,HD 155193,Radial Velocity,2021,238.37130525,,352.65,,6239.0,1.221,57.7995
Kepler-54 b,Kepler-54,Transit,2012,,2.1,8.0109434,,3705.0,0.51,271.701
HD 108236 f,HD 108236,Transit,2021,,2.017,29.54115,,5660.0,0.869,64.5978
TOI-954 b,TOI-954,Transit,2020,55.30242,9.550068,3.6849729,1526.0,5710.0,1.201,238.768
WASP-157 b,WASP-157,Transit,2016,,11.19,3.951623,1193.0,5772.0,1.06,334.037
TOI-2447 b,TOI-2447,Transit,2024,124.90656395,9.60609646,69.33684,414.0,5730.0,1.034,148.987
HD 7924 c,HD 7924,Radial Velocity,2015,7.86,,15.299,583.6,5075.0,0.832,16.9922
K2-32 c,K2-32,Transit,2016,8.1,3.134,20.66093,634.0,5271.0,0.83,157.682
Kepler-827 b,Kepler-827,Transit,2016,,5.63,51.92927591,,5602.0,0.93,2046.68
Luhman 16 b,Luhman 16 A,Imaging,2017,9344.1551658,,9697.0,,,0.0338,
HD 204313 e,HD 204313,Radial Velocity,2022,4868.17771002,,7325.64666,,,1.03,47.7945
HD 213885 c,HD 213885,Radial Velocity,2019,19.95,,4.78503,1265.4,5978.0,1.068,48.0883
EPIC 201497682 b,EPIC 201497682,Transit,2019,,0.692,2.13174,,,0.78,253.026
GJ 86 b,GJ 86,Radial Velocity,1999,1404.8086,,15.76491,,5182.0,0.93,10.7836
K2-36 b,K2-36,Transit,2016,4.3,1.43,1.422614,1328.0,4916.0,0.79,109.749
Kepler-826 b,Kepler-826,Transit,2016,,1.25,4.48758907,,6079.0,1.05,779.596
Kepler-282 d,Kepler-282,Transit,2013,61.0,2.46,24.806,,,0.97,1337.61
Kepler-612 b,Kepler-612,Transit,2016,,2.84,3.722156413,,5693.0,0.98,1445.53
Kepler-1090 b,Kepler-1090,Transit,2016,,2.25,198.680179,,5321.0,0.86,858.77
HD 50499 b,HD 50499,Radial Velocity,2005,519.96988,,2447.1,,6102.0,1.253,46.2845
Kepler-1768 b,Kepler-1768,Transit,2021,,2.23346338,15.13589954,,6050.0,1.24,632.766
Kepler-1999 b,Kepler-1999,Transit,2023,,3.29,8.7396758,577.0,4406.0,0.632,701.255
Kepler-444 f,Kepler-444,Transit,2015,,0.741,9.740486,,5046.0,0.758,36.4396
Kepler-297 b,Kepler-297,Transit,2014,,2.87,38.871826,,5619.0,,692.14
Kepler-154 e,Kepler-154,Transit,2016,,1.5,3.93276465,,5769.0,0.98,915.212
HD 171238 b,HD 171238,Radial Velocity,2009,2796.8899816,,1515.0,,,0.92,44.8113
Kepler-1964 b,Kepler-1964,Transit,2021,,1.7810587,2.440829992,,4803.0,0.752,
HD 106252 b,HD 106252,Radial Velocity,2002,3178.28407,,1535.0,,,1.05,38.185
HD 154672 b,HD 154672,Radial Velocity,2008,1706.7471,,163.94,,5743.0,1.18,63.0484
OGLE-2014-BLG-1722L c,OGLE-2014-BLG-1722L,Microlensing,2018,83.7,,,,,0.4,6400.0
HD 23472 b,HD 23472,Transit,2019,8.32,2.0,17.667087,543.0,4684.0,0.67,39.0341
K2-77 b,K2-77,Transit,2016,,2.4996027,8.2000844,806.0,5160.0,0.847,141.731
K2-266 b,K2-266,Transit,2018,11.26782377,3.3,0.658524,1515.0,4285.0,0.686,77.5586
Kepler-1017 b,Kepler-1017,Transit,2016,,1.99,7.23400469,,5473.0,0.93,552.058
HD 16175 b,HD 16175,Radial Velocity,2009,1620.933,,990.0,,5981.0,1.63,59.859
Kepler-1314 b,Kepler-1314,Transit,2016,,5.11,5.424749281,,4188.0,0.6,
HAT-P-57 b,HAT-P-57,Transit,2015,448.1403,19.50366,2.4653,,6330.0,2.77,279.86
HD 95127 b,HD 95127,Radial Velocity,2015,3378.5329,,482.0,,4218.0,3.7,676.579
MOA-2011-BLG-291L b,MOA-2011-BLG-291L,Microlensing,2018,18.0,,,,,0.15,4400.0
HD 143811 AB b,HD 143811 A,Imaging,2025,1938.7532827,15.69257298,117000.0,,6791.0,1.32,136.608
Kepler-359 d,Kepler-359,Transit,2014,,4.01,77.095691,,6248.0,,1443.21
CoRoT-10 b,CoRoT-10,Transit,2010,874.0,10.87,13.2406,600.0,5075.0,0.89,338.386
KOI-351 b,KOI-351,Transit,2013,,1.31,7.008151,,6080.0,1.2,848.254
HAT-P-43 b,HAT-P-43,Transit,2012,,13.63,3.3326414,1353.0,5693.0,1.03,528.825
WASP-59 b,WASP-59,Transit,2012,274.276,8.687,7.919585,670.0,4650.0,0.719,115.936
GJ 3323 c,GJ 3323,Radial Velocity,2017,2.31,,40.54,,3159.0,0.164,5.37484
TOI-1346 b,TOI-1346,Transit,2025,,2.39,1.7622538,1324.0,5099.0,0.82,115.45
K2-38 c,K2-38,Transit,2016,8.3,2.29,10.56103,916.0,5731.0,1.03,192.69
WASP-174 b,WASP-174,Transit,2018,104.88337431,16.10730527,4.2337005,1528.0,6399.0,1.24,410.149
HIP 29442 c,TOI-469,Radial Velocity,2023,4.5,1.551,3.5379559,1123.0,5289.0,0.901,68.192
OGLE-2017-BLG-0448L b,OGLE-2017-BLG-0448L,Microlensing,2024,15.6,,,,,0.5,7530.0
Kepler-804 b,Kepler-804,Transit,2016,,1.94,14.37457351,,5817.0,1.01,649.65
Kepler-511 c,Kepler-511,Transit,2021,,4.20964327,26.62949944,,5866.0,0.958,651.999
TOI-470 b,TOI-470,Transit,2023,,4.34,12.19148,660.0,5190.0,0.87,130.46
K2-210 b,K2-210,Transit,2018,,0.86,0.57023,,5500.0,,176.51
WASP-117 b,WASP-117,Transit,2014,95.349,11.88154,10.02165,,6040.0,1.29,157.963
Kepler-961 b,Kepler-961,Transit,2016,,2.55,16.87727414,,5582.0,0.96,574.314
K2-219 c,K2-219,Transit,2018,,1.43839723,6.66767,,5753.0,1.021545,325.4
Kepler-1177 b,Kepler-1177,Transit,2016,,1.9,106.247547,,5712.0,0.98,1299.97
GJ 15 A c,GJ 15 A,Radial Velocity,2018,36.0,,7600.0,,3607.0,0.38,3.56228
Kepler-445 d,Kepler-445,Transit,2015,,1.25,8.15275,,3157.0,0.18,127.201
Kepler-785 b,Kepler-785,Transit,2016,,13.02,1.973760926,,4739.0,0.77,642.051
Kepler-107 c,Kepler-107,Transit,2014,10.0,1.597,4.901452,1378.0,5854.0,1.238,525.997
HD 10442 b,HD 10442,Radial Velocity,2014,472.61321,,1032.3,,4912.0,1.01,135.374
HD 66428 b,HD 66428,Radial Velocity,2005,3478.94974302,,2269.81726,,,1.01,53.2817
HD 102272 b,HD 102272,Radial Velocity,2008,1570.0802,,127.58,,4790.0,1.45,347.097
TOI-4515 b,TOI-4515,Transit,2024,637.0,12.17,15.266446,705.0,5433.0,0.949,193.499
TOI-2267 b,TOI-2267 A,Transit,2025,,1.0,2.28909,424.0,3030.0,0.171,
MOA-2011-BLG-293L b,MOA-2011-BLG-293L,Microlensing,2012,1500.0,,,,,0.86,7720.0
Kepler-395 b,Kepler-395,Transit,2014,,1.03,7.054346,,4262.0,,421.382
Kepler-304 d,Kepler-304,Transit,2014,,2.75,9.653471,,4731.0,,434.684
TOI-1732 b,TOI-1732,Transit,2026,,2.49549787,4.11923678339,,4201.93,,74.7599
Kepler-184 c,Kepler-184,Transit,2014,,1.97,20.303005,,5788.0,,610.326
Kepler-1647 b,Kepler-1647,Transit,2016,483.0,11.8739,1107.5923,,6210.0,1.2207,1212.45
Kepler-1243 b,Kepler-1243,Transit,2016,,1.75,16.8320729,,5667.0,0.96,758.17
K2-348 b,K2-348,Transit,2021,,3.26,4.688418,908.0,5077.0,0.83,201.856
Kepler-90 i,KOI-351,Transit,2017,,1.32,14.44912,709.0,6015.0,1.12,848.254
Kepler-253 d,Kepler-253,Transit,2014,,3.17,18.119869,,5208.0,,838.595
CoRoT-4 b,CoRoT-4,Transit,2008,228.83,13.34,9.20205,1074.0,6190.0,1.16,726.412
Kepler-930 b,Kepler-930,Transit,2016,,2.13,71.4517775,,6335.0,1.25,848.396
Kepler-829 b,Kepler-829,Transit,2016,,2.11,6.88337562,,5698.0,0.98,1073.76
KMT-2017-BLG-2509L b,KMT-2017-BLG-2509L,Microlensing,2021,664.26137063,,,,,0.46,7040.0
TOI-4308 b,TOI-4308,Transit,2023,,2.4189,9.151201,763.05,5243.0,0.9,108.932
TOI-1782.02,TOI-1782,Transit,2024,,1.839,1.829024227,,4336.0,0.68,95.2649
Kepler-655 b,Kepler-655,Transit,2016,,2.71,46.4063358,,6170.0,1.15,752.562
TOI-4529 b,TOI-4529,Transit,2026,4.9,1.77,5.879577,511.0,3697.0,0.482,28.384
TOI-2411 b,TOI-2411,Transit,2022,,1.68,0.7826942,1355.0,4099.0,0.65,59.5362
TOI-1273 b,TOI-1273,Transit,2024,70.55790635,11.09689089,4.631296,1211.0,5690.0,1.06,177.118
KOI-1783.01,KOI-1783,Transit,2020,71.0,8.86,134.4628,,5922.0,1.076,865.73
TIC 356227008 b,TIC 356227008,Transit,2026,,2.39024009,2.96147448702,,5731.86,,387.609
GJ 740 b,GJ 740,Radial Velocity,2021,2.96,,2.37756,829.0,3913.0,0.58,11.1017
Kepler-365 b,Kepler-365,Transit,2014,,2.04,10.664903,,6012.0,,1038.99
Kepler-480 b,Kepler-480,Transit,2016,,2.78,4.919583795,,6322.0,1.25,847.508
AT2021ueyL b,AT2021ueyL,Microlensing,2025,425.89006538,,4168.69,,3680.0,0.49,1040.0
Kepler-1727 b,Kepler-1727,Transit,2021,,3.17321625,9.029299736,,5349.0,0.824,894.187
Proxima Cen d,Proxima Cen,Radial Velocity,2025,0.26,,5.12338,282.0,2900.0,0.1221,1.30119
Kepler-194 d,Kepler-194,Transit,2014,,2.4,52.814973,,6089.0,,1097.97
XO-2 S b,XO-2 S,Radial Velocity,2014,82.63538582,,18.22,,5325.0,0.98,151.398
Kepler-1330 b,Kepler-1330,Transit,2016,,1.65,10.10769068,,5608.0,0.97,1720.48
Kepler-81 c,Kepler-81,Transit,2012,,2.37,12.04,,,0.64,348.291
HD 20794 f,HD 20794,Radial Velocity,2025,5.82,,647.6,,5368.0,0.79,6.00278
K2-285 c,K2-285,Transit,2018,15.68,3.53,7.138048,741.4,4975.0,0.83,154.961
Kepler-635 b,Kepler-635,Transit,2016,,2.64,23.44971004,,6174.0,1.33,1141.08
Kepler-2001 c,Kepler-2001,Transit,2023,,1.82,14.092583189,597.0,5081.0,0.864,776.55
Kepler-62 f,Kepler-62,Transit,2013,35.0,1.41,267.291,208.0,4925.0,0.69,300.874
Kepler-1360 b,Kepler-1360,Transit,2016,,3.4,40.5286413,,6778.0,1.51,1516.27
Kepler-1664 b,Kepler-1664,Transit,2020,,3.03320653,14.3868,,5735.81,,626.691
HD 152843 c,HD 152843,Transit,2021,9.67,5.94,19.502104,,6310.0,1.15,107.898
Kepler-1991 c,Kepler-1991,Transit,2023,,2.57,22.79020351,634.0,5478.0,0.914,855.82
OGLE-2018-BLG-1185L b,OGLE-2018-BLG-1185L,Microlensing,2021,8.4,,,,,0.37,7400.0
K2-395 c,K2-395,Transit,2022,,3.395,8.491282,,5007.0,0.952,286.727
Kepler-263 c,Kepler-263,Transit,2014,,2.47,47.332773,,5265.0,,754.747
HD 108236 e,HD 108236,Transit,2020,,3.083,19.590025,,5660.0,0.869,64.5978
HD 66141 b,HD 66141,Radial Velocity,2012,1906.9,,480.5,,4323.0,1.1,68.1509
K2-348 c,K2-348,Transit,2021,,2.67,12.550171,655.0,5077.0,0.83,201.856
Kepler-58 e,Kepler-58,Transit,2023,,1.61,4.45814897,1212.0,6100.0,1.017,969.252
Kepler-624 b,Kepler-624,Transit,2016,,2.31,14.58649607,,6117.0,1.1,748.188
Kepler-68 c,Kepler-68,Transit,2013,1.3,0.979,9.605027,1052.0,5847.0,1.057,144.166
Kepler-1696 b,Kepler-1696,Transit,2020,,2.80982017,65.9409,,5712.0,1.02,1506.36
Kepler-164 c,Kepler-164,Transit,2014,,2.73,10.945723,,5888.0,,890.758
KELT-10 b,KELT-10,Transit,2016,215.80657,15.681391,4.1662739,1377.0,5948.0,1.112,188.404
Kepler-855 b,Kepler-855,Transit,2016,,8.35,7.886631104,,5835.0,1.03,1506.58
K2-409 b,K2-409,Transit,2022,,2.482,1.908084,,5742.0,0.886,431.031
Kepler-560 b,Kepler-560,Transit,2016,,1.72,18.47764449,,3556.0,0.34,109.308
TOI-5630 b,TOI-5630,Transit,2026,,2.37117553,3.22118452536,,5385.64,,134.047
Kepler-402 e,Kepler-402,Transit,2014,,1.46,11.242861,,6090.0,,625.339
Kepler-1081 b,Kepler-1081,Transit,2016,,1.01,3.856918547,,5345.0,0.88,420.215
Kepler-1001 c,Kepler-1001,Transit,2020,,1.57799279,9.18186,,5376.0,0.93,928.978
TOI-3523 A b,TOI-3523 A,Transit,2025,435.42491759,15.9727975,2.30458952,1984.0,6450.0,1.131,645.294
GJ 1148 b,GJ 1148,Radial Velocity,2010,96.7,,41.38,,3287.0,0.344045,11.0143
TOI-904 c,TOI-904,Transit,2023,,2.167,83.9997,217.26,3770.2,0.557,46.0891
K2-155 b,K2-155,Transit,2018,,1.8,6.342,708.0,4258.0,0.65,72.7998
K2-187 e,K2-187,Transit,2018,,1.9,13.606629,,5438.0,,330.916
EPIC 201615463 c,K2-166,Transit,2019,,1.22,3.80464,,,1.073,476.882
HD 140901 c,HD 140901,Radial Velocity,2022,572.0911326,,14386.0,,,1.06,15.2528
TOI-4666 b,TOI-4666,Transit,2025,155.41809102,12.53164042,2.9089165,695.0,3793.0,0.576,154.749
BD-14 3065 b,BD-14 3065 A,Transit,2024,3932.0,21.59,4.2889731,2001.0,6935.0,1.41,589.423
Kepler-1487 c,Kepler-1487,Transit,2023,,7.97,35.8007112,991.0,5745.0,1.801,1014.62
HD 208897 b,HD 208897,Radial Velocity,2017,379.48711796,,358.27,,4860.0,1.25,67.4872
Kepler-286 c,Kepler-286,Transit,2014,,1.37,3.468095,,5580.0,,1226.85
Kepler-87 b,Kepler-87,Transit,2013,324.2,13.49,114.73635,478.0,5600.0,1.1,1232.9
Kepler-166 d,Kepler-166,Transit,2016,,1.73,1.554003928,,5350.0,0.88,603.53
TOI-3071 b,TOI-3071,Transit,2024,68.2,7.16,1.266938,2155.0,6177.0,1.29,485.219
TOI-1842 b,TOI-1842,Transit,2021,89.4,12.3485023,9.5739181,1199.55,6039.0,1.4643,223.465
HATS-68 b,HATS-68,Transit,2018,410.0007,13.809488,3.5862202,1741.0,6147.0,1.351,603.955
HD 23079 c,HD 23079,Radial Velocity,2025,8.26,,5.748913,,5994.0,1.16,33.4591
HD 103720 b,HD 103720,Radial Velocity,2014,197.046,,4.5557,,5017.0,0.794,45.5352
Kepler-1935 b,Kepler-1935,Transit,2021,,2.50271696,3.951400042,,5570.0,0.845,904.702
SWEEPS-11 b,SWEEPS-11,Transit,2006,3082.82,12.666,1.796,,,1.1,
EPIC 249893012 d,EPIC 249893012,Transit,2020,10.18,3.94,35.747,752.0,5430.0,1.05,321.296
Kepler-820 b,Kepler-820,Transit,2016,,6.09,127.8338098,,6260.0,1.23,1387.2
K2-149 b,K2-149,Transit,2018,,1.64,11.332,,3745.0,0.595,123.676
Kepler-330 c,Kepler-330,Transit,2014,,1.95,15.955387,,5117.0,,717.527
Kepler-1400 b,Kepler-1400,Transit,2016,,1.62,9.06689421,,5044.0,0.83,752.237
K2-45 b,K2-45,Transit,2016,,6.71,1.7292684,,4103.0,0.503,495.317
HIP 99770 b,HIP 99770,Imaging,2023,5403.082919,,,,,1.9,40.0765
Kepler-1909 b,Kepler-1909,Transit,2021,,1.09217411,2.391609907,,4935.0,0.663,763.662
Kepler-1477 b,Kepler-1477,Transit,2016,,1.18,11.55530021,,5100.0,0.81,680.828
K2-171 b,K2-171,Transit,2018,,2.68657205,5.628466,,5250.0,0.891587,606.128
OGLE-2015-BLG-0051L b,OGLE-2015-BLG-0051L,Microlensing,2016,230.0,,,,,0.1,8200.0
HD 37605 c,HD 37605,Radial Velocity,2012,1013.8777,,2720.0,,5329.0,0.94,46.7864
EPIC 212624936 c,EPIC 212624936,Transit,2021,,2.3,11.811437,,5765.0,,561.929
Kepler-1642 c,Kepler-1642,Transit,2016,,2.66,6.6513802,,5355.0,0.88,413.873
tau Cet h,tau Cet,Radial Velocity,2017,1.83,,49.41,,,0.783,3.60304
HD 158038 b,HD 158038,Radial Velocity,2011,486.2799,,521.0,,4860.0,1.3,94.8625
TOI-6038 A b,TOI-6038 A,Transit,2025,78.5,6.41,5.8267311,1439.0,6110.0,1.291,179.147
Kepler-148 d,Kepler-148,Transit,2016,,8.68,51.84688575,,5172.0,0.86,791.163
OGLE-2015-BLG-0966L b,OGLE-2015-BLG-0966L,Microlensing,2016,21.0,,,,,0.38,3300.0
Kepler-1426 b,Kepler-1426,Transit,2016,,1.56,14.2563227,,5831.0,1.02,1697.81
KMT-2024-BLG-0404L c,KMT-2024-BLG-0404L,Microlensing,2025,17.3,,,,,0.09,7210.0
Kepler-1505 b,Kepler-1505,Transit,2016,,0.93,30.8609366,,5686.0,0.93,495.148
GJ 2030 b,GJ 2030,Radial Velocity,2022,4.76742611,,2.38129,,,0.96,37.0788
Kepler-214 c,Kepler-214,Transit,2014,,2.13,28.7798,,6169.0,,1208.44
TOI-2537 b,TOI-2537,Transit,2024,415.40172795,11.25381662,94.1022,338.0,4870.0,0.771,184.986
Ross 128 b,Ross 128,Radial Velocity,2017,1.4,,9.8658,301.0,3192.0,0.168,3.37454
TOI-132 b,TOI-132,Transit,2020,22.4,3.42,2.1097019,1395.0,5397.0,0.97,163.678
Kepler-825 b,Kepler-825,Transit,2016,,1.53,3.77360059,,5976.0,1.03,807.85
Kepler-668 b,Kepler-668,Transit,2016,,2.7,8.35390639,,5352.0,0.87,784.618
BD+42 2315 b,BD+42 2315,Radial Velocity,2023,174.80562385,,123.05,,4500.0,1.38,610.715
Kepler-405 b,Kepler-405,Transit,2014,,2.08,10.613839,,5818.0,,1065.08
TOI-1782.01,TOI-1782,Transit,2024,,2.368,4.987641028,,4336.0,0.68,95.2649
Kepler-63 b,Kepler-63,Transit,2013,120.0,6.11,9.4341505,,5576.0,0.984,194.033
HD 13808 c,HD 13808,Radial Velocity,2021,9.96,,53.753,,5035.0,0.771,28.2305
TOI-5716 b,TOI-5716,Transit,2025,,0.96,6.7663,400.0,3436.0,0.19,39.4122
Kepler-1079 b,Kepler-1079,Transit,2016,,1.63,13.24503188,,5758.0,1.08,591.098
Kepler-491 b,Kepler-491,Transit,2016,,8.92,4.225384512,,5582.0,1.04,630.785
Kepler-1116 b,Kepler-1116,Transit,2016,,2.54,41.6977827,,5641.0,0.95,1008.57
Kepler-762 b,Kepler-762,Transit,2016,,12.68,3.770552098,,5944.0,1.06,1898.26
Kepler-969 c,Kepler-969,Transit,2016,,0.99,1.682934604,,5214.0,0.92,390.354
Kepler-1991 b,Kepler-1991,Transit,2023,,1.47,13.26079792,760.0,5478.0,0.914,855.82
Kepler-414 b,Kepler-414,Transit Timing Variations,2014,3.5,1.71,4.7,,,0.89,413.46
Kepler-738 b,Kepler-738,Transit,2016,,2.5,24.58721573,,5327.0,0.86,1113.65
TOI-941 b,TOI-941,Transit,2026,,6.51165317,8.51460888787,,5745.88,,263.386
HD 33142 d,HD 33142,Radial Velocity,2022,63.5656814,,89.9,,5025.4,1.52,121.375
Kepler-411 c,Kepler-411,Transit,2016,26.4,4.421,7.834435,838.0,,0.87,153.676
Kepler-598 b,Kepler-598,Transit,2016,,1.5,3.70175428,,5307.0,0.87,681.086
Kepler-1016 c,Kepler-1016,Transit,2016,,3.68,105.6551369,,5821.0,0.99,1402.82
Kepler-499 b,Kepler-499,Transit,2016,,2.17,5.632528453,,5312.0,0.87,556.726
Kepler-1941 b,Kepler-1941,Transit,2021,,2.64976949,31.33510017,,6404.0,1.175,1494.39
KMT-2022-BLG-0371L b,KMT-2022-BLG-0371L,Microlensing,2023,82.63538582,,,,,0.63,7140.0
Kepler-1680 b,Kepler-1680,Transit,2020,,1.35954736,8.77424,,5021.0,0.834,310.315
HD 142 b,HD 142,Radial Velocity,2001,396.96768034,,351.43394,,,1.21,26.1853
KMT-2021-BLG-0171L b,KMT-2021-BLG-0171L,Microlensing,2022,11.2,,,,5200.0,0.78,4600.0
HD 196067 b,HD 196067,Radial Velocity,2012,3623.2438398,,3413.7,,6072.0,1.16,39.9346
Kepler-132 b,Kepler-132,Transit,2014,,1.21,6.178196,,6003.0,,349.549
Kepler-108 c,Kepler-108,Transit,2014,,8.18,190.323494,,5854.0,,338.732
TOI-7155 b,TOI-7155,Transit,2026,,2.40821473,3.89489711981,,4673.03,,144.751
Wolf 1061 c,Wolf 1061,Radial Velocity,2015,3.41,,17.8719,,3342.0,0.294,4.30592
Kepler-1468 b,Kepler-1468,Transit,2016,,1.73,8.23984869,,5893.0,1.04,1899.24
TOI-3856 b,TOI-3856,Transit,2025,171.62733978,13.59649359,2.04360352,1544.0,5622.0,1.096,314.443
PH1 b,PH1,Transit,2012,169.0,6.18,138.317,481.0,6407.0,1.528,1033.16
DP Leo b,DP Leo,Eclipse Timing Variations,2009,1922.79,,10220.0,,,0.69,305.684
TOI-1824 b,TOI-1824,Transit,2024,16.0,2.7438269,22.808533,528.67,5165.0,0.8801,59.4314
TOI-4860 b,TOI-4860,Transit,2023,86.7,8.7,1.5227591,694.0,3260.0,0.34,80.1423
NGTS-3 A b,NGTS-3 A,Transit,2018,756.4354,16.58932,1.6753728,,5600.0,1.017,743.972
K2-174 b,K2-174,Transit,2018,,2.6,19.562307,455.0,4455.0,0.7,99.9293
Kepler-161 b,Kepler-161,Transit,2014,,2.12,4.921355,,5078.0,,434.632
K2-190 b,K2-190,Transit,2018,,1.35673729,10.098858,,5631.0,0.904597,160.679
Kepler-667 b,Kepler-667,Transit,2016,,4.73,41.43962808,,5327.0,0.91,2302.45
Kepler-28 c,Kepler-28,Transit,2011,2.06,1.857,8.99,,4499.3,0.684,438.359
Kepler-364 c,Kepler-364,Transit,2014,,2.15,59.980627,,6108.0,,891.462
K2-6 b,K2-6,Transit,2015,,2.5,30.94191,615.0,5850.0,0.97,316.819
Kepler-1678 b,Kepler-1678,Transit,2020,,3.30422249,147.974,,5754.0,1.03,847.339
HD 64121 b,HD 64121,Radial Velocity,2022,813.64072192,,623.0,,5078.0,1.64,129.966
K2-197 b,K2-197,Transit,2018,,2.56,8.357881,848.0,5667.0,1.0,247.637
HAT-P-29 b,HAT-P-29,Transit,2011,279.6904,13.11453,5.72319,,6087.0,1.45,313.576
TOI-1472 c,TOI-1472,Radial Velocity,2025,21.13,3.334,15.5381747,662.0,5100.0,0.87,121.84
Kepler-1186 b,Kepler-1186,Transit,2016,,2.23,16.07677615,,5635.0,0.95,1337.25
Teegarden's Star d,Teegarden's Star,Radial Velocity,2024,0.82,,26.13,159.0,3034.0,0.097,3.83078
K2-95 b,K2-95,Transit,2016,,3.31,10.1346454,474.0,3566.0,0.41,179.854
TOI-4342 c,TOI-4342,Transit,2023,4.8,2.349,10.688662,514.0,3866.0,0.587,61.5204
Kepler-865 c,Kepler-865,Transit,2023,,0.89,6.20920207,914.0,5440.0,0.782,586.137
K2-59 b,K2-59,Transit,2016,,2.41,20.6921,,5055.0,0.774,311.313
TOI-6223 b,TOI-6223,Transit,2025,,5.07,3.855219,714.0,3895.0,0.582,133.122
TOI-883 b,TOI-883,Transit,2026,,7.17166228,10.05771848538,,5713.15,,102.637
PSR B1257+12 c,PSR B1257+12,Pulsar Timing,1992,4.3,,66.5419,,,1.4,600.0
TOI-4641 b,TOI-4641,Transit,2023,1229.99593509,8.18255591,22.09341,,6560.0,1.41,86.3501
HD 128717 b,HD 128717,Astrometry,2025,6293.0024586,,3420.0,,6210.0,1.212,73.636
K2-166 b,K2-166,Transit,2018,,2.19,8.52695,1140.0,5960.0,1.16,476.882
K2-239 c,K2-239,Transit,2018,,1.0,7.775,427.0,3420.0,0.4,31.0849
K2-37 b,K2-37,Transit,2016,,1.39,4.4434,949.0,5352.0,0.84,179.943
TOI-782 b,TOI-782,Transit,2024,19.1,2.734,8.0240015,435.0,3370.0,0.397,52.5122
KMT-2018-BLG-0087L b,KMT-2018-BLG-0087L,Microlensing,2022,73.10053361,,,,,0.1,7020.0
KELT-6 b,KELT-6,Transit,2014,165.2716,14.5717,7.8457,,6102.0,1.42,240.726
Kepler-404 b,Kepler-404,Transit,2014,,1.27,11.829851,,5654.0,,812.524
TOI-1410.01,TOI-1410,Transit,2024,12.5,3.10083009,1.21687,1236.7,4635.0,0.7941,72.7512
Kepler-1916 b,Kepler-1916,Transit,2021,,2.61757235,31.25429916,,6246.0,1.18,2055.82
Kepler-1433 b,Kepler-1433,Transit,2016,,1.56,4.13592271,,6097.0,1.14,
Kepler-213 b,Kepler-213,Transit,2014,,1.62,2.46236,,5696.0,,634.939
Kepler-1911 b,Kepler-1911,Transit,2021,,1.011,5.990799904,,5721.0,0.954,269.912
Kepler-153 c,Kepler-153,Transit,2014,,2.53,46.90232,,5404.0,,459.368
HD 5891 b,HD 5891,Radial Velocity,2011,2425.0429,,177.11,,4673.0,1.93,283.502
Kepler-1542 e,Kepler-1542,Transit,2016,,0.76,5.10115756,,5564.0,0.94,399.114
Kepler-792 b,Kepler-792,Transit,2016,,1.96,11.30119217,,5971.0,1.09,1425.47
Kepler-55 c,Kepler-55,Transit,2012,,2.21,42.1516418,,4362.0,0.62,578.796
Kepler-1536 b,Kepler-1536,Transit,2016,,3.14,364.758031,,4434.0,0.71,387.248
K2-205 b,K2-205,Transit,2018,,1.99552771,26.672263,,5890.0,0.951027,405.301
Kepler-578 b,Kepler-578,Transit,2016,,2.0,1.616883696,,5334.0,0.87,541.432
HAT-P-24 b,HAT-P-24,Transit,2010,238.3725,14.5717,3.35524,,6373.0,1.37,415.344
Gl 49 b,Gl 49,Radial Velocity,2019,5.63,,13.8508,,3805.0,0.515,9.8528
Kepler-1669 d,Kepler-1669,Transit,2023,,1.22,4.72941177,669.0,4224.0,0.609,543.444
Kepler-1570 b,Kepler-1570,Transit,2016,,1.07,26.548955,,5550.0,0.92,918.995
Kepler-633 b,Kepler-633,Transit,2016,,1.63,8.50340718,,5899.0,1.02,680.54
HD 114783 c,HD 114783,Radial Velocity,2016,603.8739733,,4352.0,,,0.9,21.0628
Kepler-49 e,Kepler-49,Transit,2014,,1.56,18.596108,,4252.0,,311.222
HD 51608 c,HD 51608,Radial Velocity,2019,14.31,,95.9446,,5358.0,0.8,35.0553
Kepler-357 b,Kepler-357,Transit,2014,,1.84,6.475434,,5036.0,,688.573
HD 63433 c,HD 63433,Transit,2020,15.539,2.692,20.5438281,678.92,5553.0,0.956,22.4035
HAT-P-32 b,HAT-P-32,Transit,2011,216.1244,22.19382,2.1500082,1835.7,6001.0,1.132,289.205
bet Pic b,bet Pic,Imaging,2008,2765.1071409,,8682.0,,,1.789,19.7442
bet Pic c,bet Pic,Radial Velocity,2019,2765.1071409,,1202.0,,,1.789,19.7442
bet Pic d,bet Pic,Imaging,2026,762.7881768,14.12331568,33200.0,600.0,,1.789,19.7442
Kepler-79 b,Kepler-79,Transit,2012,7.6,3.51,13.48451,,6389.0,1.244,1020.72
Kepler-79 c,Kepler-79,Transit,2012,4.6,3.76,27.4026,,6389.0,1.244,1020.72
Kepler-79 d,Kepler-79,Transit,2014,5.3,7.15,52.0897,,6389.0,1.244,1020.72
Kepler-79 e,Kepler-79,Transit,2014,3.8,3.53,81.0665,,6389.0,1.244,1020.72
Kepler-210 c,Kepler-210,Transit,2014,,3.62,7.972513,,4559.0,,232.75
V0391 Peg b,V0391 Peg,Pulsation Timing Variations,2007,1017.056,,1170.0,,29300.0,0.5,1195.98
HD 173416 b,HD 173416,Radial Velocity,2008,585.12209729,,322.03,,4683.0,2.0,132.184
Kepler-626 b,Kepler-626,Transit,2016,,2.29,14.48585199,,5813.0,1.01,635.643
Kepler-507 b,Kepler-507,Transit,2016,,1.3,3.568096926,,6113.0,1.16,391.644
K2-122 b,K2-122,Transit,2017,,1.16,2.2193023,769.0,4009.0,0.63,72.0444
TOI-3353.01,TOI-3353,Transit,2024,,2.6667555,4.6657965,1264.36,6365.0,1.332089,78.7577
Kepler-1862 b,Kepler-1862,Transit,2021,,2.203,16.05730057,,5644.0,0.9,1232.19
K2-384 b,K2-384,Transit,2022,,1.076,2.231527,,3623.0,0.33,82.6603
HAT-P-53 b,HAT-P-53,Transit,2015,471.65972,14.773462,1.9616241,1778.0,5956.0,1.093,666.802
HIP 56640 b,HIP 56640,Radial Velocity,2021,2151.69831539,,2675.57603,,,1.75,122.324
Kepler-1489 b,Kepler-1489,Transit,2016,,1.77,82.294751,,5655.0,0.93,1283.05
TOI-2768 b,TOI-2768,Transit,2024,,2.63,1.50801,855.0,4008.0,0.63,78.4525
BD+20 274 b,BD+20 274,Radial Velocity,2012,1334.886,,578.2,,4296.0,0.8,1322.51
K2-398 c,K2-398,Transit,2022,,5.098,18.787839,,5946.0,0.945,606.992
Kepler-959 b,Kepler-959,Transit,2016,,4.38,14.80074836,,7005.0,1.6,807.729
CoRoT-21 b,CoRoT-21,Transit,2012,718.2958,14.5717,2.72474,,6200.0,1.29,
Kepler-1296 b,Kepler-1296,Transit,2016,,0.91,8.3839865,,5359.0,0.87,1551.54
TOI-2000 b,TOI-2000,Transit,2023,11.0,2.7,3.09833,1488.0,5611.0,1.082,175.713
Kepler-770 d,Kepler-770,Transit,2016,,1.4,4.15244722,,5598.0,0.94,930.457
KMT-2019-BLG-1715L b,KMT-2019-BLG-1715L,Microlensing,2021,813.64072192,,,,,0.61,3860.0
HD 129445 b,HD 129445,Radial Velocity,2009,508.507,,1840.0,,,0.99,67.4386
TOI-2267 c,TOI-2267 A,Transit,2025,,1.14,3.4950412,374.0,3030.0,0.171,
HD 25015 b,HD 25015,Radial Velocity,2019,2884.92845034,,6134.427,,,0.86,37.433
HD 180314 b,HD 180314,Radial Velocity,2010,7216.92963775,,394.73,,4917.0,2.6,122.362
11 Com b,11 Com,Radial Velocity,2007,4914.89848585,,323.21,,4874.0,2.09,93.1846
Kepler-221 d,Kepler-221,Transit,2014,,2.73,10.04156,,5243.0,,385.231
Kepler-122 e,Kepler-122,Transit,2014,,2.6,37.993273,,6050.0,,1027.45
Kepler-1625 b,Kepler-1625,Transit,2016,,6.06,287.378949,,5677.0,0.96,2310.11
Kepler-18 d,Kepler-18,Transit,2011,16.4,6.98,14.85888,,5345.0,0.972,433.047
HD 160691 c,HD 160691,Radial Velocity,2004,1398.4449908,,3947.0,,5773.0,1.13,15.5981
KIC 3526061 b,KIC 3526061,Radial Velocity,2022,5768.58558705,,3552.0,,4829.0,1.42,401.229
Kepler-662 b,Kepler-662,Transit,2016,,2.18,21.67697486,,4897.0,0.79,815.637
K2-137 b,K2-137,Transit,2017,,0.64,0.179719,,3697.0,,98.8765
WASP-105 b,WASP-105,Transit,2017,572.094,10.76064,7.87288,900.0,5070.0,0.89,169.272
Kepler-366 b,Kepler-366,Transit,2014,,1.46,3.281959,,6209.0,,1856.28
K2-371 b,K2-371,Transit,2022,,13.024,3.114905,,4925.0,0.958,442.813
WASP-171 b,WASP-171,Transit,2019,344.52772,10.98482,3.8186244,1642.0,5965.0,1.171,757.84
Kepler-1784 b,Kepler-1784,Transit,2021,,2.79936489,13.59049988,,5442.0,0.887,883.045
Kepler-1254 b,Kepler-1254,Transit,2016,,1.55,9.99113313,,4985.0,0.78,622.818
Kepler-339 c,Kepler-339,Transit,2014,,1.15,6.988055,,5631.0,,616.637
HD 156668 c,HD 156668,Radial Velocity,2021,31.49679513,,811.3,,4903.69,0.785167,24.3323
Kepler-386 c,Kepler-386,Transit,2014,,1.58,25.193458,,5178.0,,882.462
OGLE-2018-BLG-1647L b,OGLE-2018-BLG-1647L,Microlensing,2022,308.29355479,,,,,0.092,7880.0
Kepler-991 b,Kepler-991,Transit,2016,,2.54,82.5342519,,4392.0,0.64,389.561
HD 131496 b,HD 131496,Radial Velocity,2011,572.094,,896.0,,4846.0,1.34,131.849
Kepler-186 c,Kepler-186,Transit,2014,,1.25,7.267302,,3788.0,0.478,177.594
Kepler-80 b,Kepler-80,Transit,2012,6.93,2.67,7.05246,,4540.0,0.73,369.451
Kepler-1354 b,Kepler-1354,Transit,2016,,2.97,76.613377,,6168.0,1.16,1119.45
Kepler-629 b,Kepler-629,Transit,2016,,1.38,7.2385854,,5444.0,0.93,372.05
Kepler-1410 b,Kepler-1410,Transit,2016,,1.78,60.866168,,4092.0,0.63,
TOI-3919 b,TOI-3919,Transit,2024,1233.17421916,12.31866979,7.433234,1198.0,6100.0,1.208,604.591
Kepler-211 c,Kepler-211,Transit,2014,,1.29,6.04045,,5123.0,,309.353
Kepler-1610 c,Kepler-1610,Transit,2023,,2.09,44.9851885,433.0,5295.0,0.825,864.331
K2-360 c,EPIC 201595106,Radial Velocity,2024,15.23,,9.79692,912.0,5679.0,0.958,232.1
Kepler-310 b,Kepler-310,Transit,2014,,1.19,13.930698,,5797.0,,602.268
NGTS-33 b,NGTS-33,Transit,2024,1153.71711741,18.38272835,2.827972,1991.0,7437.0,1.6,437.855
Kepler-1849 b,Kepler-1849,Transit,2021,,2.38685349,57.29290009,,4806.0,0.709,631.884
Qatar-8 b,Qatar-8,Transit,2019,117.91493,14.403565,3.71495,1457.0,5738.0,1.029,281.498
HD 204313 c,HD 204313,Radial Velocity,2015,17.16273398,,34.95875,,,1.03,47.7945
70 Vir b,70 Vir,Radial Velocity,1996,2357.02728,,116.688,,5495.0,1.09,17.9011
Kepler-326 c,Kepler-326,Transit,2014,,1.4,4.580358,,5105.0,,487.675
Kepler-5 b,Kepler-5,Transit,2009,670.93913,15.984034,3.5484657,1750.0,6297.0,1.374,899.777
Kepler-1530 b,Kepler-1530,Transit,2016,,1.64,2.5904434,,5477.0,0.92,489.876
TOI-4600 b,TOI-4600,Transit,2023,959.84178914,6.8,82.6869,347.0,5170.0,0.89,216.056
TOI-5319 b,TOI-5319,Transit,2024,,2.83,4.07853,695.0,3580.0,0.5,61.171
Qatar-1 b,Qatar-1,Transit,2010,411.27202,12.811887,1.4200242,1418.0,5013.0,0.838,185.615
K2-250 b,K2-250,Transit,2018,,2.71257333,4.01392,1003.0,5003.0,0.809,414.708
TOI-2227 b,TOI-2227,Transit,2026,,3.09885187,4.22175815648,,5889.54,,165.441
Kepler-1213 b,Kepler-1213,Transit,2016,,1.19,5.34982412,,6050.0,1.14,807.812
TOI-5926 b,TOI-5926,Transit,2026,,7.56807148,3.81122794237,,5388.92,,275.103
HD 220842 b,HD 220842,Radial Velocity,2016,1010.6994,,218.47,,5960.0,1.13,64.6498
Kepler-1043 b,Kepler-1043,Transit,2016,,2.55,38.5053398,,5629.0,0.92,903.332
Kepler-1381 b,Kepler-1381,Transit,2016,,2.25,25.3842686,,5747.0,0.96,1197.04
ZTF J1230-2655 b,ZTF J1230-2655,Transit,2025,7024.0077947,13.78704626,0.23597766,,10000.0,0.646,186.69
Kepler-985 b,Kepler-985,Transit,2016,,2.98,116.331901,,5434.0,0.91,679.361
Kepler-753 b,Kepler-753,Transit,2016,,1.91,5.747725012,,4346.0,0.68,274.767
Kepler-411 d,Kepler-411,Transit,2018,15.2,3.319,58.02035,410.0,,0.87,153.676
K2-17 b,K2-17,Transit,2015,,2.23,17.96753,487.0,4320.0,0.71,125.106
TOI-4504 d,TOI-4504,Transit Timing Variations,2024,450.23572136,,40.5634,,5315.0,0.89,342.605
Kepler-1385 b,Kepler-1385,Transit,2016,,0.85,2.88879862,,5732.0,1.15,688.795
Kepler-127 c,Kepler-127,Transit,2014,,2.66,29.393195,,6106.0,,352.794
Kepler-231 c,Kepler-231,Transit,2014,,1.93,19.271566,,3767.0,,316.618
Kepler-914 b,Kepler-914,Transit,2016,,1.38,4.40966548,,5877.0,1.1,753.723
Kepler-1480 b,Kepler-1480,Transit,2016,,1.67,22.12679948,,5156.0,0.85,500.892
Kepler-1365 b,Kepler-1365,Transit,2016,,0.92,7.69993485,,5770.0,1.0,840.128
WASP-116 b,WASP-116,Transit,2025,203.41018048,13.67495645,6.6132,1414.0,6250.0,1.25,559.243
Kepler-60 c,Kepler-60,Transit,2012,3.85,1.9,8.9187,,5905.0,1.041,1025.1
KELT-23 A b,KELT-23 A,Transit,2019,298.12454,14.829507,2.255251,1561.0,5899.0,0.944,126.261
Kepler-1739 b,Kepler-1739,Transit,2021,,2.43056832,7.343709946,,5757.0,0.865,783.666
TOI-2046 b,TOI-2046,Transit,2022,731.0053361,16.14093221,1.4971842,,6250.0,1.13,289.668
GJ 1148 c,GJ 1148,Radial Velocity,2017,68.06,,532.58,,3287.0,0.344045,11.0143
HD 35843 c,HD 35843,Transit,2025,11.32,2.54,46.9622,479.0,5666.0,0.94,69.6026
TOI-469.01,TOI-469,Transit,2021,9.1,3.41,13.6308205,716.0,5289.0,0.901,68.192
HATS-50 b,HATS-50,Transit,2017,123.9537,12.66617,3.8297015,,5990.0,1.168,756.742
KMT-2021-BLG-1150L b,KMT-2021-BLG-1150L,Microlensing,2023,279.68899816,,,,,0.73,3800.0
KOI-1831 d,Kepler-324,Transit,2018,2.23,1.13,34.169,475.0,5233.0,0.901,501.574
Kepler-1126 c,Kepler-1126,Transit,2023,,1.45,199.66876,305.0,5678.0,0.794,635.736
Kepler-572 b,Kepler-572,Transit,2016,,2.58,17.20523483,,5212.0,0.83,504.667
Kepler-871 b,Kepler-871,Transit,2016,,3.74,22.0459018,,5993.0,1.11,1976.05
Kepler-1031 b,Kepler-1031,Transit,2016,,0.87,1.22621732,,6011.0,1.09,682.882
TOI-4511 b,TOI-4511,Transit,2026,,2.75304932,10.98090968596,,5418.77,,121.832
Kepler-194 c,Kepler-194,Transit,2014,,2.59,17.308032,,6089.0,,1097.97
HD 14067 b,HD 14067,Radial Velocity,2014,4862.7746271,,2744.0,,4815.0,2.4,142.024
Kepler-1357 b,Kepler-1357,Transit,2016,,1.28,3.0091324,,5597.0,0.93,1015.69
HD 114082 b,HD 114082,Radial Velocity,2022,2542.627256,11.2089807,109.75,,6651.0,1.47,95.3906
TOI-5599 b,TOI-5599,Transit,2026,,7.1888212,5.43691503941,,6137.02,,547.948
Kepler-444 d,Kepler-444,Transit,2015,,0.53,6.189392,,5046.0,0.758,36.4396
WASP-169 b,WASP-169,Transit,2019,178.30263,14.616536,5.6114118,1604.0,6110.0,1.337,627.066
Kepler-462 b,Kepler-462,Transit,2016,53.9,3.0,84.6866,,7500.0,1.59,596.625
HIP 4845 b,HIP 4845,Radial Velocity,2020,14.4,,34.15,,,0.62,21.0974
HD 125271 b,HD 125271,Radial Velocity,2022,3465.60094993,,14901.99295,,,0.75,39.3466
Kepler-534 b,Kepler-534,Transit,2016,,2.24,15.95994513,,5884.0,1.05,570.659
HD 93351 c,HD 93351,Radial Velocity,2022,4154.01727949,,14010.2941,,,0.94,56.163
Kepler-579 b,Kepler-579,Transit,2016,,2.0,9.66857723,,5636.0,0.99,530.765
K2-396 c,K2-396,Transit,2022,,3.124,25.76051,,5236.0,0.954,274.864
HD 4308 b,HD 4308,Radial Velocity,2005,15.8915,,15.56,,5686.0,0.93,22.0158
WISPIT 1 c,WISPIT 1,Imaging,2025,1684.4905571,,,,4670.0,,230.007
Kepler-564 b,Kepler-564,Transit,2016,,4.63,3.750832285,,5626.0,0.95,863.037
NY Vir b,NY Vir,Eclipse Timing Variations,2011,845.4278,,3160.0,,32780.0,0.459,544.024
Kepler-796 b,Kepler-796,Transit,2016,,1.3,6.40087618,,5475.0,0.93,817.584
Kepler-25 b,Kepler-25,Transit,2011,8.7,2.748,6.238297,,,1.165,243.249
HD 50499 c,HD 50499,Radial Velocity,2019,931.2419,,8619.9,,6099.0,1.31,46.2845
Kepler-1057 b,Kepler-1057,Transit,2016,,3.36,14.08827448,,5987.0,1.07,1201.82
TOI-4527.01,TOI-4527,Transit,2024,,0.9086617,0.3994445,1362.93,3702.0,0.483901,18.1037
Kepler-839 b,Kepler-839,Transit,2016,,2.57,37.8144514,,6058.0,1.22,944.561
HD 12484 b,HD 12484,Radial Velocity,2016,947.1334,,58.83,,5920.0,1.01,48.3367
HD 51608 b,HD 51608,Radial Velocity,2019,12.77,,14.0726,,5358.0,0.8,35.0553
Kepler-67 b,Kepler-67,Transit,2013,,2.94,15.7259,,5331.0,0.865,1131.19
HD 217107 c,HD 217107,Radial Velocity,2005,1388.91013859,,5138.7,,,1.045,20.0619
Kepler-153 b,Kepler-153,Transit,2014,,2.92,18.870227,,5404.0,,459.368
HD 75784 c,HD 75784,Radial Velocity,2018,1792.5612,,7900.0,,4867.0,1.26,85.4321
HD 20781 e,HD 20781,Radial Velocity,2019,14.03,,85.5073,,5256.0,0.7,35.9715
Kepler-937 c,Kepler-937,Transit,2016,,2.67,153.343364,,6095.0,1.15,1571.46
Kepler-1997 b,Kepler-1997,Transit,2023,,2.28,26.7575866,660.0,6215.0,1.111,1502.34
KMT-2021-BLG-1372L b,KMT-2021-BLG-1372L,Microlensing,2022,61.27,,,,,0.42,5970.0
Kepler-951 b,Kepler-951,Transit,2016,,5.59,71.52530845,,4834.0,0.77,382.509
Kepler-365 c,Kepler-365,Transit,2014,,1.64,17.784129,,6012.0,,1038.99
HD 222582 b,HD 222582,Radial Velocity,1999,2660.2371,,572.38,,5790.0,1.12,42.1586
K2-241 b,K2-241,Transit,2018,,2.55,26.8199,507.0,5262.0,0.71,149.464
Kepler-682 b,Kepler-682,Transit,2016,,7.37,12.611906672,,5559.0,0.92,1979.25
Kepler-271 b,Kepler-271,Transit,2014,,1.23,10.43547805,,5555.0,0.9,404.542
TOI-521 b,TOI-521,Transit,2025,5.3,1.98,1.54285047,794.0,3544.0,0.42,60.9425
TrES-3 b,TrES-3,Transit,2007,607.03,14.975,1.30618581,,5650.0,0.928,231.337
Kepler-1553 b,Kepler-1553,Transit,2016,,1.15,4.24261881,,5288.0,0.85,692.594
TOI-3288 b,TOI-3288,Transit,2025,536.17652261,12.24020692,1.4338647,973.0,4072.0,0.643,200.5
HD 108147 b,HD 108147,Radial Velocity,2002,82.95,,10.8985,,6255.73,1.22,38.92
Kepler-485 b,Kepler-485,Transit,2016,,14.41,3.243259796,,5958.0,1.07,1140.95
Kepler-68 d,Kepler-68,Radial Velocity,2013,238.05347684,,632.62,,5847.0,1.057,144.166
Kepler-935 b,Kepler-935,Transit,2016,,1.35,4.88083852,,4830.0,0.78,471.782
Kepler-1413 b,Kepler-1413,Transit,2016,,1.82,13.1829642,,5196.0,0.84,1167.49
Kepler-219 b,Kepler-219,Transit,2014,,2.95,4.585512,,5786.0,,787.07
Kepler-1304 b,Kepler-1304,Transit,2016,,2.29,16.1288853,,5259.0,0.85,2176.08
Kepler-1667 b,Kepler-1667,Transit,2020,,2.98385261,83.5781,,5941.54,1.09,626.819
Kepler-157 d,Kepler-157,Transit,2016,,1.46,7.02573474,,5866.0,1.02,773.713
Kepler-732 c,Kepler-732,Transit,2016,,1.27,0.893041236,,3631.0,0.49,174.826
Qatar-5 b,Qatar-5,Transit,2017,1373.0256,12.408363,2.8792319,1415.0,5747.0,1.128,367.658
TOI-5634 A b,TOI-5634 A,Transit,2024,588.0,10.42,2.2035373,837.0,3896.0,0.556,306.144
TOI-628 b,TOI-628,Transit,2021,2011.8639,11.88154,3.4095675,1586.0,6250.0,1.311,178.68
Kepler-1399 b,Kepler-1399,Transit,2016,,1.25,1.638653058,,5735.0,0.97,1385.7
OGLE-2011-BLG-0265L b,OGLE-2011-BLG-0265L,Microlensing,2015,280.0,,,,,0.211,4380.0
Kepler-1711 b,Kepler-1711,Transit,2021,,1.923,21.06080055,,5706.0,0.94,590.268
HD 113337 b,HD 113337,Radial Velocity,2013,1035.80277841,,317.58639,,,1.41,36.18
Kepler-956 b,Kepler-956,Transit,2016,,3.0,5.248672631,,6040.0,1.1,544.939
HD 75898 c,HD 75898,Radial Velocity,2024,2698.36317543,,6717.0,,6122.0,1.295,78.0505
GJ 667 C c,GJ 667 C,Radial Velocity,2013,3.8,,28.14,,3350.0,0.33,7.24396
HD 56957 b,HD 56957,Radial Velocity,2022,1880.90851263,,5859.08992,,,1.03,61.4925
HD 152581 b,HD 152581,Radial Velocity,2011,594.02427,,686.5,,5027.0,1.3,165.76
K2-159 b,K2-159,Transit,2018,,2.26,12.42205,684.0,5425.0,0.9,170.998
OGLE-2018-BLG-0383L b,OGLE-2018-BLG-0383L,Microlensing,2022,6.4,,,,,0.1,7700.0
HD 25463 c,HD 25463,Transit,2023,4.3,1.36354953,3.04405,1585.57,6353.0,1.251,45.6181
HD 28109 d,HD 28109,Transit,2022,5.8,3.11,84.2899,561.0,6189.0,1.227,139.611
TOI-1470 b,TOI-1470,Transit,2023,7.32,2.18,2.527093,734.0,3709.0,0.471,51.9503
Kepler-687 b,Kepler-687,Transit,2016,,3.52,20.50586978,,4841.0,0.77,633.66
HD 105779 b,HD 105779,Radial Velocity,2022,203.41018048,,2412.0,,5792.0,0.89,55.2411
Kepler-105 b,Kepler-105,Transit,2013,10.8,2.53,5.4122034,,5933.0,0.991,459.223
TOI-1718 b,TOI-1718,Transit,2026,,4.10824994,5.58703768615,,5304.91,,52.3044
TOI-375 c,TOI-375,Radial Velocity,2026,669.34662514,,115.5,596.0,5259.9,1.441,396.213
TOI-1260 b,TOI-1260,Transit,2021,8.56,2.41,3.127463,871.0,4227.0,0.679,73.5977
K2-179 b,K2-179,Transit,2018,,2.51267885,5.172191,,5015.0,0.824345,190.81
Kepler-154 b,Kepler-154,Transit,2014,,2.26,33.040532,,5690.0,,915.212
MOA-2013-BLG-220L b,MOA-2013-BLG-220L,Microlensing,2014,871.0,,,,,0.88,6720.0
Kepler-199 b,Kepler-199,Transit,2014,,3.11,23.637604,,5644.0,,521.054
Kepler-156 c,Kepler-156,Transit,2014,,2.55,15.906801,,5094.0,,443.483
HD 34445 d,HD 34445,Radial Velocity,2017,30.7,,117.87,,5836.0,1.07,46.0907
HAT-P-31 b,HAT-P-31,Transit,2011,721.4741,12.21781,5.00542,,6065.0,1.31,344.05
Kepler-363 c,Kepler-363,Transit,2014,,1.69,7.542427,,5593.0,,762.596
Kepler-1301 b,Kepler-1301,Transit,2016,,1.4,9.08237046,,5188.0,0.85,854.28
HATS-40 b,HATS-40,Transit,2018,505.3497,17.71022,3.2642736,2101.0,6460.0,1.561,1342.29
rho CrB e,rho CrB,Radial Velocity,2023,3.71,,12.904,,,1.0,17.4671
K2-80 d,K2-80,Transit,2018,,2.55211506,28.867253,,5377.0,0.913111,200.802
WASP-31 b,WASP-31,Transit,2010,151.916,17.363,3.4059096,,6302.0,1.163,383.829
Kepler-763 c,Kepler-763,Transit,2023,,1.42,4.09667624,938.0,4999.0,0.8,962.459
Kepler-1567 b,Kepler-1567,Transit,2016,,2.73,153.979578,,5655.0,0.95,1206.11
Kepler-399 c,Kepler-399,Transit,2014,,1.43,26.67569,,5502.0,,740.537
K2-168 b,K2-168,Transit,2018,,1.86,15.8523,766.35,5502.7,0.877,243.935
HD 35843 b,HD 35843,Radial Velocity,2025,5.84,,9.8991,,5666.0,0.94,69.6026
HD 64114 b,HD 64114,Radial Velocity,2019,17.8,,45.791,,5676.0,0.95,31.5262
Kepler-472 b,Kepler-472,Transit,2016,,3.22,4.176255514,,4996.0,0.85,306.602
Kepler-1482 b,Kepler-1482,Transit,2016,,1.01,12.25383217,,5381.0,0.88,567.556
HD 4113 b,HD 4113,Radial Velocity,2007,541.26177712,,526.5239,,,1.008,41.8727
Kepler-114 c,Kepler-114,Transit,2013,2.8,1.6,8.041,,,0.56,259.533
Kepler-1735 b,Kepler-1735,Transit,2021,,1.19429134,7.71792984,,3975.0,0.535,245.303
Kepler-152 c,Kepler-152,Transit,2014,,2.39,88.255055,,5088.0,,441.09
Kepler-217 d,Kepler-217,Transit,2016,,1.32,3.88689525,,6341.0,1.37,1104.64
HD 109988 b,HD 109988,Radial Velocity,2022,6935.33366915,,17132.15854,,,0.88,42.5279
TOI-2583 A b,TOI-2583 A,Transit,2023,79.45710175,14.4595851,4.5207265,1456.0,5936.0,1.215,566.189
Kepler-517 b,Kepler-517,Transit,2016,,2.67,60.92832271,,5690.0,0.95,289.907
Kepler-116 b,Kepler-116,Transit,2014,,3.42,5.968734,,6142.0,,955.168
Kepler-1009 b,Kepler-1009,Transit,2016,,2.17,11.35011917,,4027.0,0.59,355.019
TOI-7009 b,TOI-7009,Transit,2026,,3.71,2.3206612,872.0,4080.0,0.583,184.12
K2-220 b,K2-220,Transit,2018,,2.37,13.68186,761.0,5612.0,0.91,233.514
Kepler-25 d,Kepler-25,Radial Velocity,2014,71.9,,122.4,,,1.165,243.249
Kepler-62 e,Kepler-62,Transit,2013,36.0,1.61,122.3874,270.0,4925.0,0.69,300.874
Kepler-730 c,Kepler-730,Transit,2018,,1.56926,2.85188338,1607.0,5620.0,1.047,1935.04
Kepler-381 c,Kepler-381,Transit,2014,,1.12,13.391635,,6152.0,,267.323
Kepler-888 b,Kepler-888,Transit,2016,,1.76,70.6979061,,5875.0,0.97,420.817
TOI-5486 b,TOI-5486,Transit,2026,,3.96824928,2.02470073205,,3750.17,,89.6811
WASP-92 b,WASP-92,Transit,2016,255.85315,16.376349,2.1746742,1871.0,6280.0,1.19,575.889
Kepler-313 b,Kepler-313,Transit,2014,,2.53,14.970418,,5727.0,,
Kepler-1329 b,Kepler-1329,Transit,2016,,2.17,9.33646594,,4500.0,0.72,588.037
K2-370 b,K2-370,Transit,2022,11.1,2.67,2.1408093,,5662.0,0.962,144.202
Kepler-1892 b,Kepler-1892,Transit,2021,,1.83707938,6.331230164,,5383.0,0.851,851.595
TIC 24750448 c,TIC 24750448,Transit,2026,,3.09028272,10.14385270726,,4545.43,,178.146
Kepler-1119 b,Kepler-1119,Transit,2016,,1.92,8.3265153,,6083.0,1.11,1757.23
OGLE2-TR-L9 b,OGLE2-TR-L9,Transit,2008,1430.175,18.046,2.4855335,,6933.0,1.52,1627.63
TOI-2524 b,TOI-2524,Transit,2023,203.41018048,11.2089807,7.18585,1100.0,5831.0,1.007,438.842
HD 96167 b,HD 96167,Radial Velocity,2009,227.88411,,498.04,,5733.0,1.27,85.3006
BD+20 594 b,BD+20 594,Transit,2016,22.2481,2.57807,41.6855,,5766.0,1.67,179.461
Kepler-882 b,Kepler-882,Transit,2016,,1.23,3.989539666,,5476.0,0.9,504.605
HD 27894 b,HD 27894,Radial Velocity,2005,196.73578393,,18.01939,,,0.81,43.8214
KMT-2021-BLG-1077L b,KMT-2021-BLG-1077L,Microlensing,2022,69.92224954,,,,,0.14,8240.0
Kepler-1150 b,Kepler-1150,Transit,2016,,1.02,2.787868386,,4754.0,0.76,358.518
K2-208 b,K2-208,Transit,2018,,1.67462172,4.19097,1122.0,5500.0,0.881,256.887
HAT-P-4 b,HAT-P-4,Transit,2007,213.255,14.28,3.056536,1686.0,5860.0,1.248,320.451
HD 109833 b,HD 109833,Transit,2022,,2.888,9.188526,,5881.0,1.08,79.5561
Kepler-239 c,Kepler-239,Transit,2014,,2.51,56.228098,,4914.0,,648.109
Kepler-1343 b,Kepler-1343,Transit,2016,,1.93,3.35183158,,5759.0,0.95,1756.71
Kepler-1231 b,Kepler-1231,Transit,2016,,1.42,10.41725184,,5778.0,1.01,987.237
Kepler-24 d,Kepler-24,Transit,2014,,1.67,4.244384,,5897.0,,1156.81
Kepler-306 b,Kepler-306,Transit,2014,,1.52,4.646186,,4954.0,,775.679
Kepler-394 c,Kepler-394,Transit,2014,,1.66,12.130686,,6402.0,,1058.72
WASP-11 b,WASP-11,Transit,2008,251.0857,12.44199,3.72247,,4800.0,1.42,124.73
Kepler-1600 b,Kepler-1600,Transit,2016,,3.13,386.370548,,5214.0,0.86,1030.81
KMT-2021-BLG-0119L b,KMT-2021-BLG-0119L,Microlensing,2022,1754.41280664,,,,,0.56,3130.0
HD 7449 b,HD 7449,Radial Velocity,2011,2597.92939882,,1270.55195,,,1.196,38.662
Kepler-937 b,Kepler-937,Transit,2016,,3.72,67.668827,,6095.0,1.15,1571.46
Kepler-1817 b,Kepler-1817,Transit,2021,,2.27349126,44.29919815,,5316.0,0.878,748.569
Kepler-616 b,Kepler-616,Transit,2016,,2.43,9.99761851,,5753.0,0.98,945.775
Kepler-1586 b,Kepler-1586,Transit,2016,,1.52,15.6049212,,6681.0,1.45,552.55
EPIC 201427007 b,EPIC 201427007,Transit,2021,,1.5,0.72091,,5633.0,,706.391
Kepler-1261 b,Kepler-1261,Transit,2016,,2.26,48.4308991,,5006.0,0.82,744.294
11 UMi b,11 UMi,Radial Velocity,2009,4684.8142,,516.21997,,4213.0,2.78,125.321
Kepler-1746 b,Kepler-1746,Transit,2021,,8.93504475,321.2120056,,6018.0,1.09,979.541
WASP-28 b,WASP-28,Transit,2014,282.54945382,13.66374747,3.40883495,1456.0,,0.993,348.494
Kepler-862 b,Kepler-862,Transit,2016,,2.21,3.148664534,,5333.0,0.88,1039.03
Kepler-1069 b,Kepler-1069,Transit,2016,,1.6,23.8990296,,5722.0,0.99,695.967
Kepler-315 b,Kepler-315,Transit,2014,,3.77,96.101141,,5796.0,,1160.63
HD 108202 b,HD 108202,Radial Velocity,2023,953.485221,,2990.0,,,0.74,38.6846
Kepler-419 c,Kepler-419,Transit Timing Variations,2014,2320.1,,675.47,,6430.0,1.39,1011.36
OGLE-2019-BLG-1470L AB c,OGLE-2019-BLG-1470L A,Microlensing,2022,699.2224954,,,,,0.57,5900.0
HD 216520 c,HD 216520,Radial Velocity,2020,9.44,,154.43,,5103.0,0.82,19.552
K2-400 b,K2-400,Transit,2022,,1.163,3.865053,,3578.0,0.374,62.3804
HD 96700 c,HD 96700,Radial Velocity,2021,3.5,,19.88,,5845.0,0.89,25.4111
TIC 88785435 b,TIC 88785435,Transit,2025,,5.03,10.508843,635.0,3998.0,0.724,122.386
HIP 8152 c,HIP 8152,Transit,2023,10.7,2.52442508,19.60562,650.68,5618.0,0.9373,101.694
Kepler-569 b,Kepler-569,Transit,2016,,3.16,34.18890521,,5616.0,0.95,638.301
Kepler-1434 b,Kepler-1434,Transit,2016,,1.11,8.05333618,,6291.0,1.47,775.529
HD 6718 b,HD 6718,Radial Velocity,2009,762.7881768,,2476.0,,5746.0,0.96,51.3444
Kepler-236 c,Kepler-236,Transit,2014,,2.0,23.968127,,3750.0,,288.763
K2-316 b,K2-316,Transit,2020,,1.33,1.133,841.0,3436.0,0.408,112.486
TOI-2152 A b,TOI-2152,Transit,2023,899.45439181,14.35870428,3.3773512,1802.0,6630.0,1.516,303.006
K2-114 b,K2-114,Transit,2017,638.83509807,10.59248676,11.390931,701.4,4899.0,0.863,475.758
Kepler-416 c,Kepler-416,Transit Timing Variations,2014,,,12.209,,,1.0,690.819
WASP-113 b,WASP-113,Transit,2016,150.96925,15.793481,4.54216874538,1496.0,5890.0,1.318,435.156
HD 219666 b,HD 219666,Transit,2018,17.6,4.898,6.034468,1076.0,5540.0,1.02,94.1719
2MASS J01225093-2439505 b,2MASS J01225093-2439505,Imaging,2013,7786.5,,,,3530.0,0.4,33.8281
HD 6434 b,HD 6434,Radial Velocity,2003,155.7367,,21.998,,5769.0,1.1,42.358
Kepler-1065 c,Kepler-1065,Transit,2016,,1.6,2.37030743,,5635.0,0.94,1122.48
TOI-5126 b,TOI-5126,Transit,2023,,4.74,5.4588385,1442.0,6150.0,1.24,160.414
K2-19 c,K2-19,Transit,2015,11.0,4.1,11.906,,5322.0,0.88,289.827
Kepler-32 c,Kepler-32,Transit,2011,158.9,2.0,8.7522,,3900.0,0.58,323.847
GJ 3293 e,GJ 3293,Radial Velocity,2017,3.28,,13.2543,,3466.0,0.42,20.1903
CoRoT-24 c,CoRoT-24,Transit,2014,28.0,5.0,11.759,850.0,4950.0,0.91,591.555
HD 114729 b,HD 114729,Radial Velocity,2002,262.20975,,1121.79,,5844.0,0.936,37.8063
K2-90 b,K2-90,Transit,2016,,2.6,13.733314,502.0,4484.0,0.629,134.188
HD 82943 c,HD 82943,Radial Velocity,2003,622.603,,220.078,,5935.0,1.08,27.5902
Kepler-1073 c,Kepler-1073,Transit,2016,,1.64,4.02582254,,5792.0,1.0,809.897
EPIC 211945201 b,EPIC 211945201,Transit,2018,,5.76,19.49221,817.0,6069.0,1.17,181.69
Kepler-47 b,Kepler-47,Transit,2012,2.07,3.05,49.4643,,,0.957,1025.02
Kepler-972 b,Kepler-972,Transit,2016,,4.65,7.03932553,,6146.0,1.15,1198.03
TOI-332 b,TOI-332,Transit,2023,57.2,3.2,0.777038,1871.0,5251.0,0.88,222.852
TOI-2338 b,TOI-2338,Transit,2023,1900.61387386,11.2089807,22.65398,799.0,5581.0,0.99,313.996
Kepler-282 c,Kepler-282,Transit,2014,,1.2,13.638723,,5602.0,,1337.61
Kepler-388 c,Kepler-388,Transit,2014,,0.86,13.297004,,4498.0,,
KOI-984 b,KOI-984,Transit,2022,,4.3,4.2881785,1022.0,5295.0,0.928,252.667
Kepler-1804 b,Kepler-1804,Transit,2021,,1.59615726,12.28849983,,5109.0,0.929,434.456
Kepler-1065 b,Kepler-1065,Transit,2016,,3.73,3.609308907,,5635.0,0.94,1122.48
HD 152843 b,HD 152843,Transit,2021,9.82,3.05,11.62071,,6310.0,1.15,107.898
Kepler-58 c,Kepler-58,Transit,2012,53.0,2.86,15.5741568,,5843.0,0.95,969.252
Kepler-348 b,Kepler-348,Transit,2014,,1.52,7.05677,,6177.0,,570.783
TOI-2093 b,TOI-2093,Radial Velocity,2025,10.6,,12.836,535.0,4426.0,0.745,82.7982
HD 168443 b,HD 168443,Radial Velocity,1998,2424.3950886,,58.11187,,,0.98,39.6245
HD 24040 c,HD 24040,Radial Velocity,2021,63.88350981,,515.4,,5776.49,1.10394,46.6224
HD 87883 b,HD 87883,Radial Velocity,2009,2005.49724817,,3006.0,,,0.8,18.2912
Kepler-82 e,Kepler-82,Transit,2014,,2.47,5.902206,,5428.0,,904.326
WASP-32 b,WASP-32,Transit,2010,835.8929,10.76064,2.71866,,6140.0,0.72,275.994
WASP-57 b,WASP-57,Transit,2012,204.68252,11.76945,2.83891856,1338.0,5600.0,0.886,398.276
Kepler-1483 b,Kepler-1483,Transit,2016,,1.52,9.5085156,,6337.0,1.25,1273.78
HATS-74 A b,HATS-74 A,Transit,2021,464.02947422,11.56766808,1.73185606,895.1,3776.9,0.601,299.389
Kepler-1602 b,Kepler-1602,Transit,2016,,1.34,11.17931605,,6296.0,1.22,629.804
CoRoT-3 b,CoRoT-3,Transit,2008,6883.91,11.32,4.2568,,6740.0,1.37,768.771
Kepler-256 d,Kepler-256,Transit,2014,,2.48,5.839172,,5551.0,,1026.43
Kepler-304 e,Kepler-304,Transit,2016,,1.2,1.499146953,,4817.0,0.8,434.684
Kepler-1557 b,Kepler-1557,Transit,2016,,1.53,3.74032496,,6099.0,1.11,1380.16
HIP 77900 b,HIP 77900,Imaging,2024,6674.396547,,,2507.0,,,150.862
HD 156668 b,HD 156668,Radial Velocity,2010,4.15,,4.6455,,4850.0,0.772,24.3323
K2-19 b,K2-19,Transit,2015,30.8,7.0,7.9193,,5322.0,0.88,289.827
Kepler-764 b,Kepler-764,Transit,2016,,1.64,7.33683936,,5557.0,0.92,1047.84
KMT-2018-BLG-0748L b,KMT-2018-BLG-0748L,Microlensing,2020,60.0,,,,,0.087,7300.0
TOI-1439 b,TOI-1439,Transit,2024,38.5,4.2427861,27.644,748.4,5841.0,1.2313,230.306
Kepler-296 b,Kepler-296,Transit,2014,,1.61,10.864384,,3740.0,0.498,
Kepler-1539 b,Kepler-1539,Transit,2016,,2.7,133.3036741,,5176.0,0.84,748.326
Kepler-222 d,Kepler-222,Transit,2014,,3.69,28.081912,,5433.0,,758.854
WASP-155 b,WASP-155,Transit,2025,276.8285425,13.45077684,3.110413,1468.0,5660.0,1.09,399.63
Kepler-1616 b,Kepler-1616,Transit,2016,,1.02,6.76284377,,6266.0,1.21,1137.81
TIC 260969020 b,TIC 260969020,Transit,2026,,2.22686612,8.48584501953,,4572.94,,121.222
Kepler-795 b,Kepler-795,Transit,2016,,1.68,29.6193421,,5631.0,0.94,492.122
PDS 70 c,PDS 70,Imaging,2019,2383.7130525,22.19378179,,1054.0,4109.0,0.982,113.064
K2-324 b,K2-324,Transit,2020,,2.43,3.262,707.0,3752.0,0.517,136.667
HATS-28 b,HATS-28,Transit,2016,213.58176,13.383546,3.1810781,1253.0,5498.0,0.929,535.383
K2-419 A b,K2-419 A,Transit,2024,196.0,10.55,20.35847252,377.0,3711.0,0.562,268.685
Kepler-368 b,Kepler-368,Transit,2014,,3.26,26.84768,,5502.0,,770.978
KMT-2021-BLG-0736L b,KMT-2021-BLG-0736L,Microlensing,2025,21.0,,,,,0.6,7000.0
Kapteyn c,Kapteyn,Radial Velocity,2014,7.0,,121.54,,3550.0,0.281,3.93305
WASP-67 b,WASP-67,Transit,2012,136.6669,12.89035,4.61442,,5200.0,0.91,189.469
K2-325 b,K2-325,Transit,2020,,2.2,6.93,423.0,3287.0,0.274,111.638
HD 165155 b,HD 165155,Radial Velocity,2016,918.5287,,434.5,,5426.0,1.02,63.3574
HD 93385 d,HD 93385,Radial Velocity,2021,8.7,,45.85,,5977.0,1.04,43.3475
Kepler-317 b,Kepler-317,Transit,2014,,2.09,5.524242,,5497.0,,940.584
Kepler-994 b,Kepler-994,Transit,2016,,1.6,1.151166506,,3934.0,0.56,188.158
Kepler-331 d,Kepler-331,Transit,2014,,1.64,32.134328,,4347.0,,580.119
Kepler-301 d,Kepler-301,Transit,2014,,1.75,13.751243,,5815.0,,719.166
Kepler-1782 b,Kepler-1782,Transit,2021,,2.22927435,5.756229877,,4931.0,0.794,305.792
Kepler-80 d,Kepler-80,Transit,2014,6.75,1.53,3.07222,,4540.0,0.73,369.451
Kepler-1362 b,Kepler-1362,Transit,2016,,2.6,136.205626,,4857.0,0.8,731.298
Kepler-84 f,Kepler-84,Transit,2014,,2.2,44.552169,,6031.0,,1023.9
Kepler-104 d,Kepler-104,Transit,2014,,3.58,51.755394,,5711.0,,400.785
Kepler-1552 b,Kepler-1552,Transit,2016,,2.47,184.771853,,5202.0,0.85,769.096
Kepler-1300 b,Kepler-1300,Transit,2016,,1.37,22.2419092,,6130.0,1.29,777.025
ups And d,ups And,Radial Velocity,1999,1313.22,,1276.46,,,1.3,13.4054
TOI-1181 b,TOI-1181,Transit,2022,374.71969185,17.02644168,2.103189,,6054.0,1.467,302.819
Kepler-133 c,Kepler-133,Transit,2014,,2.84,31.517586,,5736.0,,653.6
HD 153557 d,HD 153557,Radial Velocity,2022,8725.66108578,,40654.64809,,,0.79,17.9412
Kepler-357 d,Kepler-357,Transit,2014,,3.43,49.499875,,5036.0,,688.573
Kepler-296 f,Kepler-296,Transit,2014,,1.8,63.33627,,3740.0,0.498,
Kepler-251 d,Kepler-251,Transit,2014,,2.77,30.133001,,5526.0,,924.625
Kepler-1996 b,Kepler-1996,Transit,2023,,2.26,32.376183,392.0,4580.0,0.748,440.561
Kepler-334 b,Kepler-334,Transit,2014,,1.12,5.470319,,5828.0,,426.59
HD 202772 A b,HD 202772 A,Transit,2019,323.54931833,18.2370116,3.3088775,2181.0,6442.0,1.721,161.498
KMT-2021-BLG-0852L b,KMT-2021-BLG-0852L,Microlensing,2026,155.73591943,,,,,0.75,7230.0
Kepler-876 b,Kepler-876,Transit,2016,,1.43,5.14438011,,5060.0,0.81,820.913
Kepler-1060 b,Kepler-1060,Transit,2016,,2.38,46.8779367,,5797.0,0.99,946.565
HD 125390 b,HD 125390,Radial Velocity,2019,8646.20398403,,1757.39151,,,1.82,153.647
Kepler-1762 b,Kepler-1762,Transit,2021,,2.76022913,29.53910065,,6572.0,1.298,1663.74
K2-357 b,K2-357,Transit,2021,,3.72,16.3488637,735.0,5794.0,0.98,517.687
TOI-1806.01,TOI-1806,Transit,2024,,3.4095367,15.1454693,337.47,3272.0,0.392935,55.5211
Kepler-542 b,Kepler-542,Transit,2016,,1.57,13.14497566,,5526.0,0.93,436.016
Kepler-716 c,Kepler-716,Transit,2020,,1.39281536,3.96999,,5012.0,0.83,635.009
KMT-2017-BLG-1003L b,KMT-2017-BLG-1003L,Microlensing,2023,5.19,,,,,0.32,7090.0
Kepler-707 b,Kepler-707,Transit,2016,,1.33,2.237492751,,5099.0,0.8,591.776
HD 73267 c,HD 73267,Radial Velocity,2022,1630.77755632,,17071.78045,,,0.93,50.4093
Kepler-1820 b,Kepler-1820,Transit,2021,,3.11883067,31.03249931,,5841.0,1.047,1425.39
HD 98219 b,HD 98219,Radial Velocity,2011,624.21812,,433.8,,4925.0,1.41,113.704
Kepler-139 b,Kepler-139,Transit,2014,,2.94,15.771044,,5594.0,,391.038
TOI-5160 b,TOI-5160,Transit,2026,,2.39729851,4.280773256,,5622.14,,151.465
GJ 96 b,GJ 96,Radial Velocity,2018,19.66,,73.94,,3785.0,0.6,11.9315
Kepler-1858 b,Kepler-1858,Transit,2021,,2.42168247,88.07160187,,4939.0,0.785,833.055
HD 233604 b,HD 233604,Radial Velocity,2013,2089.644,,192.0,,4791.0,1.5,847.058
Kepler-276 c,Kepler-276,Transit,2013,16.6,2.9,31.884,,,1.1,1144.86
Kepler-282 e,Kepler-282,Transit,2013,56.2,3.1,44.347,,,0.97,1337.61
7 CMa c,7 CMa,Radial Velocity,2019,276.5121,,996.0,,4826.0,1.34,19.8101
HD 72659 c,HD 72659,Radial Velocity,2022,6165.8710958,,35500.0,,5929.0,1.033,51.8949
Kepler-136 c,Kepler-136,Transit,2014,,1.99,16.399235,,6165.0,,420.818
Kepler-1173 b,Kepler-1173,Transit,2016,,0.89,0.7698536,,5252.0,0.86,377.06
Kepler-255 b,Kepler-255,Transit,2014,,1.55,5.714606,,5573.0,,1052.53
Kepler-1599 b,Kepler-1599,Transit,2016,,1.62,122.363553,,5767.0,0.99,1328.2
HATS-60 b,HATS-60,Transit,2018,210.40346,12.923977,3.560829,1528.0,5688.0,1.097,486.474
Kepler-154 d,Kepler-154,Transit,2016,,3.84,20.54981883,,5769.0,0.98,915.212
Kepler-451 d,2MASS J19383260+4603591,Eclipse Timing Variations,2022,559.37799632,,43.0,,29564.0,0.48,396.332
K2-157 b,K2-157,Transit,2018,1.14,0.935,0.3652575,2432.0,5334.0,0.89,298.373
Kepler-1676 b,Kepler-1676,Transit,2020,,3.3769596,29.9221,,5878.3,,
Kepler-439 b,Kepler-439,Transit,2015,,2.24,178.1396,,5431.0,0.884,757.048
Kepler-1111 b,Kepler-1111,Transit,2016,,2.0,8.79617863,,6077.0,1.1,841.536
Kepler-144 c,Kepler-144,Transit,2014,,1.35,10.104665,,6075.0,,384.917
Kepler-147 b,Kepler-147,Transit,2014,,1.53,12.610584,,6012.0,,1042.02
TOI-2202 c,TOI-2202,Transit Timing Variations,2021,117.27868218,,24.6744,,5144.0,0.823,235.933
Kepler-1743 b,Kepler-1743,Transit,2021,,1.59887007,7.649710178,,5855.0,1.266,538.807
TOI-4443.01,TOI-4443,Transit,2024,,1.7193265,1.8498567,1638.82,5834.0,1.049133,56.0739
Kepler-758 c,Kepler-758,Transit,2016,,1.69,4.75793986,,6228.0,1.16,1502.32
Kepler-220 b,Kepler-220,Transit,2014,,0.81,4.159807,,4632.0,,171.109
TOI-4438 b,TOI-4438,Transit,2024,5.4,2.52,7.44628,435.0,3422.0,0.368,30.0346
TOI-1798.02,TOI-1798,Transit,2024,,1.464,0.437811822,,5165.0,0.87,113.181
HD 215152 d,HD 215152,Radial Velocity,2018,2.801,,10.86499,,4935.0,0.77,21.5974
TOI-2364 b,TOI-2364,Transit,2023,71.51139158,8.60849718,4.0197517,1091.0,5306.0,0.954,219.614
MOA-2022-BLG-033L b,MOA-2022-BLG-033L,Microlensing,2025,12.15,,,,,0.51,1840.0
Kepler-1571 b,Kepler-1571,Transit,2016,,1.52,3.38555488,,6297.0,1.23,675.303
TOI-4603 b,TOI-4603,Transit,2023,4096.80816623,11.67975789,7.24599,1677.0,6264.0,1.765,225.643
Kepler-831 b,Kepler-831,Transit,2016,,1.27,5.62153941,,5732.0,0.99,593.54
HAT-P-15 b,HAT-P-15,Transit,2010,616.5902,11.88154,10.8635,,5568.0,1.0,192.516
GPX-1 b,GPX-1,Transit,2021,6261.2196179,16.47720163,1.744579,2300.0,7000.0,1.68,655.013
KOI-142 b,KOI-142,Transit,2013,9.5,3.438,10.91647,,5466.0,0.99,376.863
WASP-173 A b,WASP-173 A,Transit,2018,1172.7927,13.4508,1.38665318,1880.0,5800.0,1.05,232.98
HD 238090 b,HD 238090,Radial Velocity,2020,6.89,,13.671,469.6,3933.0,0.578,15.2354
NGTS-12 b,NGTS-12,Transit,2020,66.10864,11.747032,7.532806,1257.0,5690.0,1.021,446.442
TOI-206 b,TOI-206,Transit,2022,,1.3,0.7363104,910.0,3383.0,0.35,47.7465
K2-402 b,K2-402,Transit,2022,,2.678,17.27474,,5716.0,0.944,523.055
K2-283 b,K2-283,Transit,2018,,3.52,1.921036,1186.0,5060.0,0.89,402.915
K2-54 b,K2-54,Transit,2016,,2.6116925,9.7833,560.0,3990.0,0.615,174.955
K2-183 c,K2-183,Transit,2018,,2.3,10.787992,,5482.0,,329.041
Kepler-786 b,Kepler-786,Transit,2016,,2.43,53.5293487,,4838.0,0.81,485.318
HD 10180 c,HD 10180,Radial Velocity,2010,13.221728,,5.75969,,5911.0,1.06,38.9607
Kepler-1478 b,Kepler-1478,Transit,2016,,1.73,26.0840594,,5904.0,1.04,1845.58
HD 93385 c,HD 93385,Radial Velocity,2021,7.1,,13.18,,5977.0,1.04,43.3475
TOI-4214 b,TOI-4214,Transit,2025,165.27077164,10.68215861,3.4913885,1642.0,6370.0,1.382,346.881
K2-222 b,K2-222,Transit,2018,7.5,2.275,15.3889274,803.0,5942.0,0.94,101.321
Kepler-616 d,Kepler-616,Transit,2021,,2.653,51.06740189,,6004.0,1.061,945.775
K2-284 b,K2-284,Transit,2018,,2.78,4.795069,653.0,4140.0,0.63,107.272
OGLE-2019-BLG-0249L b,OGLE-2019-BLG-0249L,Microlensing,2023,2262.93825784,,,,,0.91,6370.0
HAT-P-23 b,HAT-P-23,Transit,2010,664.237,15.334,1.212884,2056.0,5905.0,1.13,364.813
TOI-1232 b,TOI-1232,Transit,2026,220.57291446,10.92875618,14.256,,5823.0,1.058,328.604
TOI-1716.01,TOI-1716,Transit,2024,,3.143,8.082376554,,5879.0,1.07,104.158
Kepler-789 b,Kepler-789,Transit,2016,,2.12,8.63847725,,5870.0,1.01,1480.16
HD 86065 b,HD 86065,Radial Velocity,2022,2877.30056857,,25775.78859,,,0.81,40.3661
Kepler-266 b,Kepler-266,Transit,2014,,2.48,6.61833,,5885.0,,1370.79
Kepler-609 b,Kepler-609,Transit,2016,,3.35,6.521210666,,5971.0,1.09,1065.82
TOI-6080 b,TOI-6080,Transit,2026,,3.32424168,8.05562348084,,5775.46,,188.183
HD 192699 b,HD 192699,Radial Velocity,2007,666.17168,,340.94,,5041.0,1.38,71.8627
K2-53 b,K2-53,Transit,2016,,2.6,12.20772,665.0,5263.0,0.851,138.018
Kepler-1086 b,Kepler-1086,Transit,2016,,2.44,18.78425728,,4350.0,0.7,466.084
Kepler-1555 b,Kepler-1555,Transit,2016,,1.61,8.10501635,,5866.0,1.04,2013.27
Kepler-1950 b,Kepler-1950,Transit,2021,,1.52696349,10.77690029,,5455.0,0.759,697.253
Kepler-1589 b,Kepler-1589,Transit,2016,,1.09,0.991665274,,6166.0,1.18,1513.14
Kepler-1100 b,Kepler-1100,Transit,2016,,1.75,6.42200058,,6247.0,1.21,693.618
Kepler-347 d,Kepler-347,Transit,2023,,3.04,85.517344,482.0,5592.0,1.0,1298.88
KMT-2016-BLG-2605L b,KMT-2016-BLG-2605L,Microlensing,2021,245.0457018,,,,,0.064,6421.0
Kepler-49 c,Kepler-49,Transit,2012,8.38,2.444,10.91,,4095.6,0.607,311.222
Qatar-2 b,Qatar-2,Transit,2011,792.635,14.056,1.33711647,1344.0,4645.0,0.743,181.374
Kepler-585 b,Kepler-585,Transit,2016,,2.83,2.752359753,,5593.0,0.96,585.187
HD 132563 b,HD 132563,Radial Velocity,2011,473.547,,1544.0,,6289.0,1.231,105.155
HD 207832 c,HD 207832,Radial Velocity,2012,232.0159,,1155.7,,5710.0,0.94,58.9291
TOI-286 c,TOI-286,Transit,2024,3.72,1.88,39.361826,475.0,5152.0,0.832,59.2293
Kepler-175 b,Kepler-175,Transit,2014,,2.56,11.903515,,6064.0,,1312.34
Kepler-695 b,Kepler-695,Transit,2016,,9.21,3.040330424,,5181.0,0.84,842.947
Kepler-1491 b,Kepler-1491,Transit,2016,,1.51,16.5861762,,5728.0,1.0,2065.59
Kepler-1265 b,Kepler-1265,Transit,2016,,1.35,6.49441289,,4630.0,0.71,583.641
Kepler-880 b,Kepler-880,Transit,2016,,2.66,7.71468975,,6761.0,1.46,601.324
CoRoT-29 b,CoRoT-29,Transit,2015,270.1555,10.0881,2.85057,,5260.0,0.97,806.507
Kepler-592 b,Kepler-592,Transit,2016,,2.39,2.820192408,,5913.0,1.04,1153.13
CoRoT-35 b,CoRoT-35,Transit,2022,349.6112477,18.83108758,3.22748,1747.0,6390.0,1.01,1123.21
KMT-2021-BLG-2478L b,KMT-2021-BLG-2478L,Microlensing,2023,286.0455663,,,,,0.2,2970.0
GJ 433 c,GJ 433,Radial Velocity,2014,32.422,,5094.105,,,0.48,9.06456
TOI-2337 b,TOI-2337,Transit,2022,508.5254512,10.08808263,2.99432,,4780.0,1.325,536.046
Kepler-1565 b,Kepler-1565,Transit,2016,,1.19,1.538188437,,4940.0,0.76,629.93
WASP-123 b,WASP-123,Transit,2016,,15.13212395,,1500.0,,,197.996
Kepler-1655 b,Kepler-1655,Transit,2018,5.4,2.213,11.8728787,938.0,6148.0,1.03,213.26
Ross 458 c,Ross 458,Imaging,2010,1906.98,14.01125,,,,,11.5094
Kepler-221 e,Kepler-221,Transit,2014,,2.63,18.369917,,5243.0,,385.231
Kepler-1007 b,Kepler-1007,Transit,2016,,1.44,5.185002073,,4587.0,0.73,
Kepler-1587 b,Kepler-1587,Transit,2016,,1.33,9.4060467,,5933.0,1.08,1026.48
Kepler-555 b,Kepler-555,Transit,2016,,2.83,16.21775407,,5894.0,1.03,973.121
HD 203387 b,HD 203387,Radial Velocity,2022,1106.04285636,,512.5352,,,2.817,61.7477
Kepler-509 b,Kepler-509,Transit,2016,,2.49,41.74600392,,6060.0,1.1,332.443
HD 167677 b,HD 167677,Radial Velocity,2023,905.81095995,,1820.0,,5474.0,0.96,54.3258
Kepler-775 b,Kepler-775,Transit,2016,,1.19,0.974868926,,5468.0,0.92,398.676
K2-133 e,K2-133,Transit,2019,,1.73,26.5841,296.0,3655.0,0.461,75.1703
HD 11343 c,HIP 8541,Radial Velocity,2022,255.53403923,,228.53731,,,2.009,155.121
Kepler-141 c,Kepler-141,Transit,2014,,1.41,7.010606,,4910.0,,301.183
HD 130322 b,HD 130322,Radial Velocity,1999,365.49,,10.70871,,5387.0,0.92,31.8766
NGTS-23 b,NGTS-23,Transit,2022,194.82881349,14.20177855,4.0764326,1327.0,6057.0,1.01,1074.95
Kepler-299 b,Kepler-299,Transit,2014,,1.32,2.927128,,5617.0,,1052.24
HAT-P-21 b,HAT-P-21,Transit,2010,1547.8321,12.44199,4.12448,,5588.0,1.24,277.278
HATS-24 b,HATS-24,Transit,2017,718.2958,15.636555,1.3484978,2166.0,6125.0,1.07,494.182
Kepler-1398 c,Kepler-1398,Transit,2016,,1.03,4.13827595,,6126.0,1.13,852.204
NGTS-18 b,NGTS-18,Transit,2021,129.99181846,13.56286665,3.05125,1381.0,5610.0,1.003,1096.19
TOI-5726.01,TOI-5726,Transit,2024,,2.554,5.491125215,,5874.0,1.06,108.848
TOI-4342 b,TOI-4342,Transit,2023,7.3,2.329,5.5382592,639.0,3866.0,0.587,61.5204
Kepler-193 c,Kepler-193,Transit,2014,,2.75,50.697494,,6335.0,,1009.1
XO-4 b,XO-4,Transit,2010,451.3186,14.01125,4.12508,,6397.0,1.1,272.655
HD 1666 b,HD 1666,Radial Velocity,2015,2040.0,,270.0,,6317.0,1.5,117.908
GJ 3378 b,GJ 3378,Radial Velocity,2026,2.3,,21.45,272.0,3340.0,0.262,7.72274
Kepler-184 d,Kepler-184,Transit,2014,,2.49,29.022358,,5788.0,,610.326
TOI-559 b,TOI-559,Transit,2021,1910.14872607,12.22899794,6.9839095,1180.0,5925.0,1.026,233.266
Kepler-39 b,Kepler-39,Transit,2011,6388.1,13.9,21.08721,897.0,6350.0,1.29,1057.41
Kepler-716 b,Kepler-716,Transit,2016,,2.9,10.37168453,,5099.0,0.83,635.009
HAT-P-54 b,HAT-P-54,Transit,2015,241.5508,10.581296,3.799847,818.0,4390.0,0.645,143.651
Kepler-938 b,Kepler-938,Transit,2016,,2.22,52.6298417,,5533.0,0.92,1182.05
Kepler-353 c,Kepler-353,Transit,2014,,1.38,8.410894,,3903.0,,384.694
WASP-90 b,WASP-90,Transit,2016,200.2329,18.27067,3.916243,1840.0,6430.0,1.55,466.433
TrES-1 b,TrES-1,Transit,2004,266.9772,12.66617,3.03007,,5230.0,1.04,159.658
Kepler-1337 b,Kepler-1337,Transit,2016,,2.41,24.4002549,,4523.0,0.7,601.629
Kepler-1543 b,Kepler-1543,Transit,2016,,2.71,6.96710269,,6561.0,1.39,921.784
Kepler-241 c,Kepler-241,Transit,2014,,2.57,36.065978,,4699.0,,
Kepler-43 b,Kepler-43,Transit,2011,1026.5909,13.663771,3.0240949,1620.0,6041.0,1.32,1005.84
Kepler-1800 b,Kepler-1800,Transit,2021,,0.99679734,4.562029839,,5343.0,1.33,350.455
Kepler-823 b,Kepler-823,Transit,2016,,1.57,4.16809082,,5643.0,0.98,1389.27
TOI-5777 b,TOI-5777,Transit,2026,,3.09551273,6.91716177373,,4408.03,,114.277
TIC 38828280 b,TIC 38828280,Transit,2026,,2.62701629,4.85558984762,,5046.63,,286.415
K2-213 b,K2-213,Transit,2018,,1.51398464,8.13087,,5794.0,1.069596,389.702
HD 219134 b,HD 219134,Radial Velocity,2015,4.74,1.602,3.092926,1015.0,4699.0,0.81,6.53127
TIC 18942729 b,TIC 18942729,Transit,2026,,2.00021315,0.99817838064,,4360.11,,115.169
TOI-1937 A b,TOI-1937 A,Transit,2023,638.83509807,13.97759893,0.94667944,2097.0,5814.0,1.072,415.135
Kepler-224 d,Kepler-224,Transit,2014,,2.3,11.349393,,5018.0,,782.088
Kepler-104 c,Kepler-104,Transit,2014,,3.13,23.668205,,5711.0,,400.785
Kepler-1993 b,Kepler-1993,Transit,2023,,4.15,26.6565737,903.0,5159.0,1.373,1031.91
Kepler-630 b,Kepler-630,Transit,2016,,3.18,161.4743937,,5829.0,1.02,839.784
NGTS-35 b,NGTS-35,Transit,2025,152.0,10.9,25.241192,451.0,4717.0,0.789,183.078
HD 18015 b,HD 18015,Radial Velocity,2018,1010.6994,,2278.0,,5603.0,1.49,123.801
HD 133131 A b,HD 133131 A,Radial Velocity,2016,451.3186,,649.0,,5799.0,0.95,51.4736
Kepler-1588 b,Kepler-1588,Transit,2016,,0.76,7.84931739,,5817.0,0.96,924.141
Kepler-945 b,Kepler-945,Transit,2016,,2.63,31.0033814,,5718.0,0.97,1651.25
KMT-2022-BLG-1818L b,KMT-2022-BLG-1818L,Microlensing,2026,1271.313628,,,,,0.79,5300.0
Oph 11 b,Oph 11,Imaging,2006,4449.62,,7300000.0,2175.0,2375.0,0.016,
K2-317 b,K2-317,Transit,2020,,2.93,6.22,432.0,3387.0,0.403,176.291
HD 222155 b,HD 222155,Radial Velocity,2011,673.7996,,3999.0,,5701.0,1.21,50.6078
Kepler-116 c,Kepler-116,Transit,2014,,2.3,13.07163,,6142.0,,955.168
K2-44 b,K2-44,Transit,2016,,2.433,5.657,,5912.0,1.15,476.703
HD 12235 c,HD 12235,Radial Velocity,2022,3135.69506346,,36336.70679,,,1.1,31.7627
Kepler-1848 b,Kepler-1848,Transit,2021,,1.4088539,5.604020119,,4847.0,0.756,309.696
75 Cet c,75 Cet,Radial Velocity,2023,289.85950718,,2051.62,,4809.0,1.92,82.9613
Qatar-10 b,Qatar-10,Transit,2019,233.92288,17.295487,1.645321,1955.0,6124.0,1.156,559.068
HD 11964 b,HD 11964,Radial Velocity,2005,198.0,,1945.0,,5303.0,0.91,33.5369
MOA-2010-BLG-328L b,MOA-2010-BLG-328L,Microlensing,2013,9.2,,,,,0.11,810.0
Kepler-53 b,Kepler-53,Transit,2012,111.0,2.89,18.6489525,,5858.0,0.98,1366.07
KMT-2016-BLG-2397L b,KMT-2016-BLG-2397L,Microlensing,2020,836.0,,,,,0.64,4880.0
Kepler-1405 b,Kepler-1405,Transit,2016,,3.96,28.2274184,,5925.0,1.05,1530.3
Kepler-255 d,Kepler-255,Transit,2016,,1.32,1.045622658,,5431.0,0.9,1052.53
HATS-30 b,HATS-30,Transit,2016,224.38798,13.170575,3.1743516,1414.0,5943.0,1.093,342.14
Kepler-1445 b,Kepler-1445,Transit,2016,,0.96,10.60052251,,6150.0,1.13,506.357
Kepler-1199 b,Kepler-1199,Transit,2016,,1.15,15.0447198,,5889.0,0.94,563.493
Kepler-1023 b,Kepler-1023,Transit,2016,,2.63,62.1387714,,5494.0,0.93,694.175
Kepler-625 c,Kepler-625,Transit,2016,,1.05,4.1653651,,5789.0,1.04,760.708
K2-201 b,K2-201,Transit,2018,,1.40006712,1.05979,,5507.0,0.956055,197.932
K2-275 b,K2-275,Transit,2018,,2.34,3.2809626,1166.0,4841.0,0.77,123.438
Kepler-225 b,Kepler-225,Transit,2014,,1.2,6.738975,,3682.0,,561.101
TIC 65612701 b,TIC 65612701,Transit,2026,,5.07802804,10.22467974953,,5692.29,,151.624
HD 5278 b,HD 5278,Transit,2021,7.8,2.45,14.339156,943.0,6203.0,1.126,57.5846
Kepler-539 c,Kepler-539,Transit Timing Variations,2016,762.792,,1000.0,253.0,5820.0,1.048,307.318
Kepler-286 b,Kepler-286,Transit,2014,,1.24,1.796302,,5580.0,,1226.85
Kepler-55 f,Kepler-55,Transit,2014,,1.59,10.198545,,4503.0,,578.796
Kepler-215 d,Kepler-215,Transit,2014,,2.39,30.864423,,5739.0,,485.997
K2-31 b,K2-31,Transit,2016,563.83042,11.88154,1.25785,,5280.0,0.91,110.527
Kepler-1143 b,Kepler-1143,Transit,2016,,1.67,2.888904849,,5053.0,0.81,555.189
HD 133131 B b,HD 133131 B,Radial Velocity,2016,794.575,,5769.0,,5805.0,0.93,51.2993
Kepler-1805 b,Kepler-1805,Transit,2021,,1.54502915,8.847940445,,3867.0,0.581,221.639
Kepler-847 b,Kepler-847,Transit,2016,,1.18,2.343231895,,4940.0,0.83,513.103
Kepler-32 b,Kepler-32,Transit,2011,1303.0,2.2,5.90124,,3900.0,0.58,323.847
Kepler-140 c,Kepler-140,Transit,2014,,1.8,91.353282,,6077.0,,583.859
K2-336 b,K2-336,Transit,2021,,1.22,21.194733,569.0,5424.0,0.86,239.289
KMT-2021-BLG-1554L b,KMT-2021-BLG-1554L,Microlensing,2022,38.13940884,,,,,0.08,7680.0
GJ 1061 c,GJ 1061,Radial Velocity,2020,1.81,,6.6821,,2953.0,0.12,3.67278
Kepler-968 b,Kepler-968,Transit,2016,,2.0,3.692983728,,4598.0,0.76,290.324
KMT-2023-BLG-0416L b,KMT-2023-BLG-0416L,Microlensing,2024,13.03096469,,,,,0.63,5900.0
OGLE-2017-BLG-0173L b,OGLE-2017-BLG-0173L,Microlensing,2018,3.269,,,,,0.396,4705.0
Kepler-940 b,Kepler-940,Transit,2016,,3.34,59.6225257,,5769.0,0.97,1260.78
Kepler-262 b,Kepler-262,Transit,2014,,1.36,13.060855,,5841.0,,613.129
TOI-3457 b,TOI-3457,Transit,2026,797.74930157,10.64,32.600268,824.2,6300.0,1.04,370.666
TOI-942 c,TOI-942,Transit,2020,,4.67,10.156272,,,0.822,152.601
Kepler-69 b,Kepler-69,Transit,2013,,2.24,13.722341,779.0,5638.0,0.81,730.625
HD 167768 b,HD 167768,Radial Velocity,2022,270.15414595,,20.6532,,4851.0,1.08,107.214
KELT-19 A b,KELT-19 A,Transit,2017,1293.5681,21.40919,4.6117093,1935.0,7500.0,1.62,300.276
HR 858 b,HR 858,Transit,2019,3.55,2.004,3.585287,1552.0,6354.0,1.204,31.964
Kepler-447 b,Kepler-447,Transit,2015,435.41,18.49,7.79430132,,5493.0,1.0,268.041
TIC 434398831 c,TIC 434398831,Transit,2025,,5.63,6.210291,1050.0,5638.0,0.992,217.011
K2-59 c,K2-59,Transit,2016,,2.3,11.2954,,5055.0,0.774,311.313
HR 8799 d,HR 8799,Imaging,2008,3000.0,13.0,37000.0,,,1.5,41.2441
Kepler-1649 b,Kepler-1649,Transit,2017,,1.017,8.689099,307.0,3240.0,0.1977,92.1913
HD 141399 c,HD 141399,Radial Velocity,2014,422.7139,,201.99,,5600.0,1.07,37.0169
K2-90 c,K2-90,Transit,2016,,1.3,2.900706,,4421.98,0.704613,134.188
HD 12648 b,HD 12648,Radial Velocity,2015,622.9468,,133.60001,,4835.0,0.67,182.192
K2-58 c,K2-58,Transit,2016,,1.62,2.53726,,5413.0,0.89,181.746
WASP-182 b,WASP-182,Transit,2019,47.03884,9.52765,3.3769848,1479.0,5638.0,1.076,327.602
Kepler-489 b,Kepler-489,Transit,2016,,7.72,17.276296119,,5014.0,0.82,369.645
Kepler-1924 b,Kepler-1924,Transit,2021,,2.65446572,15.33170033,,5726.0,1.018,1910.77
Kepler-922 b,Kepler-922,Transit,2016,,1.42,0.938466832,,5671.0,0.95,536.323
HD 19994 b,HD 19994,Radial Velocity,2003,435.41,,466.2,,6188.0,1.365,22.5242
TOI-2570 b,TOI-2570,Transit,2022,260.61929374,13.64132951,2.9887615,1431.0,5771.0,1.063,361.857
Kepler-232 b,Kepler-232,Transit,2014,,3.08,4.431222,,5847.0,,1349.13
HATS-4 b,HATS-4,Transit,2014,420.471,11.433,2.516729,1315.0,5403.0,1.001,416.459
TOI-763 c,TOI-763,Transit,2020,9.32,2.63,12.2737,800.0,5450.0,0.917,95.1274
HIP 54373 c,HIP 54373,Radial Velocity,2019,12.44,,15.144,,4021.0,0.57,18.7168
K2-263 b,K2-263,Transit,2018,15.4,2.513,50.819172,482.0,5368.0,0.88,162.481
K2-32 d,K2-32,Transit,2016,6.7,3.484,31.71701,550.0,5271.0,0.83,157.682
Kepler-732 b,Kepler-732,Transit,2016,,2.18,9.467814048,,3631.0,0.49,174.826
K2-190 c,K2-190,Transit,2018,,1.09308317,21.574023,,5631.0,0.904597,160.679
K2-43 c,K2-43,Transit,2019,,2.42,2.198884,1093.7,3840.6,0.571,182.536
K2-42 b,K2-42,Transit,2016,,2.15,6.68796,,4613.0,0.702,396.913
Kepler-185 b,Kepler-185,Transit,2014,,1.17,1.6329,,5208.0,,466.735
Kepler-178 d,Kepler-178,Transit,2014,,3.95,96.678988,,5676.0,,716.025
HD 38801 b,HD 38801,Radial Velocity,2009,3082.31534,,685.25,,5338.0,1.207,91.4349
K2-316 c,K2-316,Transit,2020,,1.83,5.26,423.0,3436.0,0.408,112.486
KMT-2019-BLG-0414L b,KMT-2019-BLG-0414L,Microlensing,2022,1452.47581999,,,,,0.74,4410.0
TOI-1203.01,TOI-1203,Transit,2021,7.39,2.918,25.502672,743.6,5737.0,0.886,64.9943
TIC 67686059 b,TIC 67686059,Transit,2026,,2.59125922,3.52163529551,,5090.09,,249.203
Kepler-207 b,Kepler-207,Transit,2014,,1.57,1.611865,,5920.0,,875.519
WASP-114 b,WASP-114,Transit,2016,562.24127,15.008851,1.5487743,2043.0,5940.0,1.289,523.337
Kepler-602 b,Kepler-602,Transit,2016,,2.09,15.28469497,,6062.0,1.08,1159.31
Kepler-396 b,Kepler-396,Transit,2013,75.5,3.5,42.994,,,0.85,223.757
Kepler-113 c,Kepler-113,Transit,2014,8.7,2.18,8.92507,,4725.0,0.75,262.351
G 264-012 b,G 264-012,Radial Velocity,2021,2.5,,2.30538,587.0,3326.0,0.297,16.009
NGC 2682 YBP 1514 b,NGC 2682 YBP 1514,Radial Velocity,2014,127.132,,5.118,,5725.0,0.96,914.221
Kepler-1238 b,Kepler-1238,Transit,2016,,1.93,4.14787559,,6386.0,1.3,1632.13
K2-225 b,K2-225,Transit,2018,,3.60929179,15.8723,923.0,5520.0,1.482,357.778
Kepler-1802 c,Kepler-1802,Transit,2021,,2.322,33.13610077,,4245.0,0.649,636.694
HD 116029 b,HD 116029,Radial Velocity,2011,444.962,,670.0,,4819.0,0.83,123.245
Kepler-259 c,Kepler-259,Transit,2014,,2.7,36.924931,,5938.0,,1002.14
Kepler-1617 b,Kepler-1617,Transit,2016,,1.2,27.4785572,,6167.0,1.15,898.31
K2-388 b,K2-388,Transit,2022,,3.9,6.33932,874.0,5310.0,0.93,290.495
Kepler-142 d,Kepler-142,Transit,2014,,2.16,41.809118,,5790.0,,548.686
Kepler-1840 b,Kepler-1840,Transit,2021,,2.77771129,131.1900024,,4898.0,0.774,513.107
Kepler-1757 b,Kepler-1757,Transit,2021,,2.94660251,19.65640068,,5288.0,0.828,807.308
Kepler-737 b,Kepler-737,Transit,2016,,1.96,28.59915399,,3813.0,0.51,205.118
TOI-2094 b,TOI-2094,Transit,2026,,1.9,18.793193,276.0,3435.0,0.425,50.0248
TOI-913 b,TOI-913,Transit,2023,,2.4528,11.098644,712.01,4969.0,0.82,65.1769
HAT-P-50 b,HAT-P-50,Transit,2015,429.0705,14.437192,3.1220109,1862.0,6280.0,1.273,515.458
HD 92788 c,HD 92788,Radial Velocity,2019,1166.4361,,11611.2975,,5744.0,1.15,34.6538
Kepler-1423 b,Kepler-1423,Transit,2016,,1.06,23.955378,,4939.0,0.79,
HD 175167 b,HD 175167,Radial Velocity,2009,4703.8604236,,1175.0,,,1.09,71.0863
Kepler-1920 b,Kepler-1920,Transit,2021,,2.95415848,30.2541008,,6277.0,1.239,885.913
TOI-2104 b,TOI-2104,Transit,2026,,1.52898127,5.904370457,,4856.13,,76.7418
K2-148 d,K2-148,Transit,2018,,1.64,9.7579,,4079.0,0.65,124.458
WASP-132 c,WASP-132,Transit,2022,6.26,1.841,1.01153624,1329.0,4686.0,0.789,122.91
TOI-1346 c,TOI-1346,Transit,2025,,2.23,5.502558,928.0,5099.0,0.82,115.45
WASP-192 b,WASP-192,Transit,2019,731.009,13.78707,2.8786765,1620.0,5910.0,1.09,508.885
HD 28109 b,HD 28109,Transit,2022,6.2,2.69,22.891054,867.0,6189.0,1.227,139.611
TOI-2427 b,TOI-2427,Transit,2022,,1.8,1.3060011,1117.0,4072.0,0.64,28.5147
HATS-32 b,HATS-32,Transit,2016,292.4036,14.000041,2.8126548,1437.0,5700.0,1.099,745.116
Kepler-276 d,Kepler-276,Transit,2013,16.3,2.8,48.648,,,1.1,1144.86
Kepler-245 b,Kepler-245,Transit,2014,,2.57,7.49019,,5100.0,,861.527
Gliese 12 b,Gliese 12,Transit,2024,0.95,0.93,12.761418,,3328.0,0.255,12.21
K2-408 b,K2-408,Transit,2022,,1.677,20.978959,,5335.0,0.813,162.306
TOI-5388.01,TOI-5388,Transit,2024,2.2,0.99,2.5946748,488.0,3440.0,0.292,18.5226
TOI-5159 b,TOI-5159,Transit,2026,,1.54732112,5.83639428843,,5156.16,,55.1788
Kepler-1063 b,Kepler-1063,Transit,2016,,1.49,14.07971466,,5945.0,1.09,343.226
Kepler-172 b,Kepler-172,Transit,2014,,2.35,2.940309,,5526.0,,828.592
Kepler-181 b,Kepler-181,Transit,2014,,1.27,3.137873,,5333.0,,609.283
Kepler-219 d,Kepler-219,Transit,2014,,2.81,47.903645,,5786.0,,787.07
WASP-162 b,WASP-162,Transit,2018,1652.716,11.209,9.62468,910.0,5300.0,0.95,310.841
Kepler-949 b,Kepler-949,Transit,2016,,2.91,8.689307296,,5403.0,0.89,486.105
TIC 279401253 b,TIC 279401253,Transit,2023,1951.46641898,11.2089807,76.8,,5951.0,1.13,285.584
Kepler-65 b,Kepler-65,Transit,2012,,1.42,2.15491,,6211.0,1.25,303.728
K2-73 b,K2-73,Transit,2016,9.2,2.58,7.49556,968.0,5867.0,1.02,269.183
Kepler-441 b,Kepler-441,Transit,2015,,1.64,207.2482,,4340.0,0.572,268.003
KOI-134 b,KOI-134,Transit,2025,346.43296363,12.03844527,67.1277,659.0,6160.0,1.407,1159.21
K2-389 b,K2-389,Transit,2022,,2.33,8.58289,932.0,5773.0,0.99,259.208
Kepler-1899 b,Kepler-1899,Transit,2021,,1.55098292,4.095779896,,4791.0,0.759,711.509
TOI-2194 b,TOI-2194,Transit,2023,,1.9892,15.337597,590.88,4756.0,0.74,19.5711
Kepler-646 b,Kepler-646,Transit,2016,,1.99,15.87364565,,5634.0,0.93,451.794
CoRoT-14 b,CoRoT-14,Transit,2010,2415.4,12.22,1.51214,1952.0,6035.0,1.13,1744.6
TOI-1722 b,TOI-1722,Transit,2026,,4.38298108,9.60523206943,,5999.55,,136.419
Kepler-254 c,Kepler-254,Transit,2014,,2.15,12.412183,,5957.0,,1389.48
TOI-1199 b,TOI-1199,Transit,2024,75.96098927,10.5140239,3.671463,1486.0,5710.0,1.23,248.427
WASP-53 b,WASP-53,Transit,2017,677.61356,12.038466,3.3098443,1053.0,4953.0,0.839,201.338
TOI-669 b,TOI-669,Transit,2023,10.0,2.58606487,3.945152,1124.85,5597.0,0.9245,142.867
K2-384 f,K2-384,Transit,2022,,2.222,13.62749,,3623.0,0.33,82.6603
HD 83443 b,HD 83443,Radial Velocity,2002,127.76701961,,2.985628,,5442.0,1.0,40.8991
KOI-142 c,KOI-142,Transit Timing Variations,2013,214.1,,22.26492,,5466.0,0.99,376.863
Kepler-757 b,Kepler-757,Transit,2016,,1.36,1.022678821,,6014.0,1.08,1068.68
Kepler-160 d,Kepler-160,Transit Timing Variations,2020,100.0,,30.0,,5471.0,,937.013
Kepler-164 b,Kepler-164,Transit,2014,,1.41,5.03503,,5888.0,,890.758
KOI-1843.03,Kepler-974,Transit,2013,8.0,0.61,0.1768913,,3584.0,0.46,134.311
Kepler-1073 b,Kepler-1073,Transit,2016,,2.3,8.67888593,,5792.0,1.0,809.897
Kepler-782 b,Kepler-782,Transit,2016,,3.21,158.6853308,,5867.0,0.98,446.844
Kepler-679 b,Kepler-679,Transit,2016,,3.01,12.39358604,,5403.0,0.87,922.244
Kepler-1289 b,Kepler-1289,Transit,2016,,1.52,7.99019627,,6080.0,1.1,1053.57
EPIC 212737443 b,EPIC 212737443,Transit,2019,,2.586,13.603,536.0,4684.0,0.69,336.25
KOINTREAU-4 b,2MASS J16262785-2625152,Imaging,2026,4862.7746271,,,,,,145.434
HD 4208 b,HD 4208,Radial Velocity,2001,257.4423,,832.97,,5717.0,0.883,34.1937
Kepler-307 c,Kepler-307,Transit,2013,3.64,2.2,13.0729,,5367.0,0.907,575.581
HAT-P-51 b,HAT-P-51,Transit,2015,97.57332095,13.50682174,4.21802091,1168.2,5453.0,0.961,440.089
Kepler-817 b,Kepler-817,Transit,2016,,9.03,3.990106229,,5861.0,1.03,1484.46
K2-384 d,K2-384,Transit,2022,,1.392,6.679582,,3623.0,0.33,82.6603
Kepler-1624 b,Kepler-1624,Transit,2016,,6.59,3.290314,,3768.0,0.541,258.979
TYC 1422-614-1 b,TYC 1422-614-1,Radial Velocity,2014,794.5,,198.4,,4806.0,1.15,672.41
Kepler-1519 b,Kepler-1519,Transit,2016,,7.06,240.7989397,,5644.0,0.94,1441.63
Kepler-725 b,Kepler-725,Transit,2016,,10.8,39.64372,514.0,5395.0,0.95,758.469
HD 59686 A b,HD 59686 A,Radial Velocity,2016,2199.3836,,299.36,,4658.0,1.9,89.2721
HATS-35 b,HATS-35,Transit,2016,388.38826,16.409976,1.8209993,2037.0,6300.0,1.317,514.555
TOI-5076 b,TOI-5076,Transit,2024,16.14568308,3.48935569,23.443162,550.0,4780.0,0.789,82.857
TOI-4504 c,TOI-4504,Transit,2024,1197.32317485,11.09689089,82.97213,,5315.0,0.89,342.605
OGLE-2018-BLG-0298L b,OGLE-2018-BLG-0298L,Microlensing,2022,44.49597698,,,,,0.69,6540.0
HD 19615 b,HD 19615,Radial Velocity,2022,2701.5414595,,402.0,,4263.0,1.1,265.155
Kepler-1141 b,Kepler-1141,Transit,2016,,0.82,2.344511944,,5791.0,1.01,393.642
Kepler-129 b,Kepler-129,Transit,2014,20.0,2.4,15.79,,5770.0,1.178,408.845
HD 62509 b,HD 62509,Radial Velocity,2006,731.0,,589.64,,4892.63,,
TOI-1288 b,TOI-1288,Transit,2022,44.1,4.96846551,2.6998279,1203.44,5388.0,0.9552,114.865
HD 235088 b,HD 235088,Transit,2023,4.15,1.982,7.4341325,,5075.0,0.849,41.1706
K2-37 c,K2-37,Transit,2016,,2.41,6.42966,839.0,5352.0,0.84,179.943
Kepler-1529 b,Kepler-1529,Transit,2016,,2.1,5.33905686,,5048.0,0.81,661.014
Kepler-87 c,Kepler-87,Transit,2013,6.4,6.14,191.2318,403.0,5600.0,1.1,1232.9
Kepler-1981 b,Kepler-1981,Transit,2023,,9.23,453.54212,390.0,5874.0,1.519,659.395
HD 147873 b,HD 147873,Radial Velocity,2016,1633.6462,,116.596,,5972.0,1.38,109.055
Kepler-58 d,Kepler-58,Transit,2014,,2.94,40.101371,,6099.0,,969.252
HD 219415 b,HD 219415,Radial Velocity,2012,317.83,,2093.3,,4820.0,1.0,165.184
Kepler-1866 b,Kepler-1866,Transit,2021,,2.08215108,11.66009998,,5791.0,1.03,976.737
HD 120084 b,HD 120084,Radial Velocity,2013,2034.1018048,,2142.0,,4879.0,2.16,103.044
HD 180902 b,HD 180902,Radial Velocity,2009,535.54355,,510.9,,4961.0,1.41,104.577
HD 47366 c,HD 47366,Radial Velocity,2016,483.73483545,,677.53,,4866.0,1.81,84.3552
Kepler-353 b,Kepler-353,Transit,2014,,0.89,5.795278,,3903.0,,384.694
Kepler-1506 b,Kepler-1506,Transit,2016,,1.32,14.0329154,,5676.0,0.95,2366.02
K2-340 b,K2-340,Transit,2021,,3.36,29.740451,606.0,5532.0,0.93,738.136
WASP-136 b,WASP-136,Transit,2016,,16.81347105,,1630.0,,,275.587
KIC 3558849 b,KIC 3558849,Transit,2015,,6.9,1322.3,,6175.0,0.98,1215.7
Kepler-409 b,Kepler-409,Transit,2014,6.0,1.199,68.9583216,438.0,5421.0,0.913,68.173
Kepler-1610 b,Kepler-1610,Transit,2016,,1.61,8.70181574,,5383.0,0.91,864.331
Kepler-376 b,Kepler-376,Transit,2014,,1.07,4.920199,,5900.0,,923.067
TOI-5592 b,TOI-5592,Transit,2025,285.72773789,17.14974047,2.6085846,1789.0,6237.0,1.194,597.026
Kepler-1867 b,Kepler-1867,Transit,2021,,1.15985997,9.887359619,,5693.0,0.911,680.583
HD 160691 d,HD 160691,Radial Velocity,2004,,,9.6392,,5773.0,1.13,15.5981
Kepler-471 b,Kepler-471,Transit,2016,,14.96,5.014234575,,6733.0,1.49,1249.41
kap And b,kap And,Imaging,2012,5498.4314411,15.91675259,,1791.0,11327.0,2.768,50.0177
K2-308 b,K2-308,Transit,2019,,9.916,3.38628,,6100.0,1.09,1314.53
Kepler-145 c,Kepler-145,Transit,2013,79.4,4.32,42.882,,,1.32,566.85
K2-189 c,K2-189,Transit,2018,,2.31,6.67932,877.0,5442.0,0.85,242.113
WASP-73 b,WASP-73,Transit,2014,908.9938,15.91678,4.08722,,6030.0,2.52,316.678
b Cen AB b,b Cen A,Imaging,2021,3464.3296363,,1790000.0,,,5.5,98.0935
Kepler-1902 b,Kepler-1902,Transit,2021,,1.17563613,3.822220087,,3729.0,0.52,344.337
HD 158259 c,HD 158259,Radial Velocity,2020,5.6,,3.432,,,1.08,27.0498
47 UMa d,47 UMa,Radial Velocity,2009,521.22,,14002.0,,5872.0,1.06,13.7967
TOI-1347 c,TOI-1347,Transit,2024,6.4,1.6,4.841962,1000.0,5464.0,0.913,147.476
Kepler-81 b,Kepler-81,Transit,2012,,2.42,5.955,,,0.64,348.291
CFBDSIR J145829+101343 b,CFBDSIR J145829+101343,Imaging,2011,3337.1,,10037.5,370.0,580.5,0.021,
HIP 39017 b,HIP 39017,Imaging,2024,7500.7504052,,31000.0,,,1.52,66.3217
Kepler-1751 b,Kepler-1751,Transit,2021,,1.82417378,7.017310143,,6052.0,0.974,1291.47
HIP 21152 b,HIP 21152,Imaging,2022,7627.881768,,22000.0,1300.0,6655.0,1.4,43.4073
Kepler-292 b,Kepler-292,Transit,2014,,1.32,2.580827,,5299.0,,1056.48
Kepler-1776 b,Kepler-1776,Transit,2021,,2.61157023,35.01190186,,5872.0,1.041,690.336
Kepler-399 b,Kepler-399,Transit,2014,,0.96,14.425281,,5502.0,,740.537
Kepler-692 b,Kepler-692,Transit,2016,,3.11,21.81293494,,5440.0,0.9,991.336
HD 20794 e,HD 20794,Radial Velocity,2017,4.77,,147.02,,,0.813,6.00278
TOI-2328 b,TOI-2328,Transit,2025,50.85254512,9.97599282,17.10197,842.0,5525.0,0.95,231.782
TOI-6041 b,TOI-6041,Transit,2025,28.9,4.55,26.04945,605.6,5445.0,0.885,72.4731
K2-129 b,K2-129,Transit,2017,,1.04,8.239493,,3459.09,0.360031,27.7957
Kepler-1786 b,Kepler-1786,Transit,2021,,3.16305828,78.5460968,,5808.0,1.058,863.909
TOI-1758 b,TOI-1758,Transit,2024,,3.62,20.705074685,,5169.0,0.88,96.6215
K2-125 b,K2-125,Transit,2017,,2.18,21.750264,,3654.47,0.494727,124.156
TOI-2211.01,TOI-2211,Transit,2024,,1.561,3.092686757,,5253.0,0.9,70.2932
Kepler-1709 b,Kepler-1709,Transit,2021,,3.12424875,65.70459747,,5918.0,1.003,273.946
Kepler-765 b,Kepler-765,Transit,2016,,2.43,27.6655226,,5901.0,1.05,1076.28
Kepler-110 c,Kepler-110,Transit,2014,,2.21,31.719775,,5960.0,,586.531
K2-86 b,K2-86,Transit,2016,,1.96,8.77683,,5482.0,0.79,258.699
TOI-2295 b,TOI-2295,Transit,2024,278.09985612,16.47720163,30.033302,747.0,5730.0,1.168,126.279
Kepler-330 b,Kepler-330,Transit,2014,,1.35,8.25978,,5117.0,,717.527
BD+14 4559 b,BD+14 4559,Radial Velocity,2009,330.5432,,268.94,,4864.0,0.49,49.352
TIC 245076932 b,TIC 245076932,Transit,2026,162.09248757,10.87271128,21.61389,845.0,6130.0,1.117,303.96
K2-27 b,K2-27,Transit,2016,30.2,4.74,6.771347,836.0,5246.0,0.88,249.645
Kepler-395 c,Kepler-395,Transit,2014,,1.32,34.989262,,4262.0,,421.382
TOI-2986 b,TOI-2986,Transit,2025,96.61983573,9.292245,3.2783662,1622.0,5906.0,1.122,563.149
AB Pic b,AB Pic,Imaging,2005,4290.5,,,,,,50.0475
TOI-4994 b,TOI-4994,Transit,2024,88.99195396,8.54124329,21.491984,717.6,5640.0,1.005,329.304
Kepler-552 b,Kepler-552,Transit,2016,,3.95,5.263415765,,5863.0,1.03,843.689
OGLE-2015-BLG-1670L b,OGLE-2015-BLG-1670L,Microlensing,2019,17.9,,,,,0.55,6700.0
TOI-3877 b,TOI-3877,Transit,2025,99.7981198,11.67975789,4.123596,1445.0,5731.0,1.16,493.77
K2-46 b,K2-46,Transit,2016,,2.05,19.1541,,6256.0,0.96,449.237
Kepler-160 b,Kepler-160,Transit,2014,,1.715,4.309397,,5471.0,,937.013
WASP-4 b,WASP-4,Transit,2007,381.3940884,15.12091496,1.338230994,1653.0,,0.899,267.206
TOI-2169 A b,TOI-2169 A,Transit,2025,329.58805806,12.50922246,8.2148282,1364.0,6270.0,1.42,351.487
Kepler-1154 b,Kepler-1154,Transit,2016,,2.34,5.1856142,,6327.0,1.26,1460.1
Kepler-1338 b,Kepler-1338,Transit,2016,,0.92,0.935118057,,5909.0,1.04,753.26
Kepler-56 d,Kepler-56,Radial Velocity,2016,1784.0,,1002.0,,4819.44,,912.994
HD 233832 b,HD 233832,Radial Velocity,2018,565.7374,,2058.0,,4981.0,0.71,58.742
Kepler-437 b,Kepler-437,Transit,2015,,2.14,66.65062,,4551.0,0.707,
Kepler-155 c,Kepler-155,Transit,2014,,2.24,52.661793,,4508.0,,293.499
Kepler-799 c,Kepler-799,Transit,2021,,2.78068551,15.19419956,,5588.0,1.031,
TOI-558 b,TOI-558,Transit,2021,1147.36054927,12.17295304,14.574071,1061.0,6466.0,1.349,402.63
HATS-16 b,HATS-16,Transit,2016,1039.3041,14.5717,2.686502,1592.0,5738.0,0.97,757.044
TOI-1135 b,TOI-1135,Transit,2024,58.79825529,9.91994792,8.0277327,1171.0,6320.0,1.119,114.048
HD 137496 b,HD 137496,Transit,2021,4.04,1.31,1.62116,2130.0,5799.0,1.04,155.317
HD 181342 b,HD 181342,Radial Velocity,2009,807.2882,,564.1,,4945.0,1.69,120.391
K2-352 d,K2-352,Transit,2021,,2.23,14.871387,727.0,5791.0,0.98,176.051
Kepler-139 e,Kepler-139,Radial Velocity,2023,426.1158152,,2047.635373,,,1.078,391.038
TOI-1203 b,TOI-1203,Radial Velocity,2025,3.51,1.52,4.1572888,1361.2,5737.0,0.886,64.9943
Kepler-1006 b,Kepler-1006,Transit,2016,,1.54,19.76172042,,5328.0,0.78,
K2-199 c,K2-199,Transit,2018,12.4,2.85,7.3744897,694.0,4491.0,0.711,107.518
OGLE-2003-BLG-235L b,OGLE-2003-BLG-235L,Microlensing,2004,830.0,,,,,0.63,5800.0
HATS-5 b,HATS-5,Transit,2014,75.323,10.223,4.763387,1025.0,5304.0,0.936,246.384
OGLE-2017-BLG-0482L b,OGLE-2017-BLG-0482L,Microlensing,2018,9.0,,,,,0.2,5800.0
TOI-942 b,TOI-942,Transit,2020,,3.89,4.32421,,,0.822,152.601
HD 148427 b,HD 148427,Radial Velocity,2009,381.3940884,,331.9,,5025.0,1.64,71.3499
TIC 46432937 b,TIC 46432937,Transit,2024,1017.0509024,13.31626907,1.44044527,872.0,3572.0,0.563,90.5369
Kepler-169 d,Kepler-169,Transit,2014,,1.25,8.348125,,4997.0,,406.529
Kepler-304 c,Kepler-304,Transit,2014,,2.17,5.315946,,4731.0,,434.684
HD 155918 c,HD 155918,Radial Velocity,2022,1878.04805696,,17202.19446,,,1.03,27.561
Kepler-1686 b,Kepler-1686,Transit,2020,,1.42553017,9.30987,,5714.96,1.02,729.823
Kepler-1097 b,Kepler-1097,Transit,2016,,3.26,187.747029,,5211.0,0.82,719.802
Kepler-1704 b,Kepler-1704,Transit,2021,1322.16617312,11.94877343,988.88112,253.8,5746.0,1.132,835.455
KMT-2021-BLG-1253L b,KMT-2021-BLG-1253L,Microlensing,2022,19.05,,,,,0.24,6640.0
TOI-4794 b,TOI-4794,Transit,2025,308.29355479,14.35870428,3.5658116,1673.0,6390.0,1.25,543.008
HD 28471 b,HD 28471,Radial Velocity,2025,3.72,,3.1649,1377.0,5766.0,0.98,43.6455
TOI-157 b,TOI-157,Transit,2020,375.0394,14.414774,2.0845435,1588.0,5404.0,0.948,355.683
K2-115 b,K2-115,Transit,2017,321.00669107,11.80305668,20.2729914,696.0,5870.0,0.918,413.591
Kepler-223 e,Kepler-223,Transit,2014,4.8,4.6,19.72567,,,1.125,1859.71
HD 108874 c,HD 108874,Radial Velocity,2005,314.64,,1624.0,,5551.0,0.95,59.5175
HATS-34 b,HATS-34,Transit,2016,299.07803,16.02887,2.1061607,1445.0,5380.0,0.955,508.842
Kepler-477 b,Kepler-477,Transit,2016,,2.07,11.11990653,,5240.0,0.87,
HD 73344 b,HD 73344,Transit,2024,10.48,2.884,15.611,911.0,6252.6,1.2,35.26
HD 9446 c,HD 9446,Radial Velocity,2009,578.426,,192.9,,5793.0,1.0,50.3503
CFHTWIR-Oph 98 b,CFHTWIR-Oph 98 A,Imaging,2020,2479.0615746,20.8487041,8040000.0,1800.0,2320.0,0.0147,
HD 21749 c,GJ 143,Transit,2019,3.7,0.892,7.78993,701.0,4640.0,0.73,16.32
Kepler-424 b,Kepler-424,Transit,2014,327.35,9.98,3.3118644,,5460.0,1.01,698.646
TOI-1269 b,TOI-1269,Transit,2024,6.4,2.40144286,4.2529913,1004.9,5499.0,0.9027,172.138
Kepler-1525 b,Kepler-1525,Transit,2016,,0.91,2.416601183,,5748.0,1.07,382.989
Kepler-1458 b,Kepler-1458,Transit,2016,,2.76,47.9872764,,5653.0,0.96,544.45
TOI-1224 c,TOI-1224,Transit,2024,,2.884,17.945466,,3326.0,0.4,37.3312
HAT-P-61 b,HAT-P-61,Transit,2021,335.9446262,10.07687365,1.90231289,1505.0,5587.0,1.004,338.84
gam Lib c,gam Lib,Radial Velocity,2018,1662.56039702,,966.49,,4879.0,1.78,47.4017
Kepler-307 b,Kepler-307,Transit,2013,7.44,2.43,10.4208,,5367.0,0.907,575.581
Kepler-84 d,Kepler-84,Transit,2014,,1.38,4.224537,,6031.0,,1023.9
HD 121504 b,HD 121504,Radial Velocity,2003,479.9233,,63.33,,6027.0,1.62,41.6592
HIP 113103 b,HIP 113103,Transit,2023,,1.829,7.610303,721.0,4930.0,0.761,46.2122
Kepler-246 b,Kepler-246,Transit,2014,,2.34,4.60182,,5206.0,,626.078
Kepler-1806 b,Kepler-1806,Transit,2021,,2.35560189,9.033320427,,5311.0,0.884,978.066
Kepler-1361 b,Kepler-1361,Transit,2016,,0.86,3.57554956,,5131.0,0.83,389.143
HD 88072 b,HD 88072,Radial Velocity,2022,2511.79790052,,18538.79293,,,1.04,35.9098
Kepler-1224 b,Kepler-1224,Transit,2016,,1.33,13.32351601,,6155.0,1.18,559.598
Kepler-306 e,Kepler-306,Transit,2014,,2.27,44.840975,,4954.0,,775.679
K2-338 b,K2-338,Transit,2021,,1.03,3.850614,783.0,4558.0,0.66,156.951
Kepler-265 e,Kepler-265,Transit,2014,,2.59,67.831024,,5835.0,,1280.25
Kepler-1457 b,Kepler-1457,Transit,2016,,1.99,51.1110243,,5866.0,1.01,889.885
Kepler-1558 b,Kepler-1558,Transit,2016,,0.68,3.50470358,,5101.0,0.83,325.737
TOI-2158 b,TOI-2158,Transit,2022,260.61929374,10.76062147,8.60077,1188.0,5673.0,1.12,198.473
Kepler-548 b,Kepler-548,Transit,2016,,11.99,4.454194338,,5535.0,0.93,751.776
WASP-163 b,WASP-163,Transit,2018,594.3421,13.473218,1.6096884,1638.0,5500.0,0.97,261.386
61 Vir d,61 Vir,Radial Velocity,2009,22.9,,123.01,,5577.0,0.942,8.50332
K2-164 b,K2-164,Transit,2018,,3.24925008,17.355066,,5791.0,1.180894,375.67
HD 164922 d,HD 164922,Radial Velocity,2020,4.0,,12.458,,5390.0,0.926,22.0016
NGC 2682 YBP 401 b,NGC 2682 YBP 401,Radial Velocity,2016,146.2018,,4.087,,6165.0,1.14,830.822
Kepler-512 b,Kepler-512,Transit,2016,,2.69,34.43587975,,5997.0,1.17,467.375
K2-351 b,K2-351,Transit,2021,,2.54,7.806164,934.0,5769.0,1.02,694.734
Kepler-1444 b,Kepler-1444,Transit,2016,,2.18,33.42035034,,5810.0,1.03,319.675
Kepler-50 c,Kepler-50,Transit,2012,,2.17,9.37647,,6225.0,1.24,250.11
Kepler-1681 b,Kepler-1681,Transit,2020,,2.55321772,69.8956,,5756.4,,758.3
omi UMa b,omi UMa,Radial Velocity,2012,1160.39151396,,1569.81,,5075.0,2.72,54.9149
Kepler-1753 b,Kepler-1753,Transit,2021,,2.22678077,16.00460052,,5180.0,0.86,707.688
TOI-756 c,TOI-756,Radial Velocity,2025,1287.20504835,,149.4,194.0,3657.0,0.505,86.1759
Kepler-954 b,Kepler-954,Transit,2016,,2.32,16.78176602,,4990.0,0.82,215.814
HAT-P-36 b,HAT-P-36,Transit,2011,587.413406,14.313893,1.32734683,1780.97,5620.0,1.03,294.419
Kepler-121 c,Kepler-121,Transit,2014,,2.27,41.008011,,5311.0,,510.523
KMT-2017-BLG-2331L b,KMT-2017-BLG-2331L,Microlensing,2024,171.0,,,,,0.4,8030.0
Kepler-1723 b,Kepler-1723,Transit,2021,,2.88046569,39.75289917,,6072.0,0.96,811.278
TOI-1669 b,TOI-1669,Radial Velocity,2023,191.0,,500.0,,5497.0,0.9867,111.276
Kepler-1136 b,Kepler-1136,Transit,2016,,1.64,2.361724329,,4512.0,0.72,491.406
TOI-2714 b,TOI-2714,Transit,2024,228.0,13.72,2.499387,1603.0,5665.0,1.07,597.873
Kepler-285 c,Kepler-285,Transit,2014,,1.12,6.186676,,5411.0,,824.31
TOI-2641 b,TOI-2641,Transit,2023,122.6817651,18.10250383,4.880974,1387.0,6100.0,1.16,344.045
WASP-100 b,WASP-100,Transit,2014,400.4658,14.90797,2.84938,,6900.0,0.77,364.411
Kepler-385 d,Kepler-385,Transit,2020,,2.6186448,56.4159,,5829.0,1.05,1432.61
HD 215497 c,HD 215497,Radial Velocity,2009,111.23994245,,566.0,,,0.92,40.5468
NGC 2682 Sand 978 b,NGC 2682 Sand 978,Radial Velocity,2017,692.8694,,511.21,,4200.0,1.37,821.918
HD 2685 b,HD 2685,Transit,2019,371.8611,16.14096,4.12688,2061.0,6801.0,1.43,196.852
HD 23472 e,HD 23472,Transit,2022,0.72,0.818,7.90754,723.0,4684.0,0.67,39.0341
HAT-P-39 b,HAT-P-39,Transit,2012,190.372,17.609,3.54387,1752.0,6430.0,1.404,697.004
DENIS-P J082303.1-491201 b,DENIS-P J082303.1-491201,Astrometry,2013,9057.77,,246.36,,,0.075,
TOI-5153 b,TOI-5153,Transit,2022,1036.12060682,11.88151954,20.33003,906.0,6300.0,1.24,390.484
HD 156846 b,HD 156846,Radial Velocity,2007,3391.2461,,359.51001,,6090.0,1.38,47.7332
HATS-41 b,HATS-41,Transit,2018,3082.951,14.90797,4.193649,1710.0,6424.0,1.496,737.668
KMT-2022-BLG-2286L b,KMT-2022-BLG-2286L,Microlensing,2024,6038.739733,,,,,0.2,7320.0
Kepler-1671 b,Kepler-1671,Transit,2020,,1.32557381,4.16787,,5135.55,0.866,357.059
GJ 687 b,GJ 687,Radial Velocity,2014,17.2,,38.142,,,0.4,4.54939
TOI-2154 b,TOI-2154,Transit,2023,292.40213444,16.28664896,3.8240801,1580.0,6280.0,1.233,296.46
Kepler-288 c,Kepler-288,Transit,2014,,2.85,19.305772,,5918.0,,1194.15
GJ 328 c,GJ 328,Radial Velocity,2023,21.4,,241.8,,3897.0,0.65,20.5266
HAT-P-66 b,HAT-P-66,Transit,2016,248.86089,17.82231,2.972086,1896.0,6002.0,1.255,935.456
Kepler-1708 b,Kepler-1708,Transit,2021,1462.0106722,9.96,737.1131,,6157.0,1.088,1666.69
Kepler-1532 b,Kepler-1532,Transit,2016,,1.35,1.093663559,,5559.0,0.91,798.246
KIC 8121913 b,KIC 8121913,Orbital Brightness Modulation,2021,667.4396547,,3.294601,,5975.3,1.456,707.303
HD 102956 b,HD 102956,Radial Velocity,2010,305.1168,,6.4947,,4985.0,1.66,121.89
HD 153557 c,HD 153557,Radial Velocity,2022,17.48056238,,15.27018,,,0.79,17.9412
Kepler-1394 b,Kepler-1394,Transit,2016,,1.39,3.93766373,,6481.0,1.64,640.409
TOI-1278 b,TOI-1278,Transit,2021,5879.8255295,12.21778896,14.47567,,3799.0,0.54,75.5759
Lupus-TR-3 b,Lupus-TR-3,Transit,2007,257.431,9.976,3.91405,,5000.0,0.87,773.409
Kepler-49 d,Kepler-49,Transit,2014,,1.6,2.576549,,4252.0,,311.222
ROXs 42 B b,ROXs 42 B,Imaging,2013,2860.0,,,1975.0,,1.0,143.59
TOI-1448 b,TOI-1448,Transit,2024,19.5,2.749,8.112245,426.0,3412.0,0.372,73.3345
HIP 109384 b,HIP 109384,Radial Velocity,2016,495.8148,,499.48,,5180.0,0.78,58.9582
Kepler-576 b,Kepler-576,Transit,2016,,3.27,29.91136794,,5672.0,0.99,617.55
HAT-P-44 c,HAT-P-44,Radial Velocity,2014,1271.3,,872.2,,5295.0,0.942,347.85
Kepler-281 d,Kepler-281,Transit,2021,,5.93747806,148.2720032,,5717.0,0.984,1745.45
K2-373 b,K2-373,Transit,2022,,2.061,11.02066,,6138.0,1.158,229.567
Kepler-308 c,Kepler-308,Transit,2014,,2.16,15.38231,,5895.0,,1335.92
Kepler-314 b,Kepler-314,Transit,2014,,0.83,2.461069,,5378.0,,268.881
HD 44219 b,HD 44219,Radial Velocity,2010,184.34047606,,472.0,,,1.2,52.9051
Kepler-603 b,Kepler-603,Transit,2016,,2.65,21.05358596,,5808.0,1.01,1539.63
Kepler-1713 b,Kepler-1713,Transit,2021,,1.71673535,18.01160049,,6477.0,1.3,295.293
Kepler-1845 b,Kepler-1845,Transit,2021,,2.43836702,11.60649967,,4703.0,0.686,710.724
WASP-180 A b,WASP-180 A,Transit,2019,286.047,13.89916,3.409264,1540.0,6600.0,1.3,253.985
Kepler-1321 c,Kepler-1321,Transit,2016,,2.4,2.226491086,,4094.0,0.54,769.146
Kepler-191 b,Kepler-191,Transit,2014,,1.34,9.939632,,5282.0,,594.464
Kepler-1452 b,Kepler-1452,Transit,2016,,2.7,42.913751,,6101.0,1.41,996.32
KMT-2019-BLG-0335L b,KMT-2019-BLG-0335L,Microlensing,2023,6674.396547,,,,,0.32,7710.0
TOI-3331 A b,TOI-3331 A,Transit,2022,721.47048389,12.97999965,2.0180231,1488.0,5609.0,1.016,217.193
Kepler-610 c,Kepler-610,Transit,2016,,3.3,151.86392,,5943.0,1.1,845.824
WASP-42 b,WASP-42,Transit,2012,167.49641,12.576498,4.9816819,1021.0,5315.0,0.951,177.291
HD 16417 b,HD 16417,Radial Velocity,2008,22.1,,17.24,,,1.2,25.3936
Kepler-1383 b,Kepler-1383,Transit,2016,,1.41,13.9093583,,6370.0,1.26,1027.21
Kepler-7 b,Kepler-7,Transit,2009,140.16303,18.180998,4.8854892,1630.0,5933.0,1.359,922.562
Kepler-1608 b,Kepler-1608,Transit,2016,,1.73,16.4735686,,4992.0,0.75,
Kepler-658 b,Kepler-658,Transit,2016,,1.63,1.287076762,,4103.0,0.63,388.384
UKIRT-2017-BLG-001L b,UKIRT-2017-BLG-001L,Microlensing,2018,407.0,,,,,0.81,6300.0
HD 24085 b,HD 24085,Radial Velocity,2019,11.8,,2.0455,,6034.0,1.22,54.9004
GJ 667 C e,GJ 667 C,Radial Velocity,2013,2.7,,62.24,,3350.0,0.33,7.24396
GJ 2030 c,GJ 2030,Radial Velocity,2022,4069.15709482,,25533.11353,,,0.96,37.0788
K2-74 b,K2-74,Transit,2016,,2.31,19.5666,,6060.0,0.96,377.822
Kepler-1674 b,Kepler-1674,Transit,2020,,3.2057749,62.5611,,5473.91,0.96,1012.48
Kepler-1808 b,Kepler-1808,Transit,2021,,3.02511302,23.3404007,,5530.0,0.773,1022.01
HD 5583 b,HD 5583,Radial Velocity,2016,1837.0574,,139.35,,4830.0,1.01,219.216
HATS-42 b,HATS-42,Transit,2018,597.5204,15.6926,2.292102,1856.0,6060.0,1.273,800.377
Pr0211 c,Pr0211,Radial Velocity,2016,2475.8957,,4850.0,,5300.0,0.935,182.714
HD 142 c,HD 142,Radial Velocity,2012,3464.64746471,,10159.64279,,,1.21,26.1853
TOI-3682 b,TOI-3682,Transit,2025,69.28659273,12.80065596,3.3462406,1657.0,5703.0,1.32,404.211
Kepler-453 b,Kepler-453,Transit,2015,16.0,6.204,240.503,,5527.0,0.944,442.846
Kepler-649 b,Kepler-649,Transit,2016,,2.26,29.90722674,,5871.0,0.97,513.748
HD 20003 c,HD 20003,Radial Velocity,2019,14.44,,33.9239,,5494.0,0.875,41.8316
OGLE-2019-BLG-0954L b,OGLE-2019-BLG-0954L,Microlensing,2021,4513.1633794,,,,,0.8,3630.0
Kepler-1264 b,Kepler-1264,Transit,2016,,1.18,0.968526023,,5791.0,0.99,801.993
K2-259 b,K2-259,Transit,2018,,2.32,15.48043,795.0,6059.0,1.14,416.457
Kepler-797 b,Kepler-797,Transit,2016,,2.17,27.07237711,,5680.0,0.96,1315.26
HD 6860 b,HD 6860,Radial Velocity,2023,8981.83078182,,663.87,,3802.0,2.49,61.12469
Kepler-874 b,Kepler-874,Transit,2016,,3.94,40.0686727,,6020.0,1.09,1082.16
Kepler-601 b,Kepler-601,Transit,2016,,1.9,5.378868441,,5160.0,0.85,414.825
Kepler-1698 b,Kepler-1698,Transit,2020,,1.07315686,1.2107,,4975.03,0.822,222.345
2MASS J11011926-7732383 b,2MASS J11011926-7732383,Imaging,2024,8899.195396,,,2677.0,,,
HD 194490 b,HD 194490,Radial Velocity,2022,3561.90295725,,13092.18348,,,1.06,80.2349
K2-292 b,K2-292,Transit,2019,24.5,2.63,16.9841,795.0,5725.0,1.0,114.293
K2-116 b,K2-116,Transit,2017,,0.69,4.655411,,4348.35,0.694512,49.3855
Kepler-1605 b,Kepler-1605,Transit,2016,,1.08,85.7565495,,5280.0,0.86,546.23
Wendelstein-2 b,Wendelstein-2,Transit,2020,232.33373,12.9934728,1.7522239,2470.0,4591.0,0.73,565.541
Kepler-197 c,Kepler-197,Transit,2014,,1.23,10.349695,,6004.0,,330.575
HD 332231 b,HD 332231,Transit,2020,74.1,9.07303305,18.712024,798.3,6128.0,1.1642,80.6665
HAT-P-16 b,HAT-P-16,Transit,2010,,14.68376472,,1566.0,,,226.637
HD 219134 f,HD 219134,Radial Velocity,2015,7.3,1.31,22.717,522.6,4699.0,0.81,6.53127
MOA-2010-BLG-477L b,MOA-2010-BLG-477L,Microlensing,2012,480.0,,,,5950.0,0.67,2300.0
Kepler-84 c,Kepler-84,Transit,2012,,2.36,12.883,,,1.0,1023.9
OGLE-2013-BLG-0341L B b,OGLE-2013-BLG-0341L B,Microlensing,2014,1.66,,,,,0.1127,911.0
HD 46375 b,HD 46375,Radial Velocity,2000,71.8,,3.023573,,5285.0,0.92,29.5529
Kepler-818 b,Kepler-818,Transit,2016,,5.11,10.035385814,,5638.0,0.94,925.037
Kepler-97 b,Kepler-97,Transit,2014,3.51,1.48,2.58664,,5779.0,0.94,400.907
HD 213885 b,HD 213885,Transit,2019,8.83,1.745,1.008035,2128.0,5978.0,1.068,48.0883
HD 73344 c,HD 73344,Radial Velocity,2025,118.54999581,,65.94,,6148.0,1.19,35.26
TOI-1683.01,TOI-1683,Transit,2024,,2.6382,3.0575356,929.25,4402.0,0.694661,51.1884
Pr0201 b,Pr0201,Radial Velocity,2012,171.6282,,4.4264,,6174.0,1.24,180.64
TOI-6029 b,TOI-6029,Transit,2024,519.64944544,14.39233122,5.7987,,6223.0,1.548,603.119
TOI-969 b,TOI-969,Transit,2022,9.1,2.765,1.8237305,941.0,4435.0,0.734,77.2554
HD 202696 b,HD 202696,Radial Velocity,2019,634.38868,,517.8,,5040.0,1.91,188.546
HD 33844 b,HD 33844,Radial Velocity,2015,638.8383,,551.40002,,4861.0,1.84,105.779
KMT-2025-BLG-1616L b,KMT-2025-BLG-1616L,Microlensing,2026,42.32,,,,,0.26,7500.0
HD 93963 A c,HD 93963 A,Transit,2022,18.4,3.11976057,3.6451389,1212.45,5908.0,1.0844,82.3432
HD 22946 d,HD 22946,Transit,2023,26.57,2.607,47.42489,546.0,6169.0,1.098,62.7792
OGLE-2017-BLG-1140L b,OGLE-2017-BLG-1140L,Microlensing,2018,505.0,,,,,0.211,
Kepler-864 c,Kepler-864,Transit,2023,,1.62,2.42150341,1532.0,6213.0,1.27,2022.9
TIC 147027702 b,TIC 147027702,Transit,2026,346.43296363,10.92875618,44.40523,863.0,6410.0,1.406,457.186
HD 191939 g,HD 191939,Radial Velocity,2022,13.5,,284.0,278.0,5348.0,0.81,53.6089
OGLE-2018-BLG-1212L b,OGLE-2018-BLG-1212L,Microlensing,2022,63.5656814,,,,,0.16,1550.0
TOI-3023 b,TOI-3023,Transit,2023,197.05361234,16.43236571,3.9014971,1596.0,5760.0,1.12,389.916
Kepler-988 b,Kepler-988,Transit,2016,,2.07,17.76080053,,4005.0,0.55,304.889
K2-401 b,K2-401,Transit,2022,,2.262,6.293099,,4213.0,0.87,200.727
WASP-186 b,WASP-186,Transit,2020,1341.2426,12.44199,5.026799,,6361.0,1.22,278.514
Kepler-266 c,Kepler-266,Transit,2014,,3.89,107.723601,,5885.0,,1370.79
HD 152079 b,HD 152079,Radial Velocity,2009,845.74563,,2918.92,,5907.0,1.147,87.8888
Kepler-298 c,Kepler-298,Transit,2014,,1.93,22.92881,,4465.0,,518.204
HD 103774 b,HD 103774,Radial Velocity,2013,116.0,,5.8881,,6489.0,1.335,56.4089
Kepler-122 f,Kepler-122,Transit Timing Variations,2014,36.0,1.75,56.268,,,1.03,1027.45
TOI-1249 b,TOI-1249,Transit,2024,11.9,3.2710301,13.079151,726.89,5497.0,1.0062,139.49
Kepler-1256 b,Kepler-1256,Transit,2016,,1.49,12.4127754,,6129.0,1.17,891.192
Kepler-1606 b,Kepler-1606,Transit,2016,,2.07,196.435224,,5422.0,0.9,831.287
K2-195 b,K2-195,Transit,2018,,3.13,15.852975,720.0,5713.0,0.94,315.014
KMT-2025-BLG-0481L b,KMT-2025-BLG-0481L,Microlensing,2026,187.51876013,,,,,0.22,7980.0
Kepler-1797 b,Kepler-1797,Transit,2021,,3.05774442,23.3593998,,6244.0,1.069,1338.49
Kepler-174 c,Kepler-174,Transit,2014,,1.49,44.000529,,4880.0,,384.757
Kepler-229 d,Kepler-229,Transit,2014,,3.85,41.194912,,5120.0,,826.265
HAT-P-28 b,HAT-P-28,Transit,2011,198.953,13.585,3.257215,1384.0,5680.0,1.025,401.319
K2-160 b,K2-160,Transit,2018,,3.17824034,3.705871,,5649.0,0.982829,315.363
Kepler-1332 b,Kepler-1332,Transit,2016,,1.37,11.87456832,,5581.0,0.95,528.685
K2-285 e,K2-285,Transit,2018,10.7,1.95,14.76289,500.9,4975.0,0.83,154.961
Kepler-1028 b,Kepler-1028,Transit,2016,,1.33,2.51462432,,5522.0,0.9,607.916
GJ 676 A c,GJ 676 A,Radial Velocity,2016,4288.14086724,,13921.42302,,,0.626,16.0272
Kepler-1391 b,Kepler-1391,Transit,2016,,1.68,54.4092333,,5840.0,1.03,1038.35
Kepler-1632 b,Kepler-1632,Transit,2016,,2.47,448.303558,,6137.0,1.12,716.76
Kepler-1051 b,Kepler-1051,Transit,2016,,3.4,25.96200249,,6675.0,1.43,829.343
Kepler-788 b,Kepler-788,Transit,2016,,2.55,8.39846269,,6159.0,1.16,1775.8
KMT-2023-BLG-0548L b,KMT-2023-BLG-0548L,Microlensing,2025,1086.97315194,,,,,0.72,6830.0
Kepler-1873 b,Kepler-1873,Transit,2021,,1.62573811,0.558842003,,5151.0,0.903,820.957
GJ 229 b,GJ 229,Radial Velocity,2014,14.93793513,,579.47495,,,0.509,5.75624
TOI-4507 b,TOI-4507,Transit,2025,20.0,8.2,104.61611,,6260.0,1.11,178.26
TOI-2257 b,TOI-2257,Transit,2021,,2.194,35.189346,256.0,3430.0,0.328,57.7911
TIC 161045582 b,TIC 161045582,Transit,2026,,2.24566738,8.85577189959,,5683.87,,162.246
AB Aur b,AB Aur,Imaging,2022,2860.455663,,,,9770.0,2.4,162.127
Kepler-53 d,Kepler-53,Transit,2014,,2.12,9.751962,,6085.0,,1366.07
KMT-2016-BLG-1105L b,KMT-2016-BLG-1105L,Microlensing,2023,2.32,,,,,0.41,5080.0
Kepler-504 b,Kepler-504,Transit,2016,,1.59,9.549275422,,3519.0,0.33,99.0688
TOI-6281 b,TOI-6281,Transit,2026,,1.92416074,1.05426244177,,4533.23,,57.7451
TOI-2842 b,TOI-2842,Transit,2023,117.59651059,12.84549188,3.5514058,1471.0,5910.0,1.135,460.995
TOI-1226 b,TOI-1226,Transit,2026,,2.4101112,3.92880881576,,5434.91,,257.93
Kepler-226 d,Kepler-226,Transit,2014,,1.22,8.109044,,5571.0,,980.138
CoRoT-36 b,CoRoT-36,Transit,2022,216.12331676,15.80466279,5.616531,1567.0,6730.0,1.32,925.958
TOI-1080 b,TOI-1080,Transit,2026,10.7,1.2,3.9652482,368.0,3065.0,0.1667,25.559
Kepler-123 b,Kepler-123,Transit,2014,,2.94,17.232366,,6089.0,,1021.66
TOI-4961 b,TOI-4961,Transit,2025,572.0911326,12.34108775,7.479182,919.0,5380.0,0.912,213.073
HD 43197 c,HD 43197,Radial Velocity,2022,2500.67390628,,9295.9735,,,0.96,62.4112
Kepler-1960 b,Kepler-1960,Transit,2021,,1.30749704,2.297940016,,6371.0,1.117,1527.56
GJ 3998 b,GJ 3998,Radial Velocity,2016,2.5,,2.65033,,3726.0,0.52,18.1459
K2-128 b,K2-128,Transit,2017,,1.42,5.675819,,4469.51,0.711248,114.637
Kepler-501 b,Kepler-501,Transit,2016,,4.3,5.640677572,,5904.0,1.03,1125.24
MOA-2011-BLG-028L b,MOA-2011-BLG-028L,Microlensing,2016,30.0,,,,,0.75,7380.0
K2-161 b,K2-161,Transit,2018,,6.11721229,9.283188,,4972.0,0.986876,916.319
HD 8673 b,HD 8673,Radial Velocity,2009,4210.59073594,,1644.69097,,,1.28,37.8619
TOI-4463 A b,TOI-4463 A,Transit,2023,252.35575516,13.26022417,2.8807198,1395.0,5640.0,1.056,173.117
TOI-5678 b,TOI-5678,Transit,2023,20.0,4.91,47.73022,513.0,5485.0,0.905,165.393
XO-7 b,XO-7,Transit,2019,225.34147,15.389957,2.8641424,1743.0,6250.0,1.405,234.149
Kepler-77 b,Kepler-77,Transit,2013,136.661,10.761,3.57878087,1440.0,5520.0,0.95,639.411
WASP-66 b,WASP-66,Transit,2012,746.9005,15.6926,4.08605,,6600.0,1.33,500.258
BD-06 1339 b,BD-06 1339,Radial Velocity,2013,8.5,,3.8728,,4324.0,0.7,20.2695
TOI-3629 b,TOI-3629,Transit,2022,82.63538582,8.29464572,3.936551,690.0,3870.0,0.63,130.091
Kepler-1807 b,Kepler-1807,Transit,2021,,2.70393215,10.86060047,,6455.0,1.087,1299.32
HATS-39 b,HATS-39,Transit,2018,200.2329,17.59813,4.5776348,1645.0,6572.0,1.379,878.521
Kepler-819 b,Kepler-819,Transit,2016,,2.76,33.1995648,,5279.0,0.86,664.306
Kepler-320 c,Kepler-320,Transit,2014,,1.37,17.934937,,6435.0,,826.613
K2-69 b,K2-69,Transit,2016,,2.32,7.06599,,4127.0,0.551,180.697
Kepler-379 b,Kepler-379,Transit,2014,,1.66,20.09838,,6054.0,,731.274
K2-386 b,K2-386,Transit,2022,,2.32,7.473223,,5749.0,0.911,428.785
HD 155358 c,HD 155358,Radial Velocity,2007,261.0,,391.9,,5900.0,0.92,43.6197
CI Tau c,CI Tau,Radial Velocity,2024,1144.1822652,,25.2,,,,157.998
KOI-55 b,KOI-55,Orbital Brightness Modulation,2011,0.44,0.759,0.240104,,27730.0,0.496,1231.02
Kepler-515 b,Kepler-515,Transit,2016,,1.46,19.96371318,,5293.0,0.9,
Kepler-253 c,Kepler-253,Transit,2014,,2.65,10.281951,,5208.0,,838.595
HD 220773 b,HD 220773,Radial Velocity,2011,460.8,,3724.7,,5940.0,1.16,50.5103
K2-279 b,K2-279,Transit,2018,,1.21,7.122605,879.0,5558.0,0.79,182.983
TOI-3321 b,TOI-3321,Transit,2024,176.07693748,15.55806521,3.6525145,1616.0,5850.0,1.041,285.895
TOI-1518 b,TOI-1518,Transit,2021,581.62598481,21.05046575,1.90261131,2546.0,7299.0,1.88,225.888
Kepler-1105 b,Kepler-1105,Transit,2016,,2.01,4.421572182,,4299.0,0.71,318.004
Kepler-1564 b,Kepler-1564,Transit,2016,,1.47,18.0540381,,5528.0,0.93,908.805
Kepler-272 d,Kepler-272,Transit,2014,,2.25,10.937304,,5297.0,,889.608
K2-253 b,K2-253,Transit,2018,,12.67,4.00167,1238.0,6027.0,1.08,876.565
EPIC 212499991 b,EPIC 212499991,Transit,2019,,1.6,34.885,,,0.912,283.29
HD 5608 b,HD 5608,Radial Velocity,2012,371.22357938,,768.7,,4807.0,1.29,58.1105
Kepler-599 b,Kepler-599,Transit,2016,,2.84,15.65562652,,5127.0,0.83,558.517
TOI-1803 b,TOI-1803,Transit,2025,10.32,2.99,6.293287,747.0,4687.0,0.756,119.24
Kepler-200 b,Kepler-200,Transit,2014,,2.13,8.594805,,5678.0,,665.912
HD 103949 b,HD 103949,Radial Velocity,2019,11.2,,120.878,,4792.0,0.77,26.4997
K2-91 b,K2-91,Transit,2016,,1.1,1.419549,,3622.0,0.292,62.5785
Kepler-46 d,Kepler-46,Transit,2014,,1.64,6.766589,,5309.0,,777.06
6 Lyn b,6 Lyn,Radial Velocity,2008,597.83523357,,919.86,,4941.0,1.32,54.6599
HD 43197 b,HD 43197,Radial Velocity,2010,175.75910907,,308.92072,,,0.96,62.4112
Kepler-783 b,Kepler-783,Transit,2016,,0.78,4.29264638,,5521.0,0.93,516.09
Kepler-351 b,Kepler-351,Transit,2014,,3.06,37.054919,,5643.0,,1083.91
Kepler-1020 b,Kepler-1020,Transit,2016,,2.28,96.9151496,,5227.0,0.87,415.358
TOI-1408 c,TOI-1408,Transit Timing Variations,2024,7.6,2.22,2.1664,,6117.0,1.312,139.484
Kepler-246 c,Kepler-246,Transit,2014,,1.5,11.187161,,5206.0,,626.078
HATS-63 b,HATS-63,Transit,2018,305.1168,13.529263,3.0566527,1398.3,5627.0,0.931,623.232
TOI-238 b,TOI-238,Transit,2024,3.37,1.559,1.273099,1378.0,5059.0,0.781,80.5407
Kepler-543 b,Kepler-543,Transit,2016,,2.5,13.89961966,,4671.0,0.7,221.802
HD 195019 b,HD 195019,Radial Velocity,1998,1264.9634,,18.20132,,5751.0,1.21,37.6681
KMT-2021-BLG-1547L b,KMT-2021-BLG-1547L,Microlensing,2023,467.20775829,,,,,0.72,5070.0
Kepler-109 b,Kepler-109,Transit,2014,4.9,2.49,6.4816307,1276.0,5950.0,1.094,474.861
Kepler-1072 b,Kepler-1072,Transit,2016,,1.58,1.569066502,,6199.0,1.2,982.716
BD+03 2562 b,BD+03 2562,Radial Velocity,2017,2034.112,,481.9,,4095.0,1.14,1070.63
Kepler-1267 b,Kepler-1267,Transit,2016,,3.01,13.0313945,,6096.0,1.15,1379.43
Kepler-146 b,Kepler-146,Transit,2014,,3.71,31.158799,,5948.0,,716.797
HD 145675 c,14 Her,Radial Velocity,2021,2510.8444153,,,,,0.97,17.9323
K2-334 b,K2-334,Transit,2021,,5.65,5.113981,1380.0,6502.0,1.36,371.823
Kepler-675 b,Kepler-675,Transit,2016,,2.44,2.33743801,,4945.0,0.79,665.68
HD 4313 b,HD 4313,Radial Velocity,2009,612.45841,,356.21,,4943.0,1.63,136.308
Kepler-424 c,Kepler-424,Radial Velocity,2014,2215.18,,223.3,,5460.0,1.01,698.646
Kepler-1628 b,Kepler-1628,Transit,2016,,6.43,76.378033,,3724.0,0.55,
Kepler-1407 b,Kepler-1407,Transit,2016,,2.25,20.0711504,,6010.0,1.1,1396.41
Kepler-84 e,Kepler-84,Transit,2014,,2.6,27.434389,,6031.0,,1023.9
Kepler-1206 b,Kepler-1206,Transit,2016,,1.64,1.216997663,,4877.0,0.8,762.019
K2-66 b,K2-66,Transit,2016,21.3,2.49,5.06963,1372.0,5887.0,1.11,513.877
K2-172 c,K2-172,Transit,2018,,3.20569097,29.62682,,5569.0,0.934356,249.742
Kepler-711 b,Kepler-711,Transit,2016,,3.41,23.58914398,,5222.0,0.84,624.575
K2-319 b,K2-319,Transit,2020,,2.79,26.68,641.0,5440.0,0.954,209.071
Kepler-1117 b,Kepler-1117,Transit,2016,,1.11,4.79028459,,5612.0,0.95,568.487
CoRoT-16 b,CoRoT-16,Transit,2011,170.032,13.11,5.35227,,5650.0,1.098,732.409
K2-214 b,K2-214,Transit,2018,,2.51,8.59656,1001.0,5875.0,1.03,300.64
Kepler-1826 b,Kepler-1826,Transit,2021,,1.47519116,1.615360022,,3821.0,0.49,336.952
FU Tau b,FU Tau,Imaging,2008,5085.28,,,2375.0,2838.0,0.05,
HD 156279 c,HD 156279,Radial Velocity,2016,3098.82696825,,4818.25358,,,0.94,36.1945
TOI-5082.01,TOI-5082,Transit,2024,,2.54811,4.240122,1164.91,5670.0,0.99665,43.1406
Kepler-361 b,Kepler-361,Transit,2014,,1.45,8.486616,,6169.0,,930.32
TOI-1736 b,TOI-1736,Transit,2023,12.3,3.18175535,7.073076,1099.79,5636.0,1.0373,88.9482
HD 33564 b,HD 33564,Radial Velocity,2005,2892.1,,388.0,,6250.0,1.25,20.9531
Kepler-1255 b,Kepler-1255,Transit,2016,,2.32,36.2919336,,6018.0,1.08,1617.07
Kepler-149 c,Kepler-149,Transit,2014,,1.61,55.328328,,5381.0,,571.034
GJ 3512 b,GJ 3512,Radial Velocity,2019,146.51889563,,203.109,,3141.0,0.123,9.48637
Kepler-563 b,Kepler-563,Transit,2016,,3.09,22.18432708,,5066.0,0.8,565.207
Kepler-150 c,Kepler-150,Transit,2014,,3.69,7.381998,,5560.0,,891.092
Kepler-586 b,Kepler-586,Transit,2016,,2.79,2.104722184,,5575.0,0.94,693.766
Kepler-1513 c,Kepler-1513,Transit Timing Variations,2023,84.54235626,,841.4,,5491.0,0.943,349.247
Kepler-867 b,Kepler-867,Transit,2016,,4.64,150.242127,,5541.0,0.92,1195.54
Kepler-1891 b,Kepler-1891,Transit,2021,,1.52139156,4.02229023,,5516.0,0.873,596.24
Kepler-139 f,Kepler-139,Transit Timing Variations,2025,36.0,,355.0,,5630.0,1.078,391.038
Kepler-326 d,Kepler-326,Transit,2014,,1.21,6.766888,,5105.0,,487.675
HD 95872 b,HD 95872,Radial Velocity,2015,1188.6842,,4375.0,,5312.0,0.7,72.2195
Kepler-191 d,Kepler-191,Transit,2016,,2.28,5.945041017,,5215.0,0.84,594.464
HD 153950 b,HD 153950,Radial Velocity,2008,937.5985,,499.39999,,6124.0,1.25,48.4549
TOI-1301.01,TOI-1301,Transit,2024,,2.477,6.096407209,,4820.0,0.77,90.8693
Kepler-1516 b,Kepler-1516,Transit,2016,,1.75,7.25931979,,5904.0,1.04,1358.95
K2-133 c,K2-133,Transit,2017,,1.603,4.86784,,3655.0,0.461,75.1703
TOI-1750 b,TOI-1750,Transit,2026,,2.78943837,11.33727129656,,4683.75,,162.46
Kepler-597 b,Kepler-597,Transit,2016,,2.37,13.02365861,,5683.0,0.97,663.418
Kepler-1489 c,Kepler-1489,Transit,2024,,0.51,0.680741,,5565.53,0.977,1283.05
WASP-35 b,WASP-35,Transit,2011,225.6593,14.5717,3.16158,,5990.0,1.05,202.218
WISPIT 2 c,WISPIT 2,Imaging,2026,3178.28407,17.93436912,,2050.0,4530.0,,134.907
Kepler-1475 b,Kepler-1475,Transit,2016,,2.92,82.177374,,6214.0,1.18,1568.38
Kepler-1607 b,Kepler-1607,Transit,2016,,0.92,13.6473676,,6116.0,1.14,1286.1
TOI-1846 b,TOI-1846,Transit,2025,,1.792,3.9306737,568.1,3568.0,0.418,47.2496
HD 102329 b,HD 102329,Radial Velocity,2011,2593.4928,,778.09998,,4745.0,3.21,217.107
TOI-1859 b,TOI-1859,Transit,2023,,9.75181321,63.48347,,6341.0,1.287,224.385
HD 36384 b,HD 36384,Radial Velocity,2023,2097.6674862,,490.0,,3940.0,1.14,209.309
LkCa 15 c,LkCa 15,Imaging,2015,,,,,4194.0,,158.152
TOI-799 b,TOI-799,Transit,2026,,2.06631784,5.54519139676,,5662.81,,158.526
TOI-172 b,TOI-172,Transit,2019,1722.6386,10.816685,9.47725,1198.0,5645.0,1.128,342.831
K2-4 b,K2-4,Transit,2015,,2.1,10.003417,,4014.73,0.635026,231.828
Kepler-1731 b,Kepler-1731,Transit,2021,,2.93295657,21.76129913,,4859.0,0.781,169.948
Kepler-673 b,Kepler-673,Transit,2016,,6.54,3.728731093,,5355.0,0.88,918.21
TOI-4405 b,TOI-4405,Transit,2026,,2.55505441,5.92143995316,,4467.38,,155.501
Kepler-1451 b,Kepler-1451,Transit,2016,,3.35,35.622233,,5782.0,1.0,1058.72
Kepler-1627 b,Kepler-1627,Transit,2016,,3.69,7.20283653,,5445.0,0.87,317.437
Kepler-468 b,Kepler-468,Transit,2016,,13.34,38.478757067,,5498.0,0.96,442.871
Kepler-1037 b,Kepler-1037,Transit,2016,,1.28,1.063788673,,5105.0,0.82,446.914
Kepler-227 b,Kepler-227,Transit,2014,,3.11,9.488015,,5854.0,,1083.06
Kepler-482 b,Kepler-482,Transit,2016,,2.36,56.35418576,,4871.0,0.75,313.068
HD 38529 c,HD 38529,Radial Velocity,2000,3299.05886466,,2127.60566,,,0.98,42.3538
Kepler-851 b,Kepler-851,Transit,2016,,1.68,8.50699658,,5455.0,0.89,839.255
Kepler-118 c,Kepler-118,Transit,2014,,7.68,20.17202,,5274.0,,574.228
Kepler-397 c,Kepler-397,Transit,2014,,6.18,135.498527,,5307.0,,
DMPP-4 b,DMPP-4,Radial Velocity,2023,12.2,,3.4982,,6400.0,1.25,25.3284
EPIC 201754305 d,K2-16,Transit,2019,,1.03,2.71578,,,0.67,334.967
TIC 87422071 b,TIC 87422071,Transit,2026,409.99864503,10.8615023,11.364929,1110.0,6150.0,1.239,384.758
Kepler-1601 b,Kepler-1601,Transit,2016,,0.82,2.20921951,,5869.0,1.04,644.456
Kepler-96 b,Kepler-96,Transit,2014,8.46,2.67,16.2385,,5690.0,1.0,122.881
GJ 9404 b,GJ 9404,Radial Velocity,2023,11.9,,13.4586,,,0.62,23.8839
Kepler-23 b,Kepler-23,Transit,2011,2.56,1.638,7.1,,5828.0,1.078,835.756
WASP-159 b,WASP-159,Transit,2018,174.8065,15.46842,3.840401,1850.0,6120.0,1.41,715.383
GJ 9773 b,GJ 9773,Radial Velocity,2025,172.580825,,2965.0,,3528.0,0.358,15.9211
GJ 251 c,GJ 251,Radial Velocity,2025,3.88,,53.647,216.0,3342.0,0.35,5.58057
Kepler-1982 b,Kepler-1982,Transit,2023,,0.77,3.82315697,1282.0,6202.0,1.213,558.855
KMT-2021-BLG-1689L b,KMT-2021-BLG-1689L,Microlensing,2022,46.0,,,,4570.0,0.58,7200.0
BD-210397 b,BD-210397,Radial Velocity,2023,214.0,,1891.0,,4051.0,0.679,23.7324
TOI-622 b,TOI-622,Transit,2023,96.30200732,9.2362001,6.402513,1388.0,6400.0,1.313,123.297
Kepler-289 d,Kepler-289,Transit,2014,5.33,3.03,66.0282,,5990.0,1.08,704.438
GJ 1061 b,GJ 1061,Radial Velocity,2020,1.11,,3.2073,,2953.0,0.12,3.67278
TOI-1736 c,TOI-1736,Radial Velocity,2023,2441.0,,571.25,,5636.0,1.0373,88.9482
KOI-7913 b,KOI-7913 A,Transit,2022,,2.34,24.278553,,4324.0,0.76,271.277
TOI-2796 b,TOI-2796,Transit,2023,139.84449908,17.26183028,4.8084983,1205.0,5764.0,1.063,350.343
Kepler-173 c,Kepler-173,Transit,2014,,2.43,8.005777,,6031.0,,833.165
K2-150 b,K2-150,Transit,2018,,2.0,10.59357,,3499.0,0.457,102.483
OGLE-2016-BLG-1800L b,OGLE-2016-BLG-1800L,Microlensing,2024,823.17557413,,,,,0.41,6480.0
HD 45184 c,HD 45184,Radial Velocity,2019,8.81,,13.1354,,5869.0,1.03,21.9532
Kepler-11 d,Kepler-11,Transit,2010,7.3,3.12,22.6845,,5663.0,0.961,646.346
TOI-480 b,TOI-480,Transit,2024,20.8,2.85372018,6.866196,1198.94,6174.0,1.2793,54.5306
Kepler-884 b,Kepler-884,Transit,2016,,1.23,5.69919514,,5715.0,1.0,476.733
TOI-1011 b,TOI-1011,Transit,2025,4.04,1.45,2.470498,,5475.0,0.91,52.62
HD 80869 b,HD 80869,Radial Velocity,2021,1609.80088146,,1752.92067,,,1.06,85.3951
TOI-1174 b,TOI-1174,Transit,2024,,2.562,8.953487683,,5030.0,0.85,94.6375
Kepler-1430 b,Kepler-1430,Transit,2016,,1.18,2.46050993,,4796.0,0.77,875.523
EPIC 206042996 c,EPIC 206042996,Transit,2021,,1.2,0.354884,,4114.0,,451.769
WASP-140 b,WASP-140,Transit,2016,,14.23540549,,1270.0,5300.0,,117.598
Kepler-33 d,Kepler-33,Transit,2011,,5.35,21.77596,,5904.0,1.291,1209.16
HD 213472 b,HD 213472,Radial Velocity,2021,1112.3994245,,17000.0,,5729.54,1.048132,64.4527
Kepler-26 c,Kepler-26,Transit,2011,6.2,2.72,17.2559,,3914.0,0.544,335.307
HD 218566 b,HD 218566,Radial Velocity,2010,63.566,,225.7,,4730.0,0.76,28.8274
Kepler-143 b,Kepler-143,Transit,2014,,2.41,16.007583,,5848.0,,809.467
HD 142415 b,HD 142415,Radial Velocity,2003,530.7761,,386.29999,,5940.0,1.07,35.5318
Kepler-445 b,Kepler-445,Transit,2015,,1.58,2.984151,,3157.0,0.18,127.201
HD 169830 b,HD 169830,Radial Velocity,2000,804.42369812,,225.67372,,,1.17,37.6048
Kepler-921 b,Kepler-921,Transit,2016,,2.87,51.300634,,5663.0,0.93,934.49
TOI-4406 b,TOI-4406,Transit,2023,95.3485221,11.2089807,30.08364,904.0,6219.0,1.19,261.834
TIC 390586021 b,TIC 390586021,Transit,2026,,2.86009388,2.74703755819,,4434.81,,114.558
TOI-5817 b,TOI-5817,Transit,2025,10.3,3.08,15.61031,950.0,5770.0,0.97,80.7542
Kepler-850 b,Kepler-850,Transit,2016,,1.78,7.19303878,,5932.0,1.06,1661.28
TOI-2267 d,TOI-2267 B,Transit,2025,,1.77,2.0344671,422.0,,,
K2-233 b,K2-233,Transit,2018,2.4,1.315,2.467583,1127.0,4796.0,0.79,67.5062
TOI-912 b,TOI-912,Transit,2025,5.1,1.93,4.6780691,551.0,3572.0,0.418,26.1072
Kepler-1082 b,Kepler-1082,Transit,2016,,1.12,1.543206604,,5923.0,1.03,739.557
Kepler-124 b,Kepler-124,Transit,2014,,0.73,3.410493,,4984.0,,420.046
KMT-2023-BLG-0830L b,KMT-2023-BLG-0830L,Microlensing,2025,17.79839079,,,,,0.22,7250.0
WASP-185 b,WASP-185,Transit,2019,311.4734,14.01125,9.38755,1160.0,5900.0,1.12,279.35
HD 67087 b,HD 67087,Radial Velocity,2015,973.0,,352.2,,6330.0,1.36,76.5217
IC 4651 9122 b,IC 4651 9122,Radial Velocity,2018,2002.329,,734.0,,,2.1,859.324
K2-239 b,K2-239,Transit,2018,,1.1,5.24,502.0,3420.0,0.4,31.0849
Kepler-1550 b,Kepler-1550,Transit,2016,,3.02,225.582809,,5991.0,1.07,1179.01
OGLE-2017-BLG-0640L b,OGLE-2017-BLG-0640L,Microlensing,2024,514.88201934,,,,,0.32,6630.0
Kepler-166 c,Kepler-166,Transit,2014,,2.38,34.260281,,5413.0,,603.53
HAT-P-33 b,HAT-P-33,Transit,2011,292.4036,20.73665,3.47447,,6446.0,1.82,396.11
Kepler-495 c,Kepler-495,Transit,2021,,1.21936414,5.896609783,,5392.0,0.888,658.924
Kepler-278 b,Kepler-278,Transit,2014,56.0,3.955,30.1556,586.0,4965.0,1.227,443.03
Kepler-250 c,Kepler-250,Transit,2014,,2.28,7.156804,,5160.0,,760.585
K2-37 d,K2-37,Transit,2016,12.5,2.31,14.09229,646.0,5352.0,0.84,179.943
Kepler-861 b,Kepler-861,Transit,2016,,2.28,3.949631375,,5047.0,0.82,850.327
Kepler-252 b,Kepler-252,Transit,2014,,1.23,6.668391,,4208.0,,379.424
Kepler-17 b,Kepler-17,Transit,2011,778.65,14.68,1.4857108,1570.0,5781.0,1.04,720.753
Kepler-163 b,Kepler-163,Transit,2014,,1.05,7.810937,,5776.0,,689.814
Kepler-130 c,Kepler-130,Transit,2014,,2.9,27.50868,683.0,5879.0,1.0,316.663
Kepler-1162 c,Kepler-1162,Transit,2023,,1.81,59.284064,401.0,5225.0,0.861,940.211
HR 8799 e,HR 8799,Imaging,2010,3178.3,13.11453,,1150.0,7400.0,,41.2441
K2-183 b,K2-183,Transit,2018,,1.1,0.469285,,5482.0,,329.041
Kepler-583 b,Kepler-583,Transit,2016,,2.28,6.5100253,,5523.0,0.94,867.271
OGLE-2016-BLG-1598L b,OGLE-2016-BLG-1598L,Microlensing,2024,120.77479466,,,,,0.55,5910.0
TOI-1753 b,TOI-1753,Transit,2024,16.6,2.47852533,5.3846104,1005.43,5621.0,0.9483,226.671
TOI-5386 A b,TOI-5386 A,Transit,2025,155.10026262,14.70618268,3.62156552,1488.0,6094.0,1.165,394.486
KOI-3680 b,KOI-3680,Transit,2018,613.4119,11.09691,141.241671,347.0,5830.0,1.01,921.986
K2-274 b,K2-274,Transit,2018,,2.08,14.1330314,655.0,5044.0,0.79,228.327
Kepler-224 e,Kepler-224,Transit,2014,,1.97,18.643577,,5018.0,,782.088
Kepler-970 b,Kepler-970,Transit,2016,,2.609,16.736525,,4290.0,0.67,331.545
TOI-5595 b,TOI-5595,Transit,2026,,4.73740402,5.99002553853,,4417.3,,136.955
K2-257 b,K2-257,Transit,2018,,0.83,1.60588,789.0,3725.0,0.52,64.0065
K2-407 b,K2-407,Transit,2022,,1.283,4.941907,,5563.0,0.881,218.376
TOI-6054.01,TOI-6054,Transit,2024,12.5,2.64,7.501428,1360.0,6047.0,1.107,79.407
WASP-54 b,WASP-54,Transit,2012,187.5197,17.71022,3.69364,,6100.0,1.08,251.303
Kepler-1322 b,Kepler-1322,Transit,2016,,1.61,0.962867382,,5488.0,0.9,1350.32
TIC 198190129 b,TIC 198190129,Transit,2026,,2.92284949,7.94804910667,,4377.53,,130.035
CoRoT-1 b,CoRoT-1,Transit,2008,327.35,16.7,1.5089557,1898.0,5950.0,0.95,787.909
K2-233 c,K2-233,Transit,2018,4.6,1.272,7.06024,794.0,4796.0,0.79,67.5062
NGTS-9 b,NGTS-9,Transit,2019,921.707,11.99363,4.43527,1448.0,6330.0,1.34,609.128
Kepler-150 e,Kepler-150,Transit,2014,,3.12,30.826557,,5560.0,,891.092
KMT-2016-BLG-2364L b,KMT-2016-BLG-2364L,Microlensing,2020,1250.0,,,,,0.5,6440.0
TOI-1811 b,TOI-1811,Transit,2023,308.9292116,11.14172682,3.7130765,962.2,4766.0,0.817,128.23
Kepler-147 c,Kepler-147,Transit,2014,,2.43,33.416423,,6012.0,,1042.02
tau Boo b,tau Boo,Radial Velocity,1996,1373.0256,,3.3124568,,6466.27,1.32,15.6521
OGLE-2015-BLG-0954L b,OGLE-2015-BLG-0954L,Microlensing,2016,1100.0,,,,,0.3,1200.0
K2-84 c,K2-84,Transit,2016,,2.03,27.86,,5652.0,0.95,284.876
K2-19 d,K2-19,Transit,2016,6.2,1.044,2.50827,1258.0,5350.0,0.892,289.827
HD 41004 A b,HD 41004 A,Radial Velocity,2004,807.25,,963.0,,,,36.69117
4 UMa b,4 UMa,Radial Velocity,2006,2511.48007211,,270.27,,4415.0,1.234,73.4603
Kepler-1439 b,Kepler-1439,Transit,2016,,1.46,8.07392849,,3578.0,0.46,225.393
Kepler-235 e,Kepler-235,Transit,2014,,2.22,46.183669,,4255.0,,428.018
Kepler-1370 c,Kepler-1370,Transit,2016,,1.27,7.44142113,,6202.0,1.19,1004.1
LSPM J2116+0234 b,LSPM J2116+0234,Radial Velocity,2019,13.3,,14.4399,,3475.0,0.43,17.6297
TOI-4562 b,TOI-4562,Transit,2023,,,225.1064,,6096.0,1.192,339.605
TOI-5322 b,TOI-5322,Transit,2025,184.02264765,16.6117094,5.4233207,1350.0,5692.0,0.998,476.899
TOI-2133 b,TOI-2133,Transit,2026,,2.37,3.8266472,798.0,4250.0,0.644,75.1973
HD 164604 c,HD 164604,Radial Velocity,2026,3019.3698665,,5387.0,,4663.0,0.77,39.3633
TrES-2 b,TrES-2,Transit,2006,473.5667,15.24424,2.47063,,5850.0,1.36,215.32
Kepler-171 b,Kepler-171,Transit,2014,,2.34,4.166972,,5642.0,,863.855
KOI-351 c,KOI-351,Transit,2013,,1.19,8.719375,,6080.0,1.2,848.254
Kepler-80 f,Kepler-80,Transit,2016,,1.21,0.9867873,,4540.0,0.73,369.451
Kepler-281 c,Kepler-281,Transit,2014,,5.31,36.337373,,5723.0,,1745.45
HIP 86221 b,HIP 86221,Radial Velocity,2021,225.65816897,,2.224,,,0.79,29.4898
OGLE-2005-BLG-071L b,OGLE-2005-BLG-071L,Microlensing,2005,1200.0,,,55.0,,0.46,3200.0
HD 210193 b,HD 210193,Radial Velocity,2019,153.1,,649.918,,5790.0,1.04,42.2029
KMT-2018-BLG-1996L b,KMT-2018-BLG-1996L,Microlensing,2021,346.43296363,,,,,0.69,5910.0
Kepler-627 b,Kepler-627,Transit,2016,,3.73,40.6994443,,6424.0,1.3,984.307
Kepler-1403 b,Kepler-1403,Transit,2016,,2.14,5.19492202,,6060.0,1.11,2163.9
HD 196885 A b,HD 196885 A,Radial Velocity,2007,819.97,,1333.0,,6254.0,1.28,34.1692
K2-251 b,K2-251,Transit,2018,,2.35,9.30075,437.0,3717.0,0.52,147.03
Kepler-27 d,Kepler-27,Transit,2021,,2.7061946,6.546289921,,5251.0,0.926,1044.36
TOI-6651 b,TOI-6651,Transit,2024,61.0,5.09,5.056973,1493.0,5940.0,1.323,212.128
Kepler-722 c,Kepler-722,Transit,2016,,2.82,105.144749,,5863.0,1.03,1239.5
TOI-1444 b,TOI-1444,Transit,2021,3.58,1.41792246,0.4702743,2130.02,5460.0,0.9513,125.463
K2-80 c,K2-80,Transit,2016,,1.47,5.605,,5441.0,0.9,200.802
K2-24 b,K2-24,Transit,2016,19.0,5.4,20.88977,,5625.0,1.07,170.562
OGLE-2013-BLG-0911L b,OGLE-2013-BLG-0911L,Microlensing,2019,3020.0,,,,,0.29,3220.0
KMT-2021-BLG-0909L b,KMT-2021-BLG-0909L,Microlensing,2023,400.46379282,,,,,0.38,6480.0
Kepler-1084 b,Kepler-1084,Transit,2016,,1.11,2.05333679,,6113.0,1.12,405.533
Kepler-9 c,Kepler-9,Transit,2010,29.9,8.08,38.9853,,5774.0,1.022,628.257
HD 11755 b,HD 11755,Radial Velocity,2015,1789.3829,,433.70001,,4312.0,0.72,235.045
OGLE-2017-BLG-0364L b,OGLE-2017-BLG-0364L,Microlensing,2024,75.8,,,,,0.49,7860.0
CoRoT-31 b,CoRoT-31,Transit,2020,266.9772,16.36514,4.62941,,5700.0,1.25,2005.76
KMT-2024-BLG-1209L b,KMT-2024-BLG-1209L,Microlensing,2025,839.06699448,,,,,0.77,3930.0
Kepler-1110 b,Kepler-1110,Transit,2016,,2.66,9.69312032,,4781.0,0.73,726.828
Kepler-1230 b,Kepler-1230,Transit,2016,,2.71,9.95661537,,5961.0,1.06,1364.22
KIC 10001893 c,KIC 10001893,Orbital Brightness Modulation,2014,,,0.32528,,27500.0,,1672.94
Kepler-1402 b,Kepler-1402,Transit,2016,,0.76,2.03387914,,5416.0,0.9,1493.64
TOI-4379 b,TOI-4379,Transit,2024,353.74301699,16.69017226,3.25352,,6020.0,1.372,645.158
Kepler-139 d,Kepler-139,Transit,2023,4.65807623,1.695,7.305699922,,,1.078,391.038
KMT-2018-BLG-1292L b,KMT-2018-BLG-1292L,Microlensing,2020,1400.0,,,,,1.09,3460.0
Kepler-162 b,Kepler-162,Transit,2014,,1.26,6.919798,,5816.0,,855.641
Kepler-76 b,Kepler-76,Orbital Brightness Modulation,2013,638.8383,15.24424,1.5449298,2140.0,6409.0,1.2,822.96
Kepler-1724 b,Kepler-1724,Transit,2021,,2.83677238,6.45442009,,6092.0,1.016,1060.77
Kepler-531 b,Kepler-531,Transit,2016,,2.78,29.88485741,,4893.0,0.78,252.762
KMT-2021-BLG-1770L b,KMT-2021-BLG-1770L,Microlensing,2023,6674.396547,,,,,0.13,6920.0
Kepler-382 c,Kepler-382,Transit,2014,,1.59,12.162701,,5600.0,,935.446
GJ 3942 b,GJ 3942,Radial Velocity,2017,7.14,,6.905,590.0,3867.0,0.63,16.9287
HD 5388 b,HD 5388,Radial Velocity,2010,1017.0509024,,772.5,,6297.0,1.21,53.0661
Kepler-1839 b,Kepler-1839,Transit,2021,,1.9493759,5.056759834,,5926.0,1.03,1136.6
Kepler-81 d,Kepler-81,Transit,2014,,1.21,20.837846,,4500.0,,348.291
HD 45652 b,HD 45652,Radial Velocity,2008,137.62039,,44.073,,5294.0,0.92,34.8541
HD 197037 b,HD 197037,Radial Velocity,2012,251.0,,1035.7,,6150.0,1.11,33.1944
OGLE-2019-BLG-0468L c,OGLE-2019-BLG-0468L,Microlensing,2022,3248.20631954,,,,,0.92,4400.0
Kepler-814 b,Kepler-814,Transit,2016,,2.12,6.1469851,,6162.0,1.15,2055.77
TOI-530 b,TOI-530,Transit,2021,127.1313628,9.30345398,6.387597,565.0,3659.0,0.53,148.762
OGLE-2018-BLG-0567L b,OGLE-2018-BLG-0567L,Microlensing,2021,101.70509024,,,,,0.25,7060.0
K2-81 b,K2-81,Transit,2016,,1.97,6.102325,,4674.13,0.745273,252.318
Kepler-1503 b,Kepler-1503,Transit,2016,,2.27,96.16987,,5069.0,0.77,1225.57
Kepler-415 b,Kepler-415,Transit Timing Variations,2014,119.9,1.21,4.176,,,0.67,530.487
TIC 88692598 b,TIC 88692598,Transit,2026,,1.81295951,2.64909436758,,3483.17,,73.5258
HD 75784 b,HD 75784,Radial Velocity,2014,317.83,,341.2,,4867.0,1.26,85.4321
HD 111998 b,HD 111998,Radial Velocity,2016,1525.5763536,,810.0,,,1.4,33.2237
Kepler-206 c,Kepler-206,Transit,2014,,1.77,13.137471,,5764.0,,594.447
KMT-2023-BLG-1454L b,KMT-2023-BLG-1454L,Microlensing,2024,200.23189641,,,,,0.17,7220.0
ITG 15 b,ITG 15 A,Imaging,2024,6674.396547,,,2601.0,,,136.37
Kepler-1254 c,Kepler-1254,Transit,2016,,1.3,3.60084276,,4985.0,0.78,622.818
HD 10180 h,HD 10180,Radial Velocity,2010,65.663678,,2205.0,,5911.0,1.06,38.9607
GJ 393 b,GJ 393,Radial Velocity,2021,1.71,,7.02679,485.0,3579.0,0.426,7.03149
HD 86728 b,HD 86728,Radial Velocity,2025,9.43,,31.1515,,5610.0,0.967,14.9202
Kepler-285 b,Kepler-285,Transit,2014,,1.34,2.633867,,5411.0,,824.31
HD 109833 c,HD 109833,Transit,2022,,2.59,13.900148,,5881.0,1.08,79.5561
Kepler-1959 b,Kepler-1959,Transit,2021,,1.14315727,6.38669014,,5071.0,0.768,479.263
CD Cet b,CD Cet,Radial Velocity,2020,3.95,,2.2907,464.0,3130.0,0.161,8.60715
HD 26161 b,HD 26161,Radial Velocity,2021,9045.39646322,,10942.29013,,,1.12,40.9128
K2-315 b,K2-315,Transit,2020,,0.95,3.1443189,460.0,3300.0,0.174,56.9686
Kepler-844 b,Kepler-844,Transit,2016,,1.68,2.613020856,,4128.0,0.59,431.776
Kepler-1822 b,Kepler-1822,Transit,2021,,2.64755943,22.13339996,,5165.0,0.782,897.597
Kepler-806 b,Kepler-806,Transit,2016,,1.14,8.09219642,,5770.0,0.99,361.896
Kepler-943 b,Kepler-943,Transit,2016,,5.93,49.7701438,,5612.0,0.93,2300.53
Kepler-401 c,Kepler-401,Transit,2014,,2.15,47.318218,,6117.0,,965.56
Kepler-1311 c,Kepler-1311,Transit,2016,,1.22,2.53573424,,5748.0,1.05,866.331
Kepler-1841 b,Kepler-1841,Transit,2021,,1.48912557,25.88599968,,5190.0,0.823,631.7
Kepler-201 b,Kepler-201,Transit,2014,,2.46,25.672083,,6065.0,,636.445
K2-10 b,K2-10,Transit,2015,25.2,3.773,19.30553,649.0,5533.0,0.88,272.36
EPIC 206215704 b,EPIC 206215704,Transit,2019,,1.0,2.255436,,3297.0,,109.888
TOI-1238 b,TOI-1238,Transit,2022,3.76,1.21,0.764597,1133.0,4089.0,0.59,70.7145
Kepler-273 b,Kepler-273,Transit,2014,,1.5,2.936532,,5626.0,,713.964
Kepler-334 c,Kepler-334,Transit,2014,,1.43,12.758005,,5828.0,,426.59
Kepler-1643 b,Kepler-1643,Transit,2016,,2.32,5.342657,,4916.0,0.845,341.774
HAT-P-34 b,HAT-P-34,Transit,2011,1058.3739,13.417173,5.452654,,6442.0,1.392,249.325
Kepler-554 b,Kepler-554,Transit,2016,,4.29,1.902208556,,5447.0,0.93,690.525
Kepler-571 b,Kepler-571,Transit,2016,,2.64,4.798599388,,5527.0,0.93,723.875
Kepler-1736 b,Kepler-1736,Transit,2021,,3.8765856,37.81029892,,6085.0,0.976,1430.0
Kepler-1927 b,Kepler-1927,Transit,2021,,3.40627075,73.75039673,,6056.0,1.408,1091.0
Kepler-358 b,Kepler-358,Transit,2014,,2.72,34.060467,,5908.0,,1101.1
Kepler-619 b,Kepler-619,Transit,2016,,3.16,5.404272197,,5980.0,1.09,900.678
Kepler-730 b,Kepler-730,Transit,2016,,12.3299,6.491682808,1219.0,5620.0,1.047,1935.04
Kepler-1390 b,Kepler-1390,Transit,2016,,1.18,6.48021673,,5753.0,0.98,723.431
Kepler-997 b,Kepler-997,Transit,2016,,1.36,2.707306716,,6150.0,1.22,467.568
YZ Cet c,YZ Cet,Radial Velocity,2017,1.14,,3.05989,410.3,3151.0,0.142,3.71207
NN Ser d,NN Ser,Eclipse Timing Variations,2010,696.04421133,,2880.0,,,0.535,515.818
WASP-16 b,WASP-16,Transit,2009,394.1092,13.67498,3.1186,,5700.0,1.78,194.134
WASP-13 b,WASP-13,Transit,2009,114.4188,13.67498,4.35301,,5950.0,0.72,227.537
Kepler-94 b,Kepler-94,Transit,2014,10.84,3.51,2.50806,,4781.0,0.81,191.904
Kepler-725 c,Kepler-725,Transit Timing Variations,2025,9.7,,207.541,268.0,5395.0,0.95,758.469
Kepler-636 b,Kepler-636,Transit,2016,,4.45,16.080661147,,5203.0,0.85,310.301
Kepler-308 b,Kepler-308,Transit,2014,,2.12,9.694928,,5895.0,,1335.92
NGTS-13 b,NGTS-13,Transit,2021,1538.2972,12.800678,4.119027,1605.0,5819.0,1.3,647.595
TOI-2141 d,TOI-2141,Radial Velocity,2025,14.9,,60.45,491.4,5635.0,0.896,77.682
Kepler-653 c,Kepler-653,Transit,2016,,0.78,0.900376476,,5665.0,1.02,595.634
Kepler-631 b,Kepler-631,Transit,2016,,2.9,17.97979059,,6185.0,1.24,761.966
OGLE-2015-BLG-1649L b,OGLE-2015-BLG-1649L,Microlensing,2019,807.0,,,,,0.34,4230.0
Kepler-971 b,Kepler-971,Transit,2016,,2.13,9.59070716,,5431.0,0.88,338.522
TYC 8998-760-1 b,TYC 8998-760-1,Imaging,2020,,,,,,,94.6177
Kepler-372 b,Kepler-372,Transit,2014,,1.36,6.849692,,6509.0,,1493.95
Kepler-1242 b,Kepler-1242,Transit,2016,,2.26,13.62798432,,4895.0,0.77,687.615
Kepler-1249 b,Kepler-1249,Transit,2016,,2.38,24.3347127,,6202.0,1.19,1904.54
Kepler-1425 b,Kepler-1425,Transit,2016,,0.94,14.4541302,,5718.0,0.97,863.873
TOI-244 b,TOI-244,Transit,2023,2.68,1.52,7.397225,458.0,3433.0,0.428,22.0337
nu Oph b,nu Oph,Radial Velocity,2012,6848.56651404,,529.93,,4887.0,2.61,46.2107
Kepler-1773 b,Kepler-1773,Transit,2021,,3.50469499,40.80970001,,6183.0,1.241,681.255
Kepler-1590 b,Kepler-1590,Transit,2016,,1.14,7.61760804,,6053.0,1.11,771.152
HATS-45 b,HATS-45,Transit,2018,222.481,14.414774,4.1876244,1518.0,6450.0,1.272,772.11
Kepler-230 c,Kepler-230,Transit,2014,,2.04,91.773242,,5588.0,,740.754
Kepler-128 b,Kepler-128,Transit,2013,3.79,1.421,15.0,,6072.0,1.184,396.379
Kepler-168 b,Kepler-168,Transit,2014,,1.46,4.425391,,6282.0,,1343.6
TOI-1062 b,TOI-1062,Transit,2021,10.15,2.265,4.11296,1077.0,5328.0,0.94,82.1733
TOI-1296 b,TOI-1296,Transit,2021,95.3,14.11645916,3.9443736,1414.84,5567.0,1.1576,323.265
PSR B1620-26 b,PSR B1620-26,Pulsar Timing,2003,794.575,,,,,1.35,
Kepler-40 b,Kepler-40,Transit,2010,699.2,13.11,6.87349,1620.0,6510.0,1.48,2305.01
KMT-2022-BLG-1790L b,KMT-2022-BLG-1790L,Microlensing,2025,549.84314411,,,,,0.58,6480.0
K2-72 e,K2-72,Transit,2016,,1.29,24.158868,,3360.47,0.271365,66.4321
TOI-411 b,HD 22946,Transit,2022,13.71,1.362,4.040295,1241.0,6169.0,1.098,62.7792
Kepler-663 b,Kepler-663,Transit,2016,,2.6,4.99678284,,5264.0,0.86,1063.09
Kepler-80 g,Kepler-80,Transit,2017,,1.13,14.64558,418.0,4540.0,0.83,369.451
TOI-1227 b,TOI-1227,Transit,2022,,9.57246952,27.36397,,3072.0,0.17,100.641
Kepler-169 c,Kepler-169,Transit,2014,,1.21,6.195469,,4997.0,,406.529
GJ 4274 b,GJ 4274,Radial Velocity,2026,2.97,,1.6339,,3228.0,0.18,7.23556
Kepler-1580 b,Kepler-1580,Transit,2016,,2.11,56.6449279,,6228.0,1.47,1002.02
Kepler-226 b,Kepler-226,Transit,2014,,1.55,3.940997,,5571.0,,980.138
K2-187 c,K2-187,Transit,2018,,1.4,2.871512,,5438.0,,330.916
TOI-1467 b,TOI-1467,Transit,2024,,1.92,5.97114713,,3834.0,0.489,37.4418
HD 5278 c,HD 5278,Radial Velocity,2021,18.4,,40.87,,6203.0,1.126,57.5846
EPIC 220554210 c,K2-282,Transit,2019,,1.6,0.70531,,5499.0,,496.289
Kepler-1499 b,Kepler-1499,Transit,2016,,1.19,44.2008,,5097.0,0.82,309.869
Kepler-1038 c,Kepler-1038,Transit,2021,,1.4162338,7.127659798,,5159.0,0.868,584.136
K2-240 c,K2-240,Transit,2018,,1.8,20.523,389.0,3810.0,0.58,72.9105
TOI-1386 c,TOI-1386,Radial Velocity,2024,75.2,,232.0,,5735.0,1.0363,146.858
Kepler-1262 b,Kepler-1262,Transit,2016,,1.82,8.67900242,,5771.0,0.99,1054.87
Kepler-858 b,Kepler-858,Transit,2016,,4.87,76.13602028,,5653.0,0.96,298.532
TOI-2537 c,TOI-2537,Radial Velocity,2024,2297.89938261,,1920.0,123.1,4870.0,0.771,184.986
HD 33283 b,HD 33283,Radial Velocity,2006,104.56607,,18.1991,,5935.0,1.38,89.8623
Kepler-1893 b,Kepler-1893,Transit,2021,,1.70557445,4.179369926,,5633.0,0.973,1050.72
Kepler-1554 b,Kepler-1554,Transit,2016,,2.9,198.088774,,5297.0,0.84,946.847
Kepler-277 b,Kepler-277,Transit,2013,87.3,2.92,17.324,,,1.12,976.643
TOI-2453 b,TOI-2453,Transit,2026,,3.24380341,4.44143463188,,3720.23,,81.9043
Kepler-389 b,Kepler-389,Transit,2014,,1.51,3.244107,,5376.0,,816.559
TOI-904 b,TOI-904,Transit,2023,,2.426,10.8772,429.43,3770.2,0.557,46.0891
HD 25912 c,HD 25912,Radial Velocity,2022,5252.75008249,,26308.65619,,,1.08,49.1661
HD 137388 b,HD 137388,Radial Velocity,2011,63.566,,330.0,,5181.0,0.68,40.4841
OGLE-2017-BLG-1237L b,OGLE-2017-BLG-1237L,Microlensing,2024,1207.7479466,,,,,0.46,6030.0
Kepler-1733 b,Kepler-1733,Transit,2021,,3.63582354,9.229579926,,6320.0,1.273,2080.51
KMT-2016-BLG-0212L b,KMT-2016-BLG-0212L,Microlensing,2018,5700.0,,,,,0.48,6300.0
K2-246 b,K2-246,Transit,2018,,3.49,5.76918,977.0,5610.0,0.87,703.616
Kepler-231 b,Kepler-231,Transit,2014,,1.73,10.065275,,3767.0,,316.618
GJ 3998 d,GJ 3998,Radial Velocity,2025,6.07,,41.78,,3726.0,0.52,18.1459
OGLE-2019-BLG-0304L b,OGLE-2019-BLG-0304L,Microlensing,2021,162.09248757,,,,,0.27,6980.0
TOI-1739 b,TOI-1739,Transit,2024,,1.946,8.303341406,,4814.0,0.78,70.9819
Kepler-527 b,Kepler-527,Transit,2016,,2.84,13.28535633,,6388.0,1.28,750.04
Kepler-336 c,Kepler-336,Transit,2014,,2.1,9.600001,,5867.0,,768.86
TOI-1386 b,TOI-1386,Transit,2024,45.8,6.2163865,25.8401,615.03,5735.0,1.0363,146.858
HD 86950 b,HD 86950,Radial Velocity,2016,1144.188,,1270.0,,4805.0,1.66,209.839
Kepler-506 b,Kepler-506,Transit,2016,,2.73,6.8834055,,6236.0,1.19,228.439
HD 203030 b,HD 203030,Imaging,2006,3496.112477,14.4595851,,1040.0,,,39.2503
rho CrB b,rho CrB,Radial Velocity,1997,347.995,,39.849,,,1.0,17.4671
Kepler-252 c,Kepler-252,Transit,2014,,2.15,10.848463,,4208.0,,379.424
HATS-18 b,HATS-18,Transit,2016,629.144485,14.896761,0.83784,2069.48,5600.0,1.037,624.368
Kepler-1185 b,Kepler-1185,Transit,2016,,1.33,104.3518976,,5622.0,0.96,459.273
Kepler-381 d,Kepler-381,Transit,2021,,1.0667865,8.256299973,,6197.0,1.198,267.323
HAT-P-9 b,HAT-P-9,Transit,2008,238.05467,15.614137,3.92281072,1540.0,6350.0,1.281,455.203
Kepler-1584 b,Kepler-1584,Transit,2016,,1.61,13.3997099,,6069.0,1.1,1416.31
HD 231701 b,HD 231701,Radial Velocity,2007,359.1479,,141.63,,6101.0,1.21,108.877
Kepler-835 b,Kepler-835,Transit,2016,,2.79,11.41909375,,5954.0,1.08,2406.33
HIP 113103 c,HIP 113103,Transit,2023,,2.4,14.245648,585.0,4930.0,0.761,46.2122
Kepler-356 c,Kepler-356,Transit,2014,,1.81,13.121632,,6133.0,,707.559
KMT-2019-BLG-1806L b,KMT-2019-BLG-1806L,Microlensing,2023,4.67,,,,,0.74,6640.0
Kepler-998 b,Kepler-998,Transit,2016,,2.32,5.65377733,,6058.0,1.12,986.364
TOI-1742 b,TOI-1742,Transit,2024,9.7,2.36507598,21.269084,694.09,5815.0,1.0861,72.8871
K2-5 b,K2-5,Transit,2015,,1.91,5.73594,565.0,3930.0,0.61,202.943
Kepler-1352 b,Kepler-1352,Transit,2016,,0.89,1.877882748,,6118.0,1.11,670.829
TOI-1246 c,TOI-1246,Transit,2022,9.1,2.45109846,5.904137,862.49,5213.0,0.8889,169.422
Kepler-1180 b,Kepler-1180,Transit,2016,,1.99,16.8601286,,6077.0,1.09,1596.8
LHS 1815 b,LHS 1815,Transit,2020,1.58,1.088,3.814334,,3643.0,0.502,29.8424
Kepler-1828 b,Kepler-1828,Transit,2021,,2.11598626,10.2737999,,5806.0,0.996,871.81
HD 20781 b,HD 20781,Radial Velocity,2019,1.93,,5.3135,,5256.0,0.7,35.9715
Kepler-1869 c,Kepler-1869,Transit,2023,,0.74,1.716828304,1455.0,5808.0,0.987,113.025
Kepler-1174 b,Kepler-1174,Transit,2016,,1.59,6.89225223,,5936.0,1.04,1408.75
K2-374 c,K2-374,Transit,2022,,2.213,16.43445,,5789.0,0.731,359.439
K2-352 c,K2-352,Transit,2021,,1.92,8.234885,885.0,5791.0,0.98,176.051
Kepler-640 b,Kepler-640,Transit,2016,,2.56,22.24813967,,5653.0,1.01,557.787
TOI-2497 b,TOI-2497,Transit,2023,1531.93292174,11.14172682,10.655669,1595.0,7360.0,1.859,285.289
Kepler-1919 b,Kepler-1919,Transit,2021,,2.62390658,37.88660049,,5513.0,0.868,1177.53
Kepler-343 c,Kepler-343,Transit,2014,,2.02,23.22182,,5807.0,,927.193
HD 168746 b,HD 168746,Radial Velocity,2002,85.8141,,6.404,,5570.0,1.07,41.5681
TOI-4363 b,TOI-4363,Transit,2026,,1.76689273,2.11867592279,,4278.45,,77.7751
K2-322 b,K2-322,Transit,2020,,1.92,8.205,635.0,4141.0,0.63,123.415
nu Oph c,nu Oph,Radial Velocity,2012,7530.30844705,,3180.6,,4887.0,2.61,46.2107
Kepler-1484 b,Kepler-1484,Transit,2016,,2.11,30.4549136,,5730.0,0.94,2879.83
HD 219828 b,HD 219828,Radial Velocity,2007,19.06970442,,3.83483,,,1.04,73.114
HD 215497 b,HD 215497,Radial Velocity,2009,6.3566,,3.93404,,5110.0,0.67,40.5468
CoRoT-18 b,CoRoT-18,Transit,2011,1102.82,14.68,1.9000693,1550.0,5440.0,0.95,764.889
Kepler-1459 b,Kepler-1459,Transit,2016,,1.36,62.8691611,,4828.0,0.78,455.479
Kepler-931 b,Kepler-931,Transit,2016,,1.33,8.03755877,,5241.0,0.86,
K2-355 b,K2-355,Transit,2021,,2.25,5.7385647,1066.0,5790.0,0.96,500.497
WASP-110 b,WASP-110,Transit,2021,154.78243421,13.19297028,3.7784022,1158.0,5392.0,0.814,274.96
HD 216435 b,HD 216435,Radial Velocity,2002,400.4,,1311.0,,5999.0,1.3,32.9834
Kepler-405 c,Kepler-405,Transit,2014,,4.66,29.726682,,5818.0,,1065.08
WTS-1 b,WTS-1,Transit,2012,1274.44,16.7,3.352057,1500.0,6250.0,1.2,2346.01
gam1 Leo b,gam1 Leo,Radial Velocity,2009,2790.43,,428.5,,4330.0,1.23,39.8883
Kepler-1420 b,Kepler-1420,Transit,2016,,1.28,6.69960006,,5187.0,0.82,1054.37
TOI-6695 b,TOI-6695,Transit,2025,66.74396547,9.52763359,80.389,599.0,6400.0,1.338,282.536
K2-26 b,K2-26,Transit,2016,,2.67,14.5665,430.0,3785.0,0.56,99.0504
Kepler-1488 b,Kepler-1488,Transit,2016,,1.86,39.8189932,,5820.0,1.05,905.825
Kepler-1759 b,Kepler-1759,Transit,2021,,0.9037791,3.720230103,,5017.0,0.76,385.348
Kepler-1502 b,Kepler-1502,Transit,2016,,3.18,41.7083629,,6666.0,1.44,1514.02
Kepler-100 e,Kepler-100,Radial Velocity,2023,24.14271827,,60.888588,,,1.097,304.645
Kepler-279 b,Kepler-279,Transit,2014,,3.62,12.309681,,6363.0,,1037.4
Kepler-736 b,Kepler-736,Transit,2016,,2.93,3.60147201,,5217.0,0.86,1005.43
Kepler-247 d,Kepler-247,Transit,2014,,3.94,20.477912,,5100.0,,663.711
HD 68988 c,HD 68988,Radial Velocity,2021,4767.426105,,16000.0,,5883.41,1.171665,60.8447
Kepler-31 b,Kepler-31,Transit,2011,,5.5,20.8613,,6340.0,1.21,1664.64
K2-177 b,K2-177,Transit,2018,,2.1162048,14.155185,,6063.0,1.210525,492.167
Kepler-55 b,Kepler-55,Transit,2012,,2.43,27.9481449,,4362.0,0.62,578.796
Kepler-799 b,Kepler-799,Transit,2016,,6.88,133.4605235,,5681.0,0.95,
CoRoT-11 b,CoRoT-11,Transit,2010,740.51,16.03,2.99433,1657.0,6440.0,1.27,655.037
WASP-75 b,WASP-75,Transit,2013,340.06,14.235,2.484193,1710.0,6100.0,1.14,294.001
HAT-P-52 b,HAT-P-52,Transit,2015,259.98494,11.309881,2.7535953,1218.0,5131.0,0.887,361.155
Kepler-1936 b,Kepler-1936,Transit,2021,,3.16615594,126.5569992,,6501.0,1.419,871.096
HD 81817 c,HD 81817,Radial Velocity,2022,7185.78245386,,622.97802,,,4.3,269.126
mu2 Sco b,mu2 Sco,Imaging,2022,4576.7290608,,,,21700.0,9.1,
Kepler-1070 b,Kepler-1070,Transit,2016,,1.73,6.2216147,,6261.0,1.21,939.001
Kepler-547 b,Kepler-547,Transit,2016,,4.0,6.010384289,,4828.0,0.78,378.972
Kepler-1336 c,Kepler-1336,Transit,2016,,1.71,5.77721211,,5512.0,0.94,1126.64
K2-100 b,K2-100,Transit,2016,21.8,3.88,1.6739035,1841.0,5945.0,1.15,188.959
HD 9446 b,HD 9446,Radial Velocity,2009,222.472,,30.052,,5793.0,1.0,50.3503
Kepler-794 b,Kepler-794,Transit,2016,,2.11,11.13125132,,5839.0,1.19,931.192
HD 74156 b,HD 74156,Radial Velocity,2003,532.36258173,,51.63564,,,1.1,57.603
HD 100655 b,HD 100655,Radial Velocity,2011,511.7063,,157.57001,,4891.0,2.28,137.178
Kepler-759 b,Kepler-759,Transit,2016,,2.27,41.805985,,5860.0,1.04,1073.48
Kepler-1737 b,Kepler-1737,Transit,2021,,5.395,64.61750031,,5043.0,0.834,
HD 37124 d,HD 37124,Radial Velocity,2005,221.20968,,1862.0,,,0.85,31.6634
TOI-3540 A b,TOI-3540 A,Transit,2022,375.03752026,23.53885947,3.119999,1498.0,5810.0,1.081,
Kepler-1985 b,Kepler-1985,Transit,2023,,2.27,3.42064689,1129.0,5370.0,0.877,
TOI-1860 b,TOI-1860,Transit,2022,,1.31,1.0662107,1885.0,5752.0,0.99,45.864
TOI-1466 b,TOI-1466,Transit,2026,,2.46741991,1.87190602231,,4435.39,,86.5783
KMT-2021-BLG-1898L b,KMT-2021-BLG-1898L,Microlensing,2022,232.01473711,,,,,0.48,6900.0
OGLE-2006-BLG-284L A b,OGLE-2006-BLG-284L A,Microlensing,2020,144.0,,,,,0.35,4000.0
Kepler-750 b,Kepler-750,Transit,2016,,3.07,9.42887179,,6160.0,1.15,1296.02
47 UMa c,47 UMa,Radial Velocity,2001,171.621,,2391.0,,5872.0,1.06,13.7967
Kepler-346 b,Kepler-346,Transit,2014,,2.66,6.511127,,6033.0,,984.105
Kepler-336 b,Kepler-336,Transit,2014,,1.02,2.024823,,5867.0,,768.86
Kepler-449 c,Kepler-449,Transit,2015,,2.764,33.6727,,5649.18,,241.949
HD 48265 c,HD 48265,Radial Velocity,2026,1414.33641115,,10418.0,,5805.0,1.38,90.5446
HD 205158 b,HD 205158,Radial Velocity,2022,124.58873554,,25.33798,,,1.16,86.6159
TOI-3364 b,TOI-3364,Transit,2023,530.77343969,12.22899794,5.8768918,1264.0,5706.0,1.186,277.899
HD 11112 b,HD 11112,Radial Velocity,2022,2598.56505563,,17244.90764,,,1.07,44.3804
Kepler-25 c,Kepler-25,Transit,2011,15.2,5.217,12.7207,,,1.165,243.249
Kepler-1856 b,Kepler-1856,Transit,2021,,1.73447868,1.302000046,,4948.0,0.782,848.76
TIC 241249530 b,TIC 241249530,Transit,2024,1582.78546686,13.29385111,165.7719,,6166.0,1.271,324.448
Kepler-1418 b,Kepler-1418,Transit,2016,,1.66,22.4764425,,4770.0,0.77,
Kepler-535 b,Kepler-535,Transit,2016,,2.36,4.903321551,,6123.0,1.18,685.599
Kepler-1755 b,Kepler-1755,Transit,2021,,5.91688317,24.81209946,,6086.0,1.003,982.383
TOI-6041 c,TOI-6041,Radial Velocity,2025,77.9,,88.0,403.5,5445.0,0.885,72.4731
Kepler-1411 b,Kepler-1411,Transit,2016,,2.82,86.1150888,,5664.0,0.95,1660.48
GJ 338 B b,GJ 338 B,Radial Velocity,2020,10.6,,24.422,,4014.0,0.64,6.33256
HD 6061 b,HD 6061,Transit,2023,10.0,2.42763557,5.2549,1075.31,5934.0,1.0269,67.6203
K2-72 d,K2-72,Transit,2016,,1.01,7.760178,,3360.47,0.271365,66.4321
NGC 2682 Sand 1429 b,NGC 2682 Sand 1429,Radial Velocity,2024,572.0911326,,77.48,683.0,6000.0,1.26,852.793
HD 153557 b,HD 153557,Radial Velocity,2022,20.34101805,,7.29903,,,0.79,17.9412
HD 135344 A b,HD 135344 A,Imaging,2025,3178.28407,16.25302201,,1585.0,9540.0,,141.595
K2-30 b,K2-30,Transit,2016,184.02357,11.646151,4.098503,1092.0,5425.0,0.9,333.042
Kepler-1978 b,Kepler-1978,Transit,2023,,2.67,10.84969477,676.0,5251.0,0.869,865.512
Kepler-20 d,Kepler-20,Transit,2011,13.4,2.606,77.611455,430.0,5495.0,0.929,282.563
24 Boo b,24 Boo,Radial Velocity,2018,280.64248338,,30.33,,4816.0,1.05,95.9863
Kepler-1954 b,Kepler-1954,Transit,2021,,1.80235934,5.883430004,,5840.0,0.942,1373.83
Kepler-1191 b,Kepler-1191,Transit,2016,,1.51,5.60014851,,5308.0,0.85,955.536
Kepler-924 b,Kepler-924,Transit,2016,,3.07,61.0370117,,6167.0,1.14,1053.04
Kepler-1176 b,Kepler-1176,Transit,2016,,2.45,24.1738579,,5844.0,1.01,864.699
BD+45 564 b,BD+45 564,Radial Velocity,2021,432.24663352,,307.88,,5004.0,0.81,53.622
Kepler-1437 b,Kepler-1437,Transit,2016,,1.37,10.9295461,,5557.0,0.93,2101.69
Kepler-1612 b,Kepler-1612,Transit,2016,,1.03,3.91795101,,5643.0,0.96,764.726
Kepler-312 c,Kepler-312,Transit,2014,,3.15,19.747412,,6115.0,,797.72
HD 82943 b,HD 82943,Radial Velocity,2003,534.25,,441.47,,5935.0,1.08,27.5902
K2-139 b,K2-139,Transit,2017,,9.11,28.380619,524.0,5370.0,0.96,153.856
TOI-2345 c,TOI-2345,Transit,2025,7.27,2.451,21.064302,544.0,4687.0,0.727,81.6541
WASP-55 b,WASP-55,Transit,2012,186.2474465,14.72860064,4.465631,1342.0,6096.0,1.071,297.462
HAT-P-46 b,HAT-P-46,Transit,2014,156.684,14.392,4.463129,1458.0,6120.0,1.284,290.736
Kepler-1574 b,Kepler-1574,Transit,2016,,1.29,6.9424334,,5892.0,1.06,1384.16
Kepler-1205 b,Kepler-1205,Transit,2016,,1.41,1.078390352,,5226.0,0.84,698.485
Kepler-1510 b,Kepler-1510,Transit,2016,,3.36,84.703921,,6200.0,1.19,1696.25
Kepler-415 c,Kepler-415,Transit Timing Variations,2014,,,8.708,,,0.67,530.487
HD 216770 b,HD 216770,Radial Velocity,2003,181.1631,,118.45,,5399.0,0.74,36.6625
OGLE-2019-BLG-1180L b,OGLE-2019-BLG-1180L,Microlensing,2023,555.24622703,,,,,0.545,6070.0
Kepler-898 b,Kepler-898,Transit,2016,,1.49,5.8706191,,4223.0,0.65,484.891
Kepler-510 b,Kepler-510,Transit,2016,,2.47,19.55659418,,5746.0,0.91,386.177
Kepler-61 b,Kepler-61,Transit,2013,,2.15,59.87756,273.0,4017.0,0.635,335.079
Kepler-1322 c,Kepler-1322,Transit,2021,,2.15492527,6.459980011,,5704.0,0.897,1350.32
TOI-5335 b,TOI-5335,Transit,2026,,4.02422162,3.61365988443,,5528.92,,331.289
KMT-2019-BLG-1953L b,KMT-2019-BLG-1953L,Microlensing,2020,200.0,,,,,0.31,7040.0
K2-331 c,K2-331,Transit,2021,,2.72,22.996591,673.0,5994.0,1.1,211.43
HD 16141 b,HD 16141,Radial Velocity,2000,82.6358,,75.523,,5757.0,1.11,37.7861
K2-383 b,K2-383,Transit,2022,,1.564,1.865962,,5129.0,1.061,203.788
K2-107 b,K2-107,Transit,2017,,15.98,3.313959,1649.0,6061.0,1.3,685.2
HD 23472 f,HD 23472,Transit,2022,0.77,1.137,12.1621839,630.0,4684.0,0.67,39.0341
TOI-1695 b,TOI-1695,Transit,2022,6.36,1.9,3.1342791,698.0,3690.0,0.513,45.1309
Kepler-295 d,Kepler-295,Transit,2014,,1.36,33.884054,,5603.0,,1699.19
Kepler-1742 b,Kepler-1742,Transit,2021,,2.1782413,49.47819901,,5776.0,0.939,669.573
OGLE-2018-BLG-1011L c,OGLE-2018-BLG-1011L,Microlensing,2019,890.0,,,,,0.18,7100.0
K2-366 b,K2-366,Transit,2022,,2.359,15.937039,,5601.0,0.825,185.947
K2-268 b,K2-268,Transit,2018,,1.5,2.151676,1136.0,5106.0,0.84,327.783
Kepler-417 b,Kepler-417,Transit Timing Variations,2014,11.0,2.31,12.331,,,0.9,973.989
GJ 433 b,GJ 433,Radial Velocity,2013,6.043,,7.3705,,,0.48,9.06456
HD 141937 b,HD 141937,Radial Velocity,2002,3591.4609991,,662.37,,5870.0,1.09,33.3622
Kepler-1312 c,Kepler-1312,Transit,2021,,1.02732734,1.116119981,,5721.0,0.983,299.104
Kepler-290 c,Kepler-290,Transit,2014,,2.7,36.77031,,5147.0,,694.627
OGLE-TR-211 b,OGLE-TR-211,Transit,2007,327.351,15.244,3.67724,,6325.0,1.33,1515.26
TOI-1756 b,TOI-1756,Transit,2026,,1.94225664,2.78301736297,,3891.86,,86.7159
Kepler-1944 b,Kepler-1944,Transit,2021,,2.75971163,9.842579842,,5585.0,1.064,1076.48
TOI-1601 b,TOI-1601,Transit,2021,387.0,14.19902343,5.33175,1493.97,5982.0,1.5055,336.608
OGLE-2017-BLG-1434L b,OGLE-2017-BLG-1434L,Microlensing,2018,4.43,,,,,0.234,860.0
Kepler-205 c,Kepler-205,Transit,2014,,1.64,20.306546,,4321.0,,159.72
Kepler-1969 b,Kepler-1969,Transit,2021,,1.68161001,6.647520065,,6046.0,1.111,1204.54
K2-276 b,K2-276,Transit,2018,,3.77,18.718269,583.0,5139.0,0.82,488.152
KOI-3503 b,KOI-3503,Transit,2021,9.2,1.19,21.185,785.0,6001.0,0.858,887.064
HD 28254 b,HD 28254,Radial Velocity,2010,1207.7479466,,1333.0,,,1.1,55.2884
Kepler-1809 b,Kepler-1809,Transit,2021,,1.513,3.7572999,,4901.0,0.807,409.602
Kepler-953 c,Kepler-953,Transit,2016,,1.19,9.10967112,,5416.0,0.95,258.893
Kepler-623 b,Kepler-623,Transit,2016,,3.01,9.07097734,,5443.0,0.9,737.702
Kepler-1035 b,Kepler-1035,Transit,2016,,1.17,2.714077555,,5763.0,0.98,562.116
Kepler-19 b,Kepler-19,Transit,2011,6.1,2.209,9.28699,851.0,5541.0,0.936,218.562
HD 224018 c,HD 224018,Transit,2025,10.4,2.42,36.57669,641.0,5784.0,1.013,105.48
Kepler-157 b,Kepler-157,Transit,2014,,1.32,1.732342,,5774.0,,773.713
TOI-2274 b,TOI-2274,Transit,2024,,2.45,2.67963,771.46,3943.0,0.612,48.876
NGTS-20 b,NGTS-20,Transit,2022,947.12865286,11.99360935,54.18915,688.0,5980.0,1.47,382.898
Kepler-467 b,Kepler-467,Transit,2016,,2.25,24.99324193,,5809.0,1.05,466.265
SWEEPS-4 b,SWEEPS-4,Transit,2006,1207.7,9.079,4.2,,,1.24,
KMT-2025-BLG-0121L b,KMT-2025-BLG-0121L,Microlensing,2026,2469.52672239,,,,,0.61,6200.0
Kepler-102 d,Kepler-102,Transit,2014,3.0,1.154,10.311767,686.0,4909.0,0.803,107.796
TOI-6383 A b,TOI-6383 A,Transit,2024,331.0,11.29,1.79058695,745.0,3444.0,0.458,171.319
WASP-183 b,WASP-183,Transit,2019,159.55066,16.47723,4.1117771,1111.0,5313.0,0.784,325.377
K2-326 b,K2-326,Transit,2020,,2.28,1.256,1114.0,3924.0,0.507,282.308
TOI-198 b,TOI-198,Transit,2023,3.17,1.36,10.215213,456.0,3801.0,0.417,23.7262
KMT-2023-BLG-2209L b,KMT-2023-BLG-2209L,Microlensing,2025,254.2627256,,,,,0.73,5570.0
Kepler-1077 b,Kepler-1077,Transit,2016,,2.77,34.3511874,,5816.0,1.02,1101.42
K2-343 b,K2-343,Transit,2021,,1.65,2.787174,653.0,3804.0,0.49,166.169
WASP-22 b,WASP-22,Transit,2010,212.9461,13.78707,3.53269,,6000.0,1.46,317.652
Kepler-344 c,Kepler-344,Transit,2014,,2.95,125.596809,,5774.0,,1002.94
Kepler-1514 c,Kepler-1514,Transit,2020,,1.1758241,10.514181,1066.0,6145.0,1.196,397.292
Kepler-238 c,Kepler-238,Transit,2014,,2.39,6.155557,,5751.0,,1798.75
TOI-1422 c,TOI-1422,Radial Velocity,2025,14.0,2.61,34.5633,628.0,,,155.141
Kepler-62 b,Kepler-62,Transit,2013,9.0,1.31,5.714932,750.0,4925.0,0.69,300.874
Kepler-1374 b,Kepler-1374,Transit,2016,,2.29,10.65276707,,5323.0,0.85,1078.46
HIP 35965 b,HIP 35965,Radial Velocity,2022,2589.98368864,,26125.56497,,,0.78,50.1677
TOI-1776 b,TOI-1776,Transit,2024,1.4,1.21612741,2.799868,1269.21,5785.0,0.9196,44.647
2M0437 b,2MASS J04372171+2651014,Imaging,2021,1271.313628,,,1450.0,3100.0,0.17,128.484
bet Cnc b,bet Cnc,Radial Velocity,2014,2479.0,,605.2,,4092.1,1.7,89.0472
Kepler-38 b,Kepler-38,Transit,2012,122.0,4.3,105.599,475.0,5623.0,0.941,1174.59
HD 92788 b,HD 92788,Radial Velocity,2000,1195.0408,,325.803,,5744.0,1.15,34.6538
Kepler-688 b,Kepler-688,Transit,2016,,9.76,3.895936844,,5715.0,0.98,1357.75
MOA-2013-BLG-605L b,MOA-2013-BLG-605L,Microlensing,2016,3.24,,,,,0.024,850.0
HIP 55507 b,HIP 55507,Radial Velocity,2022,2585.53409095,,5138.43727,,,0.65,25.4893
Kepler-1634 b,Kepler-1634,Transit,2016,,3.19,374.876239,,5474.0,0.92,617.339
GJ 4276 b,GJ 4276,Radial Velocity,2019,16.57,,13.352,,3387.0,0.406,21.3362
Kepler-925 b,Kepler-925,Transit,2016,,2.34,33.8678531,,4673.0,0.77,611.115
Kepler-342 d,Kepler-342,Transit,2014,,2.49,39.459357,,6175.0,,781.611
GJ 3138 b,GJ 3138,Radial Velocity,2017,1.78,,1.22003,,3717.0,0.681,28.4712
Kepler-84 b,Kepler-84,Transit,2012,,2.23,8.726,,,1.0,1023.9
Kepler-1592 b,Kepler-1592,Transit,2016,,1.54,3.05710069,,6213.0,1.18,1639.47
KPS-1 b,KPS-1,Transit,2018,346.4347,11.54527,1.706291,1459.0,5165.0,0.892,262.706
TOI-7008 b,TOI-7008,Transit,2026,,4.94735276,0.84069041367,,5116.06,,410.467
K2-194 b,K2-194,Transit,2018,,3.64229858,39.721386,,5979.0,1.110086,629.51
Kepler-1687 b,Kepler-1687,Transit,2020,,1.65623882,5.77954,,4132.0,0.65,417.014
Kepler-1688 b,Kepler-1688,Transit,2020,,1.26174569,5.62012,,4632.11,,
HIP 5763 b,HIP 5763,Radial Velocity,2021,162.09248757,,30.014,,,0.72,31.9043
Kepler-1903 b,Kepler-1903,Transit,2021,,2.28642395,17.0678997,,6347.0,1.053,1775.44
Kepler-864 b,Kepler-864,Transit,2016,,2.4,5.83376092,,5754.0,1.0,2022.9
Kepler-240 c,Kepler-240,Transit,2014,,2.2,7.953528,,4985.0,,746.927
TOI-5713 b,TOI-5713,Transit,2024,,1.77,10.441989,347.2,3225.0,0.2653,40.8668
TOI-921 b,TOI-921,Transit,2026,,3.53409617,5.12871907628,,6011.66,,294.015
K2-193 b,K2-193,Transit,2018,,3.95,14.786889,739.0,5817.0,1.01,411.923
Kepler-1241 b,Kepler-1241,Transit,2016,,2.63,18.5525701,,5261.0,0.84,968.722
Kepler-243 c,Kepler-243,Transit,2014,,1.99,20.026218,,5228.0,,693.86
HD 1502 b,HD 1502,Radial Velocity,2011,874.0325,,428.5,,4947.0,1.46,190.953
Kepler-204 b,Kepler-204,Transit,2014,,2.53,14.400974,,5812.0,,686.723
Kepler-238 f,Kepler-238,Transit,2013,13.5,2.0,50.447,,,1.06,1798.75
K2-195 c,K2-195,Transit,2018,,2.57581891,28.482786,,5712.0,0.963364,315.014
HD 189567 c,HD 189567,Radial Velocity,2021,7.0,,33.688,,5726.0,0.83,17.9055
TOI-4747 b,TOI-4747,Transit,2026,,3.95803201,5.21924158592,,5595.08,,304.615
Kepler-694 b,Kepler-694,Transit,2016,,2.8,6.365841612,,5700.0,0.97,1023.06
TOI-2088 b,TOI-2088,Transit,2024,37.0,3.6831179,124.72997,300.33,5081.0,0.9027,126.46
HD 148164 b,HD 148164,Radial Velocity,2018,390.9309,,328.55,,6032.0,1.21,77.1971
TOI-2128 b,TOI-2128,Transit,2024,4.5,2.08874836,16.34136,780.53,5968.0,1.0251,36.578
HD 109271 b,HD 109271,Radial Velocity,2013,17.162,,7.8543,,5783.0,1.047,55.8716
Kepler-1275 b,Kepler-1275,Transit,2016,,1.48,3.65691115,,6296.0,1.23,1153.98
K2-16 c,K2-16,Transit,2015,,2.54,19.07863,485.0,4742.0,0.68,334.967
HAT-P-22 b,HAT-P-22,Transit,2010,785.0401,12.89035,3.21222,,5302.0,1.13,81.7647
TOI-4495 b,TOI-4495,Transit,2026,7.7,2.483,2.56699,1735.0,6210.0,1.247,132.214
Kepler-1252 b,Kepler-1252,Transit,2016,,1.67,15.0540329,,5949.0,1.06,648.979
NGTS-24 b,NGTS-24,Transit,2022,165.27077164,13.60770257,3.4678796,1499.0,5820.0,1.26,683.062
HD 204313 b,HD 204313,Radial Velocity,2010,1466.7780983,,2041.11539,,,1.03,47.7945
Kepler-114 d,Kepler-114,Transit,2013,3.9,2.53,11.776,,,0.56,259.533
K2-118 b,K2-118,Transit,2017,,2.54,50.92092,,4726.29,0.756446,321.722
HATS-52 b,HATS-52,Transit,2017,711.9392,15.490838,1.36665436,1834.0,6010.0,1.111,555.134
WASP-135 b,WASP-135,Transit,2015,603.877,14.5717,1.4013794,,5675.0,0.98,298.214
TOI-615 b,TOI-615,Transit,2023,138.25535705,18.97680433,4.6615983,1666.0,6850.0,1.449,360.408
Kepler-377 c,Kepler-377,Transit,2014,,2.06,27.014976,,5949.0,,823.804
HD 98736 b,HD 98736,Radial Velocity,2018,740.5439,,968.8,,5271.0,0.92,32.4459
Kepler-239 b,Kepler-239,Transit,2014,,2.33,11.763051,,4914.0,,648.109
HAT-P-58 b,HAT-P-58,Transit,2021,118.2321674,14.93036229,4.0138379,1622.0,6078.0,1.031,515.59
Kepler-249 b,Kepler-249,Transit,2014,,1.09,3.306539,,3568.0,,190.401
TOI-2322 c,TOI-2322,Transit,2025,18.1,1.874,20.225528,496.8,4664.0,0.703,59.861
ROXs 12 b,ROXs 12,Imaging,2013,5085.0,,,,3850.0,0.87,136.65
OGLE-2018-BLG-0962L b,OGLE-2018-BLG-0962L,Microlensing,2021,425.89006538,,,,,0.54,6500.0
Kepler-354 c,Kepler-354,Transit,2014,,1.31,16.934402,,4648.0,,554.064
HD 1397 b,HD 1397,Transit,2018,131.89945,11.500434,11.53533,1228.3,5521.0,1.324,79.5702
KMT-2016-BLG-1397L b,KMT-2016-BLG-1397L,Microlensing,2018,2200.0,,,,,0.45,6600.0
HIP 97233 b,HIP 97233,Radial Velocity,2014,6098.17364511,,1062.26506,,,1.81,102.275
Kepler-1073 d,Kepler-1073,Transit,2021,,1.48770949,2.504760027,,5509.0,0.924,809.897
Kepler-119 c,Kepler-119,Transit,2014,,0.92,4.125103,,5595.0,,701.996
HIP 81208 C b,HIP 81208 C,Imaging,2023,4703.8604236,,104100.0,2050.0,,0.135,147.533
K2-63 b,K2-63,Transit,2016,,3.22,20.257,,6771.0,1.4,517.534
Kepler-54 c,Kepler-54,Transit,2012,,1.23,12.0717249,,3705.0,0.51,271.701
Kepler-865 b,Kepler-865,Transit,2016,,2.49,14.16399294,,5570.0,0.93,586.137
HD 107148 b,HD 107148,Radial Velocity,2005,66.741,,48.056,,5797.0,1.12,49.4156
HATS-26 b,HATS-26,Transit,2016,206.5895,19.61575,3.3023881,1918.0,6071.0,1.299,861.843
CHXR 73 b,CHXR 73,Imaging,2006,3994.486,,,,,0.35,190.374
Kepler-382 b,Kepler-382,Transit,2014,,1.32,5.262155,,5600.0,,935.446
KOI-12 b,KOI-12,Transit,2015,349.613,13.78707,17.855182,,,1.5,399.398
Kepler-465 b,Kepler-465,Transit,2016,,2.95,9.940672466,,6310.0,1.23,553.077
K2-285 b,K2-285,Transit,2018,9.68,2.59,3.471745,1088.9,4975.0,0.83,154.961
Kepler-317 c,Kepler-317,Transit,2014,,1.72,8.77501,,5497.0,,940.584
TIC 294329732 b,TIC 294329732,Transit,2026,,2.07692266,9.7565876181,,5201.93,,189.333
Kepler-693 b,Kepler-693,Transit,2016,,10.18,15.37563332,,4881.0,0.76,1151.51
K2-153 b,K2-153,Transit,2018,,2.0,7.51574,497.0,3845.0,0.55,143.125
Kepler-1225 b,Kepler-1225,Transit,2016,,1.82,7.01075434,,6140.0,1.13,1347.52
HD 34445 b,HD 34445,Radial Velocity,2009,260.6206,,1049.0,,5879.0,1.14,46.0907
HD 164604 b,HD 164604,Radial Velocity,2009,4195.3349724,,653.9,,4663.0,0.77,39.3633
Kepler-887 c,Kepler-887,Transit,2016,,1.13,7.63846023,,6194.0,1.19,886.588
K2-412 b,K2-412,Transit,2022,,2.116,5.9382,,5590.0,0.893,654.085
GJ 887 e,GJ 887,Radial Velocity,2026,1.46,,4.4249,544.0,3688.0,0.495,3.28679
TOI-1855 b,TOI-1855,Transit,2024,360.09958513,18.49481816,1.36414864,1701.0,5359.0,0.987,176.833
TOI-3837 b,TOI-3837,Transit,2025,187.51876013,10.87271128,11.88865,1178.0,5905.0,0.89,311.705
Kepler-416 d,Kepler-416,Transit,2023,,1.61,3.07644709,1253.0,5670.0,0.949,690.819
Kepler-58 b,Kepler-58,Transit,2012,35.5,2.78,10.2184954,,5843.0,0.95,969.252
WASP-132 d,WASP-132,Radial Velocity,2024,1639.99458012,,1816.6,107.0,4686.0,0.789,122.91
Kepler-346 c,Kepler-346,Transit,2014,,3.07,23.851549,,6033.0,,984.105
TOI-4145 A b,TOI-4145 A,Transit,2023,136.66621501,13.30506009,4.0664428,1074.0,5281.0,0.905,205.387
Kepler-1308 b,Kepler-1308,Transit,2016,,0.52,2.104338119,,3468.0,0.35,112.705
Kepler-1311 d,Kepler-1311,Transit,2021,,9.65837605,197.5110016,,5616.0,1.032,866.331
Kepler-1883 b,Kepler-1883,Transit,2021,,3.25107395,103.427002,,6208.0,1.086,1377.61
Kepler-1774 b,Kepler-1774,Transit,2021,,3.18179549,59.77080154,,6214.0,1.101,816.592
Kepler-215 b,Kepler-215,Transit,2014,,1.62,9.360672,,5739.0,,485.997
TOI-1438 c,TOI-1438,Transit,2025,10.6,2.75,9.428089,794.0,5230.0,0.876,110.513
K2-416 b,K2-416,Transit,2023,1652.7077164,2.66,13.102,447.0,3746.0,0.548,120.311
HD 1461 b,HD 1461,Radial Velocity,2010,6.44,,5.77152,,5765.0,1.02,23.4534
TOI-1814 b,TOI-1814,Transit,2026,,5.18536642,6.36861010462,,4872.84,,362.522
Kepler-487 d,Kepler-487,Transit,2021,,2.77513568,2.418390036,,5422.0,0.874,872.343
Kepler-325 d,Kepler-325,Transit,2014,,2.79,38.715185,,5752.0,,823.242
Kepler-242 b,Kepler-242,Transit,2014,,2.61,8.20395,,5020.0,,600.241
gam Psc b,gam Psc,Radial Velocity,2021,425.89006538,,555.1,,4742.0,0.99,41.3107
Kepler-1922 b,Kepler-1922,Transit,2021,,2.29064904,13.22259998,,5931.0,0.953,1344.29
Kepler-173 b,Kepler-173,Transit,2014,,1.29,4.263742,,6031.0,,833.165
TOI-1634 b,TOI-1634,Transit,2021,4.9,1.759,0.98934551,900.0,3550.0,0.502,35.2736
HD 109271 c,HD 109271,Radial Velocity,2013,24.154,,30.93,,5783.0,1.047,55.8716
Kepler-350 b,Kepler-350,Transit,2014,,1.85,11.189562,,6186.0,,956.859
HATS-14 b,HATS-14,Transit,2015,340.39593,11.646151,2.7667641,1276.0,5346.0,0.967,513.011
TOI-1693 b,TOI-1693,Transit,2022,,1.41,1.7666957,764.0,3499.0,0.49,30.7947
Kepler-122 b,Kepler-122,Transit,2014,,2.34,5.766193,,6050.0,,1027.45
Kepler-1046 b,Kepler-1046,Transit,2016,,1.71,14.37508035,,5913.0,1.04,721.534
GJ 251 b,GJ 251,Radial Velocity,2020,3.85,,14.237,336.0,3342.0,0.35,5.58057
OGLE-2013-BLG-1761L b,OGLE-2013-BLG-1761L,Microlensing,2017,860.0,,,,,0.33,6900.0
Kepler-234 b,Kepler-234,Transit,2014,,3.7,2.711506,,6224.0,,1733.1
K2-165 b,K2-165,Transit,2018,,1.27443657,2.354992,,5185.0,0.834847,134.591
Kepler-340 b,Kepler-340,Transit,2014,,2.53,14.844387,,6620.0,,808.762
K2-219 b,K2-219,Transit,2018,,1.34762583,3.901287,,5753.0,1.021545,325.4
Kepler-26 d,Kepler-26,Transit,2014,,1.07,3.543919,,4486.0,,335.307
Kepler-1548 b,Kepler-1548,Transit,2016,,2.64,124.828679,,5706.0,0.99,872.279
TOI-2322 b,TOI-2322,Transit,2025,2.31,0.994,11.30717,603.1,4664.0,0.703,59.861
psi1 Dra B b,psi1 Dra B,Radial Velocity,2015,486.2799,,3117.0,,6212.0,1.19,22.7188
KMT-2022-BLG-0440L b,KMT-2022-BLG-0440L,Microlensing,2023,15.4,,,,,0.53,3500.0
TIC 393818343 b,TIC 393818343,Transit,2024,1379.37528638,12.18416202,16.24921,805.5,5756.0,1.082,93.7345
Kepler-194 b,Kepler-194,Transit,2014,,1.51,2.092281,,6089.0,,1097.97
NGTS-5 b,NGTS-5,Transit,2019,72.78307,12.733424,3.3569866,952.0,4987.0,0.661,306.779
TOI-5532 b,TOI-5532,Transit,2026,,2.52763693,5.6539659431,,4208.45,,90.9985
HIP 65426 b,HIP 65426,Imaging,2017,2860.47,16.8135,,1500.0,8840.0,1.96,108.875
DE CVn b,DE CVn,Eclipse Timing Variations,2018,3823.27330161,,4098.1,,,0.51,30.5225
HD 95086 b,HD 95086,Imaging,2013,1589.0,,,1000.0,,1.6,86.2279
Kepler-1421 b,Kepler-1421,Transit,2016,,0.93,6.9131112,,6335.0,1.25,783.401
KIC 10068024 b,KIC 10068024,Orbital Brightness Modulation,2021,635.656814,,2.073549,,6118.4,1.22,721.105
K2-201 c,K2-201,Transit,2018,,3.28568401,22.779878,,5507.0,0.956055,197.932
HD 177830 b,HD 177830,Radial Velocity,1999,537.1327,,410.10001,,4901.0,1.7,62.7674
K2-414 c,K2-414,Transit,2022,,1.9287,6.669,,4343.0,0.814,260.036
HD 142 A d,HD 142,Radial Velocity,2022,82.63538582,,108.45299,,,1.21,26.1853
Kepler-172 d,Kepler-172,Transit,2014,,2.25,14.627119,,5526.0,,828.592
Kepler-304 b,Kepler-304,Transit,2014,,2.86,3.295709,,4731.0,,434.684
Kepler-57 b,Kepler-57,Transit,2012,25.06,3.135,5.72,,5187.9,0.859,644.14
Kepler-1143 c,Kepler-1143,Transit,2016,,3.6,210.630591,,5053.0,0.81,555.189
HD 111232 c,HD 111232,Radial Velocity,2022,5740.93451564,,26472.44623,,,0.96,28.9571
HD 23472 d,HD 23472,Transit,2022,0.55,0.75,3.97664,909.0,4684.0,0.67,39.0341
Kepler-843 b,Kepler-843,Transit,2016,,2.59,2.053879821,,5830.0,1.02,1165.66
TOI-1260 d,TOI-1260,Transit,2022,11.84,3.12,16.608164,499.0,4227.0,0.679,73.5977
TOI-1450 A b,TOI-1450 A,Transit,2024,1.258,1.13,2.0439274,722.0,3437.0,0.48,22.4467
KMT-2023-BLG-0949L b,KMT-2023-BLG-0949L,Microlensing,2025,1900.61387386,,,,,0.48,6060.0
Kepler-444 c,Kepler-444,Transit,2015,,0.497,4.5458841,,5046.0,0.758,36.4396
GJ 3634 b,GJ 3634,Radial Velocity,2010,8.4,,2.64561,,,0.45,20.3779
WASP-41 c,WASP-41,Radial Velocity,2015,1010.6994,,421.0,241.0,5545.0,0.93,163.371
Kepler-1370 b,Kepler-1370,Transit,2016,,1.84,20.2641684,,6202.0,1.19,1004.1
K2-217 b,K2-217,Transit,2018,,3.57854073,14.074524,,5967.0,1.102661,381.878
TOI-5143 c,TOI-5143,Transit,2025,,16.25302201,5.2097118,,5183.0,0.864,181.38
Kepler-287 c,Kepler-287,Transit,2014,,3.26,44.851896,,5806.0,,835.86
Kepler-1986 b,Kepler-1986,Transit,2023,,1.89,19.5489666,579.0,5549.0,0.776,912.085
Kepler-1563 b,Kepler-1563,Transit,2016,,0.75,3.43276598,,5765.0,1.0,616.697
HIP 65891 b,HIP 65891,Radial Velocity,2015,1938.7532827,,1089.6,,5000.0,2.5,150.292
HATS-8 b,HATS-8,Transit,2015,43.86054,9.785457,3.583893,1324.0,5679.0,1.056,794.637
K2-7 b,K2-7,Transit,2015,,4.03523305,28.6781,786.0,5700.0,1.056,738.553
K2-9 b,K2-9,Transit,2015,,2.25,18.4498,314.0,3390.0,0.3,82.9631
HD 564 b,HD 564,Radial Velocity,2014,104.88,,492.3,,5902.0,0.961,51.1659
BD+15 2375 b,BD+15 2375,Radial Velocity,2016,337.21763,,153.22,,4649.0,1.08,768.045
HD 141399 b,HD 141399,Radial Velocity,2014,143.34133,,94.44,,5600.0,1.07,37.0169
HATS-15 b,HATS-15,Transit,2016,689.6911,12.385945,1.74748753,1505.0,5311.0,0.871,1139.55
K2-38 b,K2-38,Transit,2016,7.3,1.54,4.01593,1266.0,5731.0,1.03,192.69
HD 42618 b,HD 42618,Radial Velocity,2016,14.4,,149.61,337.0,5727.0,1.015,24.3358
HD 68402 b,HD 68402,Radial Velocity,2016,975.7381,,1103.0,,5950.0,1.12,78.4293
2MASS J22362452+4751425 b,2MASS J22362452+4751425,Imaging,2016,3972.875,,,,4045.0,0.6,69.5737
K2-101 b,K2-101,Transit,2016,,2.0,14.6762429,618.0,4927.0,0.82,188.33
OGLE-2014-BLG-0676L b,OGLE-2014-BLG-0676L,Microlensing,2016,1169.60853776,,,,,0.73,2670.0
EPIC 220674823 c,EPIC 220674823,Transit,2016,7.9,2.712,13.340603,838.0,5578.0,0.913,244.59
GJ 273 b,GJ 273,Radial Velocity,2017,2.89,,18.6498,,3382.0,0.29,5.921535
Qatar-3 b,Qatar-3,Transit,2017,1369.8473,12.285064,2.5079204,1681.0,6007.0,1.145,735.601
MOA-2016-BLG-227L b,MOA-2016-BLG-227L,Microlensing,2017,890.0,,,,,0.29,6500.0
Kepler-371 b,Kepler-371,Transit,2014,,1.89,34.763278,,5666.0,,813.192
Kepler-1142 b,Kepler-1142,Transit,2016,,1.47,18.3027248,,5685.0,0.97,1273.51
Kepler-1161 b,Kepler-1161,Transit,2016,,2.13,10.71252541,,4253.0,0.59,547.726
Kepler-1815 b,Kepler-1815,Transit,2021,,2.7489262,12.19139957,,5516.0,0.856,1006.63
Kepler-378 b,Kepler-378,Transit,2014,,0.75,16.092361,,4661.0,,152.094
Kepler-1818 b,Kepler-1818,Transit,2021,,1.71360684,4.644909859,,6047.0,1.021,1034.59
Kepler-112 c,Kepler-112,Transit,2014,,2.4,28.574263,,5544.0,,513.206
Kepler-1495 b,Kepler-1495,Transit,2016,,2.94,85.273256,,5831.0,1.03,1355.54
Kepler-1501 b,Kepler-1501,Transit,2016,,1.56,14.5564533,,6229.0,1.2,749.06
Kepler-1504 b,Kepler-1504,Transit,2016,,2.13,82.304003,,5393.0,0.85,2435.94
Kepler-1344 b,Kepler-1344,Transit,2016,,1.84,4.7683049,,5981.0,1.09,853.959
HD 101581 b,HIP 56998,Transit,2025,,0.956,4.46569,834.0,4675.0,0.653,12.7781
Kepler-1812 b,Kepler-1812,Transit,2021,,2.3249424,7.165219784,,6174.0,1.162,1409.19
Kepler-1282 b,Kepler-1282,Transit,2016,,1.55,2.131946513,,5504.0,0.92,1103.29
KMT-2023-BLG-0735L b,KMT-2023-BLG-0735L,Microlensing,2024,38.77506565,,,,,0.61,6390.0
Kepler-313 c,Kepler-313,Transit,2014,,2.57,32.273273,,5727.0,,
Kepler-549 b,Kepler-549,Transit,2016,,2.57,42.9495649,,5360.0,0.88,635.145
Kepler-1319 b,Kepler-1319,Transit,2016,,1.34,2.886762645,,3655.0,0.56,103.917
Kepler-1955 b,Kepler-1955,Transit,2021,,1.16654878,14.26519966,,5825.0,1.049,449.351
KMT-2021-BLG-2010L b,KMT-2021-BLG-2010L,Microlensing,2023,340.07639549,,,,,0.37,7090.0
Kepler-665 b,Kepler-665,Transit,2016,,2.6,16.01310205,,4913.0,0.79,612.838
Kepler-676 b,Kepler-676,Transit,2016,,3.04,11.59822172,,3701.0,0.51,295.196
Kepler-355 b,Kepler-355,Transit,2014,,1.46,11.03189,,6184.0,,1432.17
Kepler-1996 c,Kepler-1996,Transit,2023,,2.81,92.7297248,276.0,4580.0,0.748,440.561
Kepler-1123 b,Kepler-1123,Transit,2016,,1.67,4.33946454,,5500.0,0.93,704.323
Kepler-1326 b,Kepler-1326,Transit,2016,,4.18,42.3514267,,6725.0,1.45,698.326
KOI-134 c,KOI-134,Transit Timing Variations,2025,69.92224954,,33.95,,6160.0,1.407,1159.21
HD 183263 c,HD 183263,Radial Velocity,2008,2958.98246917,,4667.97841,,,1.06,54.1955
HD 191806 b,HD 191806,Radial Velocity,2016,2966.61035094,,1603.38923,,,1.07,65.6668
HD 180617 b,HD 180617,Radial Velocity,2018,12.214,,105.911,,3534.0,0.484,5.91059
HD 216437 b,HD 216437,Radial Velocity,2002,1334.8793094,,1359.0,,,1.22,26.6902
Kepler-267 c,Kepler-267,Transit,2014,,2.13,6.87745,,4258.0,,264.993
Kepler-374 d,Kepler-374,Transit,2014,,1.31,5.028219,,5977.0,,1265.61
Kepler-1666 c,Kepler-1666,Transit,2020,,3.23564749,40.7157,,6293.0,1.23,1379.37
GJ 3138 c,GJ 3138,Radial Velocity,2017,4.18,,5.974,,3717.0,0.681,28.4712
Kepler-6 b,Kepler-6,Transit,2009,212.31044,14.616536,3.2346996,1460.0,5647.0,1.209,587.039
Kepler-533 b,Kepler-533,Transit,2016,,3.38,28.51120525,,4758.0,0.78,302.955
Kepler-1212 b,Kepler-1212,Transit,2016,,2.14,12.94130146,,6051.0,1.1,1316.57
HD 191939 f,HD 191939,Radial Velocity,2022,915.34581216,,2898.0,,5348.0,0.81,53.6089
Kepler-257 d,Kepler-257,Transit,2014,,4.95,24.664551,,5180.0,,780.256
Kepler-638 b,Kepler-638,Transit,2016,,1.83,6.07972888,,5382.0,0.88,991.214
CoRoT-25 b,CoRoT-25,Transit,2013,85.81,12.11,4.86069,1330.0,6040.0,1.09,1103.48
OGLE-TR-113 b,OGLE-TR-113,Transit,2004,400.449,12.251,1.4324752,,4790.0,0.779,566.459
TOI-1839 b,TOI-1839,Transit,2026,,2.21895097,1.42378440907,,5315.91,,116.086
Kepler-401 d,Kepler-401,Transit,2016,,2.27,184.256405,,6184.0,1.17,965.56
Kepler-1940 b,Kepler-1940,Transit,2021,,1.54732469,4.950610161,,5431.0,0.802,798.595
K2-62 b,K2-62,Transit,2016,,2.02,6.67199,666.0,4455.0,0.67,112.467
Kepler-886 b,Kepler-886,Transit,2016,,1.52,6.24146367,,6098.0,1.1,711.297
Kepler-165 b,Kepler-165,Transit,2014,,2.32,8.180848,,5211.0,,560.885
Kepler-421 b,Kepler-421,Transit,2014,,4.16,704.1984,185.0,5308.0,0.794,348.558
HD 40979 b,HD 40979,Radial Velocity,2002,1484.2661,,264.14999,,6165.0,1.45,34.0883
WASP-8 b,WASP-8,Transit,2010,807.2882,12.66617,8.15872,,5600.0,1.34,89.9606
Kepler-349 b,Kepler-349,Transit,2014,,1.9,5.929778,,5956.0,,940.724
HD 147379 b,HD 147379,Radial Velocity,2017,21.6,,86.58,,4090.0,0.58,10.7643
OGLE-2016-BLG-0263L b,OGLE-2016-BLG-0263L,Microlensing,2017,1300.0,,,,,0.13,6500.0
K2-154 c,K2-154,Transit,2018,,2.07,7.95486,552.0,4097.0,0.65,129.356
TCP J05074264+2447555 b,TCP J05074264+2447555,Microlensing,2018,20.0,,,,,0.586,505.0
K2-264 b,K2-264,Transit,2018,,2.231,5.840002,496.0,3660.0,0.496,185.605
KMT-2016-BLG-2142L b,KMT-2016-BLG-2142L,Microlensing,2018,4923.0,,,,,0.073,7010.0
MOA-2016-BLG-319L b,MOA-2016-BLG-319L,Microlensing,2018,200.0,,,,,0.15,6800.0
HD 33142 c,HD 33142,Radial Velocity,2016,282.86728223,,810.2,,5025.4,1.52,121.375
HATS-59 b,HATS-59,Transit,2018,256.17098,12.621334,5.416081,1128.0,5670.0,1.038,642.884
GJ 3779 b,GJ 3779,Radial Velocity,2018,8.0,,3.0232,,3324.0,0.27,13.743
KMT-2017-BLG-1146L b,KMT-2017-BLG-1146L,Microlensing,2019,230.0,,,,,0.33,6500.0
TOI-216.01,TOI-216,Transit,2019,177.98390792,10.1,34.525528,,,0.77,177.945
EPIC 206317286 b,EPIC 206317286,Transit,2019,,0.96,1.58252,,,0.711,314.35
EPIC 212424622 b,EPIC 212424622,Transit,2019,,2.17,18.0983,,,1.106,611.804
KMT-2017-BLG-0165L b,KMT-2017-BLG-0165L,Microlensing,2018,34.0,,,,,0.76,4530.0
HAT-P-69 b,HAT-P-69,Transit,2019,1137.8314,18.786284,4.7869491,1930.0,7394.0,1.648,341.263
KELT-24 b,KELT-24,Transit,2019,1458.83238813,12.71098411,5.55149296,1391.0,6426.0,1.268,96.5173
GJ 27.1 b,GJ 27.1,Radial Velocity,2014,13.0,,15.819,,3542.0,0.53,23.6062
Kepler-1091 b,Kepler-1091,Transit,2016,,1.46,1.434741564,,5851.0,1.01,914.299
Kepler-1085 c,Kepler-1085,Transit,2020,,3.26817741,56.7771,,5816.0,1.05,1364.53
Kepler-114 b,Kepler-114,Transit,2014,,1.26,5.188549,,4605.0,,259.533
Kepler-1102 b,Kepler-1102,Transit,2016,,2.66,51.3285623,,5724.0,0.96,1246.05
Kepler-103 c,Kepler-103,Transit,2014,58.47,5.4539,179.60978,,6047.0,1.212,494.832
Kepler-20 f,Kepler-20,Transit,2011,1.4,0.952,19.578328,681.0,5495.0,0.929,282.563
Kepler-804 c,Kepler-804,Transit,2016,,1.14,9.65185017,,5817.0,1.01,649.65
Kepler-293 c,Kepler-293,Transit,2014,,3.83,54.155743,,5804.0,,974.633
Kepler-328 b,Kepler-328,Transit,2013,28.5,2.3,34.921,,,1.15,2213.19
Kepler-332 c,Kepler-332,Transit,2014,,1.09,15.995622,,4955.0,,344.19
Kepler-342 e,Kepler-342,Transit,2016,,0.88,1.644224613,,6366.0,1.26,781.611
Kepler-1513 b,Kepler-1513,Transit,2016,48.30991786,8.594,160.8842,,5491.0,0.943,349.247
Kepler-698 b,Kepler-698,Transit,2016,,3.68,16.32976218,,5612.0,0.94,1995.57
Kepler-351 d,Kepler-351,Transit,2016,,2.72,142.544247,,5225.0,0.81,1083.91
Kepler-1644 b,Kepler-1644,Transit,2016,,1.88,21.0907758,,5499.0,0.89,629.27
HATS-54 b,HATS-54,Transit,2019,239.32479047,11.37711541,2.5441765,1429.0,5621.0,1.05,748.585
Kepler-1933 b,Kepler-1933,Transit,2021,,1.17984089,4.943290234,,5661.0,0.964,328.007
Kepler-309 b,Kepler-309,Transit,2014,,1.56,5.923653,,4713.0,,544.568
Kepler-1190 b,Kepler-1190,Transit,2016,,1.33,10.45843441,,4730.0,0.76,342.509
Kepler-1253 b,Kepler-1253,Transit,2016,,1.33,68.8861915,,5850.0,0.97,514.524
OGLE-2016-BLG-1190L b,OGLE-2016-BLG-1190L,Microlensing,2017,4253.0,,1220.0,,,0.88,6770.0
Kepler-1068 b,Kepler-1068,Transit,2016,,3.63,16.92344113,,5806.0,1.01,1473.61
Kepler-1697 b,Kepler-1697,Transit,2020,,1.25954761,33.4969,,4681.53,0.747,247.771
HATS-2 b,HATS-2,Transit,2013,435.42491759,12.57647635,1.35413379,1550.0,,0.904,341.925
Kepler-1904 b,Kepler-1904,Transit,2021,,1.3904994,4.577020168,,3805.0,0.526,270.854
Kepler-228 d,Kepler-228,Transit,2014,,4.04,11.094286,,6043.0,,1644.61
Kepler-300 c,Kepler-300,Transit,2014,,2.25,40.714955,,5986.0,,1098.45
HIP 97166 b,HIP 97166,Transit,2021,19.1,2.4801338,10.288914,701.66,5216.0,0.9342,65.9501
K2-39 b,K2-39,Transit,2016,28.6047,6.27704,4.60543,,4881.0,0.66,307.47
Kepler-483 b,Kepler-483,Transit,2016,,3.21,30.229104,,6346.0,1.28,860.355
TIC 270471727 b,TIC 270471727,Transit,2026,,2.75029559,10.45623256647,,5271.39,,182.104
K2-165 c,K2-165,Transit,2018,,1.55409035,4.382745,,5185.0,0.834847,134.591
Kepler-760 b,Kepler-760,Transit,2016,,3.06,8.70419416,,5322.0,0.89,792.336
HD 5319 c,HD 5319,Radial Velocity,2014,334.67499,,872.2,,4871.0,1.27,121.405
OGLE-2016-BLG-1195L b,OGLE-2016-BLG-1195L,Microlensing,2017,1.43,,,,,0.078,3910.0
WASP-102 b,WASP-102,Transit,2025,197.68926915,14.90794433,2.709813,1671.0,5990.0,1.08,535.689
TOI-1224 b,TOI-1224,Transit,2024,,2.104,4.1782745,541.0,3326.0,0.4,37.3312
TOI-715 b,TOI-715,Transit,2023,,1.55,19.288004,234.0,3075.0,0.225,42.4048
Kepler-1987 d,Kepler-1987,Transit,2023,,2.66,5.644914154,744.0,4769.0,0.799,595.683
Kepler-302 c,Kepler-302,Transit,2014,,12.45,127.282184,,5740.0,,1402.58
Kepler-1228 b,Kepler-1228,Transit,2016,,1.54,0.577369579,,5063.0,0.78,515.453
K2-223 c,K2-223,Transit,2018,,1.5,4.562546,,5859.0,,198.604
PDS 70 b,PDS 70,Imaging,2018,1017.0509024,21.96960217,,1392.0,4109.0,0.982,113.064
HD 96063 b,HD 96063,Radial Velocity,2011,403.6441,,362.5,,5020.0,1.37,140.065
WASP-195 b,WASP-195,Transit,2025,33.05415433,10.31226224,5.051928,1522.0,6300.0,1.3,484.852
HD 117207 b,HD 117207,Radial Velocity,2004,612.14058,,2621.75,,5732.0,1.053,32.3547
HD 219139 b,HD 219139,Radial Velocity,2021,247.90615746,,275.5,,4831.0,1.46,104.935
TOI-1246 d,TOI-1246,Transit,2022,5.4,3.43139739,18.654874,587.77,5213.0,0.8889,169.422
TOI-1777.01,TOI-1777,Transit,2024,,2.246,14.650111974,,5859.0,1.06,79.7665
K2-221 b,K2-221,Transit,2018,,1.67890272,2.399094,,5716.0,1.010842,318.81
Kepler-354 b,Kepler-354,Transit,2014,,1.84,5.47666,,4648.0,,554.064
TOI-1749 d,TOI-1749,Transit,2021,15.0,2.52,9.0497,533.0,3985.0,0.58,99.5561
TOI-1836 c,TOI-1836,Transit,2024,8.0,2.59987579,1.7727471,2007.6,6237.0,1.2518,191.649
HD 33142 b,HD 33142,Radial Velocity,2011,400.46379282,,330.0,,5025.4,1.52,121.375
Kepler-431 b,Kepler-431,Transit,2015,,0.764,6.803,1032.0,6004.0,1.071,486.546
TOI-2992 b,TOI-2992,Transit,2025,1058.36859531,13.75341932,3.007812,1726.0,6000.0,1.21,542.026
TOI-6677 b,TOI-6677,Transit,2026,,5.83507112,5.45060661625,,6572.28,,340.52
KELT-17 b,KELT-17,Transit,2016,416.3573,17.093725,3.0801716,2087.0,7454.0,1.635,226.5
HD 110113 c,HD 110113,Radial Velocity,2021,10.5,,6.744,990.0,5732.0,0.997,106.307
HD 23596 b,HD 23596,Radial Velocity,2003,3786.607641,,1535.11912,,,1.1,52.0018
Kepler-904 b,Kepler-904,Transit,2016,,1.77,3.021668632,,6160.0,1.16,978.125
Kepler-772 b,Kepler-772,Transit,2016,,1.82,12.99207337,,5714.0,0.98,1130.21
EPIC 201238110 b,EPIC 201238110,Transit,2019,,1.87,28.1656,,,0.41,159.259
Kepler-299 c,Kepler-299,Transit,2014,,2.65,6.885875,,5617.0,,1052.24
HD 158259 b,HD 158259,Radial Velocity,2020,2.22,,2.178,,,1.08,27.0498
BD-11 4672 c,BD-11 4672,Radial Velocity,2020,15.37,,74.2,,4550.0,0.651,27.1665
GJ 480 b,GJ 480,Radial Velocity,2020,8.8,,9.5536,406.0,3509.0,0.45,14.2358
GJ 9066 c,GJ 9066,Radial Velocity,2020,66.74396547,,771.36,,3154.0,0.15,4.471
HD 63433 b,HD 63433,Transit,2020,21.755,2.14,7.1079475,967.11,5553.0,0.956,22.4035
TOI-1266 c,TOI-1266,Transit,2020,3.17,1.98,18.8027,346.0,3563.0,0.437,36.0118
EPIC 201170410.02,EPIC 201170410,Transit,2020,,1.047,6.7987,,3648.0,0.287,
K2-111 c,K2-111,Radial Velocity,2020,11.1,,15.6748,923.0,5775.0,0.84,200.394
TYC 0434-04538-1 b,TYC 0434-04538-1,Radial Velocity,2021,1938.763,,193.2,,4679.0,1.04,613.422
NGTS-15 b,NGTS-15,Transit,2021,238.68913366,12.32987877,3.27623,1146.0,5600.0,0.995,786.485
Kepler-106 c,Kepler-106,Transit,2014,10.44,2.5,13.5708,,5858.0,1.0,444.322
TOI-1260 c,TOI-1260,Transit,2021,13.2,2.76,7.493134,651.0,4227.0,0.679,73.5977
TOI-1749 b,TOI-1749,Transit,2021,57.0,1.39,2.38839,831.0,3985.0,0.58,99.5561
Kepler-832 b,Kepler-832,Transit,2016,,2.06,7.1396941,,5596.0,0.92,1688.12
K2-353 b,K2-353,Transit,2021,,5.55,15.466805,735.0,5698.0,0.87,268.515
Kepler-294 c,Kepler-294,Transit,2014,,2.71,6.6264,,5913.0,,1357.01
HD 154088 b,HD 154088,Radial Velocity,2021,6.6,,18.56,,5374.0,0.91,18.2692
HD 137496 c,HD 137496,Radial Velocity,2021,2434.56559762,,479.9,370.0,5799.0,1.04,155.317
Kepler-1194 b,Kepler-1194,Transit,2016,,1.51,16.22371307,,5590.0,0.94,757.382
Kepler-1196 b,Kepler-1196,Transit,2016,,2.23,66.1849031,,5756.0,0.98,922.333
Kepler-1198 b,Kepler-1198,Transit,2016,,1.47,7.6847716,,5517.0,0.93,743.03
Kepler-98 b,Kepler-98,Transit,2014,3.55,1.99,1.54168,,5539.0,0.99,350.315
Kepler-1209 b,Kepler-1209,Transit,2016,,1.51,25.369116,,6210.0,1.23,505.531
Kepler-1227 b,Kepler-1227,Transit,2016,,2.29,94.2887577,,5747.0,0.97,623.706
Kepler-383 b,Kepler-383,Transit,2014,,1.32,12.904532,,4710.0,,
Kepler-352 d,Kepler-352,Transit,2021,,0.80628032,6.887279987,,5208.0,0.796,252.733
Kepler-700 b,Kepler-700,Transit,2016,,5.99,80.8720639,,5692.0,0.98,1491.76
Kepler-1086 c,Kepler-1086,Transit,2016,,2.94,161.5163345,,4350.0,0.7,466.084
Kepler-704 b,Kepler-704,Transit,2016,,2.61,3.76182115,,5616.0,0.97,1228.83
Kepler-883 b,Kepler-883,Transit,2016,,1.78,12.98495573,,6116.0,1.06,627.455
HATS-13 b,HATS-13,Transit,2015,172.58169,13.585308,3.0440499,1244.0,5523.0,0.962,421.855
GJ 514 b,GJ 514,Radial Velocity,2022,5.2,,140.43,202.0,3728.0,0.51,7.61778
Kepler-713 b,Kepler-713,Transit,2016,,2.48,7.411141,,5785.0,0.98,1089.87
Kepler-425 b,Kepler-425,Transit,2014,79.45,10.962,3.79701816,1070.0,5170.0,0.93,646.647
HD 224693 b,HD 224693,Radial Velocity,2006,222.481,,26.6904,,5894.0,1.31,93.5015
HATS-46 b,HATS-46,Transit,2018,54.98459,10.121727,4.7423729,1054.0,5495.0,0.917,453.808
Kepler-1788 b,Kepler-1788,Transit,2021,,2.37850461,2.800120115,,4786.0,0.686,560.445
K2-413 c,K2-413,Transit,2022,,1.2327,5.3301,,4116.0,0.808,285.162
HD 41004 B b,HD 41004 B,Radial Velocity,2003,5838.29,,1.3283,,,0.4,41.5504
HD 18599 b,HD 18599,Transit,2022,24.1,2.6,4.1374354,,5145.0,0.863,38.5653
Kepler-1863 b,Kepler-1863,Transit,2021,,2.26309256,44.99760056,,5871.0,1.097,865.546
TOI-2141 c,TOI-2141,Radial Velocity,2025,6.14,,5.4624,1095.0,5635.0,0.896,77.682
Kepler-709 b,Kepler-709,Transit,2016,,2.92,16.08524954,,5071.0,0.8,664.843
Kepler-1897 b,Kepler-1897,Transit,2021,,2.81407954,24.22030067,,5165.0,0.859,983.174
Gl 378 b,Gl 378,Radial Velocity,2019,13.02,,3.822,830.0,3879.0,0.56,14.9545
Kepler-1018 b,Kepler-1018,Transit,2016,,2.58,49.1013514,,5518.0,0.91,1010.01
TOI-5786 b,TOI-5786,Transit,2025,73.0,8.54,12.779107,1040.0,6235.0,1.23,192.475
GJ 1002 b,GJ 1002,Radial Velocity,2022,1.08,,10.3465,230.9,3024.0,0.12,4.84867
Kepler-422 b,Kepler-422,Transit,2014,136.66,12.89,7.8914483,,5972.0,1.15,722.795
Kepler-233 c,Kepler-233,Transit,2014,,2.71,60.418955,,5360.0,,856.417
K2-254 c,K2-254,Transit,2018,,2.19,12.11839,551.0,4629.0,0.71,227.775
Kepler-169 f,Kepler-169,Transit,2014,,2.58,87.090195,,4997.0,,406.529
HATS-7 b,HATS-7,Transit,2015,38.1396,6.310667,3.185315,1084.0,4985.0,0.849,240.707
HD 95089 c,HD 95089,Radial Velocity,2016,1096.5135,,1785.0,,4918.0,1.54,136.957
Kepler-1151 b,Kepler-1151,Transit,2016,,2.22,65.6478424,,5470.0,0.88,682.436
Kepler-1189 b,Kepler-1189,Transit,2016,,1.77,3.78858982,,6012.0,1.11,782.852
Kepler-393 b,Kepler-393,Transit,2014,,1.29,9.182417,,6189.0,,881.404
NY Vir c,NY Vir,Eclipse Timing Variations,2019,1760.7782,,8799.0,,32780.0,0.459,544.024
HD 202206 c,HD 202206,Radial Velocity,2004,5689.157,,1260.0,,5766.0,1.07,45.9665
TOI-5344 b,TOI-5344,Transit,2023,130.94530368,10.60369574,3.792622,689.0,3747.0,0.612,138.367
Kepler-1794 b,Kepler-1794,Transit,2021,,1.79426276,9.762980461,,5052.0,0.773,561.229
HD 70573 b,HD 70573,Radial Velocity,2007,1900.0,,851.8,,5737.0,1.0,59.182
TOI-5803 b,TOI-5803,Transit,2023,,3.2732,5.38305,678.87,5134.0,0.87,84.0126
Kepler-1952 b,Kepler-1952,Transit,2021,,1.23923346,27.21080017,,5973.0,0.922,852.062
Kepler-11 b,Kepler-11,Transit,2010,1.9,1.8,10.3039,,5663.0,0.961,646.346
TOI-1723 b,TOI-1723,Transit,2024,,3.435,13.727012643,,5777.0,1.04,100.727
Kepler-385 c,Kepler-385,Transit,2014,,3.04,15.163161,,6326.0,,1432.61
K2-376 b,K2-376,Transit,2022,,1.736,5.776475,,5937.0,0.908,161.61
Kepler-309 c,Kepler-309,Transit,2014,,2.51,105.356383,,4713.0,,544.568
Kepler-209 c,Kepler-209,Transit,2014,,3.1,41.749882,,5513.0,,576.946
TOI-406.01,TOI-406,Transit,2024,6.57,2.08,13.175682,368.0,3392.0,0.408,31.0597
Kepler-1864 b,Kepler-1864,Transit,2021,,0.75408365,3.881510019,,5854.0,1.03,298.894
K2-390 b,K2-390,Transit,2022,,4.662,3.312792,,5558.0,0.789,456.122
Kepler-1990 b,Kepler-1990,Transit,2023,,3.27,1.73513619,1554.0,5751.0,1.028,392.739
K2-395 b,K2-395,Transit,2022,,2.597,4.803352,,5007.0,0.952,286.727
TOI-1064 c,TOI-1064,Transit,2022,2.5,2.651,12.226574,634.0,4734.0,0.748,68.0726
KMT-2021-BLG-0912L b,KMT-2021-BLG-0912L,Microlensing,2022,2.81,,,,,0.8,5560.0
HD 191939 e,HD 191939,Radial Velocity,2022,112.2,,101.12,390.0,5348.0,0.81,53.6089
OGLE-2014-BLG-0319L b,OGLE-2014-BLG-0319L,Microlensing,2022,181.16219199,,,,,0.52,7730.0
TOI-1696 b,TOI-1696,Transit,2022,48.8,3.09,2.500311,489.0,3185.0,0.255,64.9172
HD 93963 A b,HD 93963 A,Transit,2022,2.8,1.46954368,1.0376109,1842.23,5908.0,1.0844,82.3432
KMT-2020-BLG-0414L c,KMT-2020-BLG-0414L,Microlensing,2021,8581.366989,,,,,0.49,1220.0
TOI-277 b,TOI-277,Transit,2022,,2.65,3.994,,4031.0,0.16,64.6692
Kepler-432 b,Kepler-432,Transit,2015,1719.4603,12.834305,52.501129,,4995.0,1.32,848.023
Kepler-463 b,Kepler-463,Transit,2016,,3.05,8.981016833,,5661.0,0.87,394.804
TOI-757 b,TOI-757,Transit,2024,10.5,2.5,17.46819,641.0,5278.0,0.8,60.3418
Kepler-1244 b,Kepler-1244,Transit,2016,,1.35,3.70428172,,6680.0,1.46,1075.81
Kepler-151 c,Kepler-151,Transit,2014,,2.09,24.674612,,5460.0,,649.919
Kepler-1247 b,Kepler-1247,Transit,2016,,2.33,13.71220213,,5303.0,0.86,1045.92
Kepler-164 e,Kepler-164,Transit,2023,,4.24,94.886902,429.0,5888.0,0.966,890.758
Kepler-523 b,Kepler-523,Transit,2016,,1.96,5.835983111,,5515.0,0.93,253.295
Kepler-1278 b,Kepler-1278,Transit,2016,,1.01,3.23941344,,6074.0,1.11,889.426
Kepler-1931 b,Kepler-1931,Transit,2021,,2.65323514,38.5760994,,6167.0,1.174,620.091
KOI-1783.02,KOI-1783,Transit,2020,15.0,5.44,284.215,,5922.0,1.076,865.73
Kepler-296 e,Kepler-296,Transit,2014,,1.53,34.14211,,3740.0,0.498,
Kepler-926 b,Kepler-926,Transit,2016,,2.31,52.0688601,,5806.0,1.01,921.361
TOI-150.01,TOI-150,Transit,2019,797.7533,14.067295,5.857487,1404.5,6255.0,1.351,336.267
Kepler-183 c,Kepler-183,Transit,2014,,2.27,11.637071,,5888.0,,1050.64
Kepler-836 b,Kepler-836,Transit,2016,,2.73,11.36112327,,5895.0,1.03,980.035
Kepler-1246 b,Kepler-1246,Transit,2016,,1.36,11.32271513,,4611.0,0.73,436.505
Kepler-390 b,Kepler-390,Transit,2014,,0.82,6.738088,,5166.0,,435.277
KMT-2019-BLG-2974L b,KMT-2019-BLG-2974L,Microlensing,2022,88.99195396,,,,,0.47,6100.0
XO-2 N b,XO-2 N,Transit,2007,188.79007376,,2.61585906,,5290.0,0.96,154.273
Kepler-894 b,Kepler-894,Transit,2016,,2.78,9.803224,,5603.0,0.87,1162.91
K2-180 b,K2-180,Transit,2018,11.41003981,2.46597575,8.865663,797.5,5365.0,0.735,203.896
Kepler-125 b,Kepler-125,Transit,2014,,2.37,4.164389,,3810.0,,183.365
TOI-257 b,TOI-257,Transit,2021,43.86032017,7.16253867,18.38818,1027.0,6095.0,1.407,76.9028
Kepler-223 b,Kepler-223,Transit,2014,7.4,2.99,7.38449,,,1.125,1859.71
Kepler-1396 b,Kepler-1396,Transit,2016,,2.07,18.2206421,,6195.0,1.18,1066.46
TOI-122 b,TOI-122,Transit,2020,,2.72,5.07803,471.0,3403.0,0.312,62.118
TOI-2092 b,TOI-2092,Transit,2026,,2.94892961,4.30325528074,,5842.06,,176.759
KMT-2024-BLG-2005L b,KMT-2024-BLG-2005L,Microlensing,2026,50.85254512,,,,,0.12,7720.0
Kepler-639 b,Kepler-639,Transit,2016,,2.38,10.21420496,,5896.0,1.14,850.242
Kepler-1842 b,Kepler-1842,Transit,2021,,2.35388681,14.02639961,,5970.0,1.057,923.551
Kepler-203 c,Kepler-203,Transit,2014,,2.47,5.370647,,5821.0,,703.302
WASP-98 b,WASP-98,Transit,2014,293.03926,12.823096,2.96264036,1171.0,5473.0,0.809,281.742
XO-6 b,XO-6,Transit,2016,1398.452,23.20263,3.7650007,1577.0,6720.0,1.47,235.479
Kepler-1021 b,Kepler-1021,Transit,2016,,2.33,13.47469571,,5431.0,0.89,810.082
TOI-1052 c,TOI-1052,Radial Velocity,2023,34.3,,35.806,719.0,6146.0,1.204,129.804
HD 158259 d,HD 158259,Radial Velocity,2020,5.41,,5.1980814,,,1.08,27.0498
HD 134606 b,HD 134606,Radial Velocity,2024,9.09,,12.089,,5576.0,1.046,26.7909
Kepler-1331 b,Kepler-1331,Transit,2016,,1.05,0.789161653,,4508.0,0.72,319.197
HATS-9 b,HATS-9,Transit,2015,,13.85,1.915291,1746.0,5599.0,1.1,638.7
Kepler-410 A b,Kepler-410 A,Transit,2013,,2.838,17.833648,,6273.0,1.214,147.527
Kepler-654 b,Kepler-654,Transit,2016,,2.07,13.72465129,,5865.0,1.04,974.124
Kepler-1813 b,Kepler-1813,Transit,2021,,1.413,2.818160057,,5167.0,0.812,
Kepler-1351 b,Kepler-1351,Transit,2016,,0.65,0.916140768,,4439.0,0.7,202.782
HD 73256 c,HD 73256,Radial Velocity,2023,5085.254512,,2690.0,,,1.0,36.708
TOI-1470 c,TOI-1470,Transit,2023,7.24,2.47,18.08816,373.0,3709.0,0.471,51.9503
TOI-139 b,TOI-139,Transit,2023,,2.4566,11.07085,561.17,4570.0,0.69,42.4061
TOI-269 b,TOI-269,Transit,2021,8.8,2.77,3.6977104,531.0,3514.0,0.3917,57.0225
HD 147018 b,HD 147018,Radial Velocity,2009,674.0,,44.236,,5441.0,0.927,40.4256
V830 Tau b,V830 Tau,Radial Velocity,2016,222.481,,4.927,,4250.0,1.0,130.111
Kepler-322 b,Kepler-322,Transit,2014,,1.01,1.653888,,5388.0,,400.48
Kepler-1581 b,Kepler-1581,Transit,2016,,0.8,6.28385491,,6022.0,1.12,493.175
HD 164922 e,HD 164922,Radial Velocity,2021,10.52012027,,41.763,,5393.43,0.921146,22.0016
HAT-P-37 b,HAT-P-37,Transit,2011,371.528,13.204,2.797436,1271.0,5500.0,0.929,390.594
TIC 86380416 b,TIC 86380416,Transit,2026,,2.4123612,6.0408643461,,5723.74,,244.68
Kepler-107 b,Kepler-107,Transit,2014,3.8,1.536,3.1800218,1592.0,5854.0,1.238,525.997
HIP 90988 b,HIP 90988,Radial Velocity,2021,668.07531151,,455.73816,,,1.613,94.0349
HIP 5158 b,HIP 5158,Radial Velocity,2009,451.0,,345.72,,4962.0,0.78,51.6026
K2-191 b,K2-191,Transit,2018,,1.57889322,2.858646,,5176.0,0.900994,287.188
Kepler-1980 b,Kepler-1980,Transit,2023,,2.21,33.0257179,564.0,5819.0,1.049,1709.4
L 363-38 b,L 363-38,Radial Velocity,2023,4.67,,8.781,330.0,3129.0,0.21,10.2295
TOI-858 B b,TOI-858 B,Transit,2023,349.6112477,14.06727078,3.2797178,1529.0,5842.0,1.081,250.489
TOI-1269 c,TOI-1269,Transit,2026,,2.22999162,9.23786144195,,5554.02,,172.138
Kepler-1741 b,Kepler-1741,Transit,2021,,1.273,2.757590055,,3683.0,0.454,270.739
Kepler-180 b,Kepler-180,Transit,2014,,1.5,13.817124,,5731.0,,695.65
Kepler-140 b,Kepler-140,Transit,2014,,1.61,3.25427,,6077.0,,583.859
Kepler-1313 b,Kepler-1313,Transit,2016,,1.76,3.833091178,,5453.0,0.92,174.234
Kepler-92 b,Kepler-92,Transit,2013,64.3,3.51,13.749,,,1.21,477.992
Kepler-495 b,Kepler-495,Transit,2016,,5.23,3.413036221,,5346.0,0.86,658.924
Kepler-643 b,Kepler-643,Transit,2016,,10.16,16.33889626,,4908.0,1.0,1063.58
Kepler-208 b,Kepler-208,Transit,2014,,1.63,4.22864,,6092.0,,775.328
Kepler-1701 b,Kepler-1701,Transit,2020,,2.22186207,169.134,,5146.0,0.87,584.142
TOI-763 b,TOI-763,Transit,2020,9.79,2.28,5.6057,1038.0,5450.0,0.917,95.1274
Kepler-1245 b,Kepler-1245,Transit,2016,,1.44,4.35409304,,5306.0,0.86,805.936
MASCARA-1 b,MASCARA-1,Transit,2017,,17.90074218,2.14877381,2594.3,7490.0,1.9,182.273
HIP 39330 b,HIP 39330,Radial Velocity,2026,530.77343969,,4650.0,,5748.0,0.96,36.3958
HD 212771 b,HD 212771,Radial Velocity,2009,759.6137,,380.7,,5003.0,1.56,111.155
TOI-1235 b,TOI-1235,Transit,2020,6.69,1.69,3.444714,,3997.0,0.63,39.6345
Kepler-1868 b,Kepler-1868,Transit,2021,,3.14950109,211.0339966,,4658.0,0.743,274.18
MOA-2020-BLG-135L b,MOA-2020-BLG-135L,Microlensing,2022,11.3,,,,,0.23,7900.0
TOI-3474 b,TOI-3474,Transit,2025,193.87532827,14.67255574,3.8795105,1451.0,6020.0,1.121,420.123
VHS J125601.92-125723.9 b,VHS J125601.92-125723.9,Imaging,2015,5085.254512,13.67495645,5800000.0,1194.0,,,
HD 28678 b,HD 28678,Radial Velocity,2011,490.09386,,380.2,,4972.0,1.53,189.908
TOI-5380 b,TOI-5380,Transit,2026,,3.48093238,3.77229247873,,6400.78,,286.781
Kepler-1042 b,Kepler-1042,Transit,2016,,2.19,10.13202575,,4815.0,0.75,
HR 858 d,HR 858,Transit,2019,7.1,2.001,11.230511,1061.0,6354.0,1.204,31.964
TOI-2498 b,TOI-2498,Transit,2023,34.62,6.06,3.738252,1443.0,5905.0,1.12,275.265
TOI-5795 b,TOI-5795,Transit,2025,23.66,5.62,6.1406325,1136.78,5715.0,0.901,156.53
NGTS-6 b,NGTS-6,Transit,2019,425.57437,14.863134,0.882059,1283.9,4730.0,0.767,308.262
GJ 180 b,GJ 180,Radial Velocity,2014,6.49,,17.133,,,0.43,11.9407
HD 13908 b,HD 13908,Radial Velocity,2013,274.91,,19.382,,6255.0,1.29,79.5515
HIP 38594 c,HIP 38594,Radial Velocity,2020,48.4,,3477.768,,,0.61,17.7886
Kepler-227 c,Kepler-227,Transit,2014,,3.04,54.418694,,5854.0,,1083.06
Kepler-127 d,Kepler-127,Transit,2014,,2.64,48.630408,,6106.0,,352.794
HATS-37 A b,HATS-37 A,Transit,2020,31.46517,6.792654,4.3315366,1085.0,5326.0,0.843,211.896
Kepler-739 b,Kepler-739,Transit,2016,,3.32,12.53248465,,5601.0,0.93,1370.65
TOI-7149 b,TOI-7149,Transit,2025,224.0,13.2,2.65206166,593.0,3363.0,0.344,126.126
Kepler-756 b,Kepler-756,Transit,2016,,1.12,1.224866322,,5282.0,0.82,
Kepler-879 b,Kepler-879,Transit,2016,,2.57,33.3855938,,5792.0,1.02,802.672
Kepler-1641 b,Kepler-1641,Transit,2016,,3.11,19.672266,,6152.0,1.12,860.37
Kepler-1266 c,Kepler-1266,Transit,2021,,1.68023962,4.86631012,,4996.0,0.791,849.312
Kepler-357 c,Kepler-357,Transit,2014,,2.67,16.85837,,5036.0,,688.573
Kepler-986 b,Kepler-986,Transit,2016,,2.36,56.4349938,,5642.0,0.96,548.364
Kepler-1294 b,Kepler-1294,Transit,2016,,3.19,115.6862258,,5776.0,0.99,1855.7
GJ 536 b,GJ 536,Radial Velocity,2016,6.37,,8.70874,451.0,3641.0,0.528,10.4092
Kepler-1192 b,Kepler-1192,Transit,2016,,2.36,25.2034787,,5438.0,0.86,1304.19
Kepler-198 b,Kepler-198,Transit,2014,,2.82,17.790037,,5574.0,,495.358
K2-167 b,K2-167,Transit,2018,,2.36509493,9.978541,1220.0,6310.0,1.084,80.8994
K2-123 b,K2-123,Transit,2017,,2.76,30.951524,338.0,4035.0,0.62,161.555
Kepler-320 b,Kepler-320,Transit,2014,,1.14,8.371554,,6435.0,,826.613
Kepler-909 b,Kepler-909,Transit,2016,,1.47,13.93290318,,6154.0,1.17,309.596
Kepler-1432 b,Kepler-1432,Transit,2016,,2.22,23.9109011,,6031.0,1.09,2171.87
Kepler-846 b,Kepler-846,Transit,2016,,2.48,19.80792185,,5579.0,0.94,1127.12
Kepler-866 b,Kepler-866,Transit,2016,,1.63,2.617032536,,4751.0,0.75,646.667
Kepler-258 b,Kepler-258,Transit,2014,,4.06,13.19722,,4942.0,,575.988
TOI-4791 b,TOI-4791,Transit,2023,734.18362017,12.44196858,4.28088,1472.0,6058.0,1.242,328.802
Kepler-1450 b,Kepler-1450,Transit,2016,,1.71,54.5094166,,4524.0,0.71,505.829
Kepler-294 b,Kepler-294,Transit,2014,,1.77,3.701212,,5913.0,,1357.01
Kepler-1533 b,Kepler-1533,Transit,2016,,3.46,308.5471,,6431.0,1.31,966.801
TOI-2382 b,TOI-2382,Transit,2025,235.19302118,12.25141591,4.6612061,1426.0,6033.0,1.26,434.92
KMT-2018-BLG-1988L b,KMT-2018-BLG-1988L,Microlensing,2022,5.56,,,,,0.47,4150.0
TYC 8998-760-1 c,TYC 8998-760-1,Imaging,2020,1906.98,12.3299,,1240.0,,1.0,94.6177
Kepler-1740 b,Kepler-1740,Transit,2021,,3.32321414,8.172400475,,5705.0,0.943,1061.77
TOI-1820 b,TOI-1820,Transit,2022,731.0053361,12.778238,4.860674,1375.0,5734.0,1.04,248.504
TOI-2068 b,TOI-2068,Transit,2024,,1.821,7.768915,520.62,3710.0,0.559,52.9328
TOI-2107 b,TOI-2107,Transit,2024,263.79757781,13.57407563,2.4545467,1397.0,5627.0,0.961,236.705
Kepler-828 b,Kepler-828,Transit,2016,,1.51,0.567857136,,5039.0,0.81,575.322
TOI-2266 b,TOI-2266,Transit,2024,,1.54,2.326318,550.0,3200.0,0.23,51.6004
TOI-2345 b,TOI-2345,Transit,2025,3.49,1.504,1.0528573,1478.0,4687.0,0.727,81.6541
Kepler-445 c,Kepler-445,Transit,2015,,2.51,4.871229,,3157.0,0.18,127.201
Kepler-1328 b,Kepler-1328,Transit,2016,,0.98,4.52158888,,5780.0,1.0,813.543
Kepler-1872 b,Kepler-1872,Transit,2021,,2.38421141,3.825910091,,5223.0,0.913,840.182
Kepler-1346 b,Kepler-1346,Transit,2016,,1.58,3.40165668,,6133.0,1.14,843.701
Kepler-1350 b,Kepler-1350,Transit,2016,,2.52,4.4968604,,3827.0,0.55,340.691
Kepler-605 b,Kepler-605,Transit,2016,,1.44,3.383538066,,5462.0,0.91,556.58
Kepler-1983 b,Kepler-1983,Transit,2023,,2.33,7.32851947,807.0,5135.0,0.812,424.428
KMT-2018-BLG-1025L b,KMT-2018-BLG-1025L,Microlensing,2021,6.059,,,,,0.219,6705.0
WASP-181 b,WASP-181,Transit,2019,95.03117,13.271456,4.5195064,1186.0,5839.0,1.04,437.495
Kepler-310 d,Kepler-310,Transit,2014,,2.47,92.876125,,5797.0,,602.268
TIC 178172313 b,TIC 178172313,Transit,2026,,2.80405322,4.3731816136,,5405.59,,178.137
K2-49 b,K2-49,Transit,2016,,1.93,2.77065,,4175.0,0.51,457.125
HD 10697 b,HD 10697,Radial Velocity,1999,1825.2885414,,1075.3799,,,0.99,33.1205
Kepler-399 d,Kepler-399,Transit,2014,,1.89,58.034616,,5502.0,,740.537
HD 22532 b,HD 22532,Radial Velocity,2022,673.79622284,,872.6,,5038.0,1.57,161.183
Kepler-277 c,Kepler-277,Transit,2013,64.2,3.36,33.006,,,1.12,976.643
TOI-6130 b,TOI-6130,Transit,2024,333.71982735,14.3474953,2.392679,1750.0,6110.0,1.31,220.882
Kepler-1182 b,Kepler-1182,Transit,2016,,2.41,11.17394617,,5924.0,1.04,1545.39
OGLE-2006-BLG-109L b,OGLE-2006-BLG-109L,Microlensing,2008,231.0,,1788.5,,,0.51,1510.0
Kepler-1932 b,Kepler-1932,Transit,2021,,1.51482218,0.524177015,,5278.0,0.911,713.733
AF Lep b,AF Lep,Imaging,2023,1147.36054927,,8905.0,,,1.218,26.8564
Kepler-416 b,Kepler-416,Transit Timing Variations,2014,58.2,2.48,6.319,,,1.0,690.819
Kepler-614 b,Kepler-614,Transit,2016,,2.39,14.03491514,,5268.0,0.85,527.995
Kepler-1738 b,Kepler-1738,Transit,2021,,2.82472883,7.674630165,,6063.0,1.079,1302.87
Kepler-142 c,Kepler-142,Transit,2014,,2.86,4.761702,,5790.0,,548.686
HD 190360 d,HD 190360,Radial Velocity,2026,11.9,,88.69,,5560.0,0.996,16.0069
TOI-5616 b,TOI-5616,Transit,2024,624.0,10.78,2.002849,939.0,3996.0,0.666,390.415
Kepler-183 b,Kepler-183,Transit,2014,,2.06,5.687945,,5888.0,,1050.64
Kepler-400 b,Kepler-400,Transit,2014,,1.65,9.024389,,5886.0,,845.97
Kepler-696 b,Kepler-696,Transit,2016,,6.14,4.190425575,,5903.0,1.06,1416.44
Kepler-1953 b,Kepler-1953,Transit,2021,,1.28574667,6.245659828,,4858.0,0.786,605.631
Kepler-324 b,Kepler-324,Transit,2014,,1.14,4.385315,,5194.0,,501.574
HD 189567 b,HD 189567,Radial Velocity,2021,8.5,,14.288,,5726.0,0.83,17.9055
Kepler-1914 b,Kepler-1914,Transit,2021,,2.9429803,30.82789993,,5982.0,1.047,1621.56
HD 113538 c,HD 113538,Radial Velocity,2010,295.57,,1818.0,,4462.0,0.585,16.2817
Kepler-1211 b,Kepler-1211,Transit,2016,,2.55,11.01816836,,5705.0,0.96,1826.53
Kepler-1279 b,Kepler-1279,Transit,2016,,1.75,23.4774101,,6221.0,1.21,1494.22
Kepler-446 b,Kepler-446,Transit,2015,,1.5,1.565409,,3359.0,0.22,96.339
Kepler-845 b,Kepler-845,Transit,2016,,2.04,0.927859821,,4913.0,0.79,431.051
TOI-7166 b,TOI-7166,Transit,2025,,2.01,12.92063621,249.0,3099.0,0.19,35.4153
Kepler-672 b,Kepler-672,Transit,2016,,2.5,38.3774623,,5627.0,0.95,1033.93
Kepler-52 d,Kepler-52,Transit,2014,,1.95,36.445171,,4263.0,,321.542
K2-198 d,K2-198,Transit,2019,,2.438,7.4500177,943.2,5212.9,0.799,110.567
Kepler-94 c,Kepler-94,Radial Velocity,2014,3126.0,,820.3,,4781.0,0.81,191.904
Kepler-214 b,Kepler-214,Transit,2014,,2.61,15.660544,,6169.0,,1208.44
Kepler-174 d,Kepler-174,Transit,2014,,2.19,247.35373,,4880.0,,384.757
TOI-375 d,TOI-375,Radial Velocity,2026,445.59542661,,297.9,434.0,5259.9,1.441,396.213
Kepler-385 b,Kepler-385,Transit,2014,,2.73,10.043686,,6326.0,,1432.61
Kepler-613 b,Kepler-613,Transit,2016,,2.29,15.77979614,,5723.0,0.98,861.494
GJ 1289 b,GJ 1289,Radial Velocity,2024,6.27,,111.74,150.0,3296.0,0.21,8.35147
Kepler-1889 b,Kepler-1889,Transit,2021,,2.94360686,37.30369949,,5646.0,0.864,1395.13
KMT-2024-BLG-2242L b,KMT-2024-BLG-2242L,Microlensing,2025,13.98444991,,,,,0.069,7620.0
MASCARA-4 b,MASCARA-4,Transit,2020,532.36258173,16.98160576,2.8240932,2250.0,7800.0,1.75,170.696
Kepler-234 c,Kepler-234,Transit,2014,,3.51,7.21205,,6224.0,,1733.1
HIP 109600 b,HIP 109600,Radial Velocity,2016,851.7844,,232.08,,5530.0,0.87,66.3361
TrES-5 b,TrES-5,Transit,2011,568.9157,13.383546,1.48224686,1480.0,5171.0,0.901,360.313
WASP-129 b,WASP-129,Transit,2016,317.83,10.42437,5.748145,1100.0,5900.0,1.0,301.462
Gaia-1 b,Gaia-1,Transit,2022,533.95172376,13.77583728,3.052524,,5470.0,0.949,363.66
Kepler-878 b,Kepler-878,Transit,2016,,1.93,25.9422033,,5044.0,0.81,791.625
TOI-2384 b,TOI-2384,Transit,2024,624.85064816,11.48920522,2.13570304,889.7,3943.0,0.635,191.51
TOI-2449 b,TOI-2449,Transit,2025,222.0,11.24,106.14468,400.0,6021.0,1.079,156.786
Kepler-872 b,Kepler-872,Transit,2016,,1.99,2.578855068,,5902.0,1.05,879.683
TOI-2876 b,TOI-2876,Transit,2025,54.03082919,9.6397234,6.2996431,929.0,5271.0,0.939,225.744
Kepler-859 b,Kepler-859,Transit,2016,,3.09,20.38177573,,5020.0,0.81,839.903
Kepler-525 b,Kepler-525,Transit,2016,,2.63,18.68404933,,5573.0,0.95,992.852
Kepler-1359 b,Kepler-1359,Transit,2016,,2.83,59.4970952,,4709.0,0.78,614.859
Kepler-1884 b,Kepler-1884,Transit,2021,,1.81406781,8.988320351,,5984.0,0.993,1443.09
Kepler-103 b,Kepler-103,Transit,2014,11.67,3.4857,15.9653287,,6047.0,1.212,494.832
Kepler-721 b,Kepler-721,Transit,2016,,2.64,5.392025388,,5075.0,0.82,926.598
TIC 172900988 b,TIC 172900988 Aa,Transit,2021,942.0,11.25,200.452,,6050.0,1.2384,250.956
Kepler-1463 b,Kepler-1463,Transit,2016,,1.86,25.15864,,5679.0,0.96,1687.47
Kepler-1573 b,Kepler-1573,Transit,2016,,1.2,2.6157554,,5808.0,1.01,1455.36
TOI-1744.01,TOI-1744,Transit,2024,,2.68,22.341702927,,6179.0,1.18,114.39
KMT-2024-BLG-1005L b,KMT-2024-BLG-1005L,Microlensing,2025,6674.396547,,,,,0.055,6950.0
TIC 160113658 b,TIC 160113658,Transit,2026,,3.49015778,6.72952262077,,4817.31,,200.156
Kepler-340 c,Kepler-340,Transit,2014,,3.37,22.824669,,6620.0,,808.762
GJ 463 b,GJ 463,Radial Velocity,2022,524.09904314,,3459.0,,3563.0,0.486,18.3554
Kepler-1540 b,Kepler-1540,Transit,2016,,2.49,125.4131177,,4540.0,0.74,244.96
Kepler-596 b,Kepler-596,Transit,2016,,3.46,21.30022655,,6267.0,1.21,1023.85
Kepler-1088 b,Kepler-1088,Transit,2016,,1.42,23.12748644,,5975.0,1.08,280.629
Kepler-68 e,Kepler-68,Radial Velocity,2023,86.4493267,,3455.0,,5847.0,1.057,144.166
Kepler-810 b,Kepler-810,Transit,2016,,1.93,4.59725385,,5803.0,1.03,1458.59
Kepler-1785 b,Kepler-1785,Transit,2021,,2.70422447,19.58550072,,5618.0,0.911,745.74
HAT-P-3 b,HAT-P-3,Transit,2007,206.5895,10.53646,2.8997,,5185.0,1.06,134.554
Kepler-1106 b,Kepler-1106,Transit,2016,,1.65,1.252752174,,6104.0,1.11,1090.7
GJ 676 A e,GJ 676 A,Radial Velocity,2012,6.67439655,,35.47358,,,0.626,16.0272
Kepler-1660 AB b,Kepler-1660 A,Eclipse Timing Variations,2023,1586.59940774,,239.5044,,,1.1366,1188.54
Kepler-197 e,Kepler-197,Transit,2014,,0.91,25.209715,,6004.0,,330.575
K2-254 b,K2-254,Transit,2018,,1.63,4.09639,791.0,4629.0,0.71,227.775
TOI-2202 b,TOI-2202,Transit,2021,287.31687993,10.95117414,11.9126075,,5169.0,0.841,235.933
TOI-5788 c,TOI-5788,Transit,2026,6.4,2.272,16.213362,667.0,5615.0,0.87,97.614
Kepler-1382 b,Kepler-1382,Transit,2016,,1.88,16.3583055,,6161.0,1.36,738.261
Kepler-1486 b,Kepler-1486,Transit,2016,,2.32,54.6495759,,5965.0,1.08,1769.14
TOI-1233.01,HD 108236,Transit,2021,,2.539,14.175685,,5660.0,0.869,64.5978
Kepler-652 b,Kepler-652,Transit,2016,,2.49,4.182002531,,5490.0,0.97,394.55
TOI-4914 b,TOI-4914,Transit,2024,227.0,12.87,10.60057,894.0,5805.0,1.03,299.89
HD 330075 b,HD 330075,Radial Velocity,2004,152.5584,,3.38773,,5000.0,0.47,45.2989
Kepler-268 b,Kepler-268,Transit,2014,,2.55,25.934138,,6081.0,,851.87
TOI-2458 c,TOI-2458,Radial Velocity,2024,10.22,,16.553,,6005.0,1.05,112.958
K2-72 c,K2-72,Transit,2016,,1.16,15.189034,,3360.47,0.271365,66.4321
WASP-34 b,WASP-34,Transit,2010,177.9848,11.209,4.31768,,5700.0,0.96,132.096
HD 11506 b,HD 11506,Radial Velocity,2007,1525.5763536,,1617.7,,6123.0,1.22,51.261
Kepler-1152 b,Kepler-1152,Transit,2016,,0.87,1.646801908,,3964.0,0.55,215.233
Kepler-115 c,Kepler-115,Transit,2014,,2.6,8.990889,,5979.0,,623.609
Kepler-352 b,Kepler-352,Transit,2014,,0.86,10.05537,,5212.0,,252.733
TOI-2525 b,TOI-2525,Transit,2023,26.69758619,8.67575106,23.2856,,5096.0,0.849,395.398
Kepler-712 b,Kepler-712,Transit,2016,,3.41,21.02247699,,5148.0,0.84,872.493
TOI-6716 b,TOI-6716,Transit,2026,,0.982,4.7185898,369.0,3110.0,0.223,18.8873
TOI-1789 b,TOI-1789,Transit,2021,222.4798849,16.14093221,3.208664,1927.0,5991.0,1.507,229.067
Kepler-1092 b,Kepler-1092,Transit,2016,,2.07,58.6017925,,5862.0,0.99,981.233
TOI-1691 b,TOI-1691,Transit,2024,,3.66,16.736888935,,5759.0,1.03,111.445
Kepler-28 b,Kepler-28,Transit,2011,1.63,1.959,5.91,,4499.3,0.684,438.359
K2-172 b,K2-172,Transit,2018,,1.66608079,14.316941,,5569.0,0.934356,249.742
ome Ser b,ome Ser,Radial Velocity,2013,233.92170755,,278.59,,4724.0,1.01,76.7556
TOI-5110 b,TOI-5110,Transit,2024,921.7023803,11.98240037,30.158577,976.0,6160.0,1.469,392.259
HD 184010 b,HD 184010,Radial Velocity,2022,98.52680617,,286.6,,4971.0,1.35,60.7993
Kepler-1748 b,Kepler-1748,Transit,2021,,2.71275017,5.823520184,,5774.0,0.916,1083.28
WASP-141 b,WASP-141,Transit,2016,854.9627,13.56289,3.310651,1540.0,5900.0,1.25,516.543
HD 12661 b,HD 12661,Radial Velocity,2000,772.3269,,262.70862,,5645.0,1.2,37.8478
Kepler-897 b,Kepler-897,Transit,2016,,2.39,8.0472642,,5839.0,1.03,1519.25
Kepler-1631 b,Kepler-1631,Transit,2016,,1.35,4.09513932,,5679.0,0.97,1305.99
Kepler-1758 b,Kepler-1758,Transit,2021,,2.57059831,9.977210045,,5557.0,1.035,1588.41
Kepler-306 c,Kepler-306,Transit,2014,,2.35,7.240193,,4954.0,,775.679
Kepler-895 b,Kepler-895,Transit,2016,,1.54,2.806242328,,4315.0,0.65,540.134
TOI-3819 b,TOI-3819,Transit,2023,352.78953177,13.13692538,3.2443141,1633.0,5859.0,1.242,558.141
KOI-1599.01,KOI-1599,Transit,2019,4.6,1.9,20.4415,,,1.02,1131.64
KOI-351 h,KOI-351,Transit,2013,203.0,,331.60296,,,1.242,848.254
Kepler-367 c,Kepler-367,Transit,2014,,1.2,53.578637,,4710.0,,188.027
Kepler-1802 b,Kepler-1802,Transit,2021,,1.671,15.45020008,,4245.0,0.649,636.694
Kepler-298 d,Kepler-298,Transit,2014,,2.5,77.473633,,4465.0,,518.204
Kepler-1052 c,Kepler-1052,Transit,2023,,2.3,180.921729,302.0,5818.0,0.937,943.444
Kepler-1388 d,Kepler-1388,Transit,2016,,2.86,20.9568158,,4098.0,0.63,453.795
TOI-808 b,TOI-808,Transit,2026,,2.20344362,9.73944854026,,5078.2,,98.1848
Kepler-933 b,Kepler-933,Transit,2016,,2.46,14.20443009,,5346.0,0.87,1017.2
KMT-2021-BLG-1391L b,KMT-2021-BLG-1391L,Microlensing,2022,4.55,,,,,0.37,5720.0
KMT-2018-BLG-1990L b,KMT-2018-BLG-1990L,Microlensing,2019,111.0,,,,,0.094,967.0
TOI-1230.01,TOI-1230,Transit,2021,,3.23968384,25.05713123288,688.61,5696.0,,143.138
Kepler-1260 b,Kepler-1260,Transit,2016,,1.77,19.1187753,,5961.0,1.06,1734.43
HD 142245 b,HD 142245,Radial Velocity,2011,975.7381,,1299.0,,4922.0,3.5,97.2305
HD 102888 b,HD 102888,Radial Velocity,2025,1808.44363583,,252.06,,4990.0,2.42,126.484
Kepler-82 f,Kepler-82,Transit Timing Variations,2019,20.9,,75.732,,,0.91,904.326
Kepler-1534 b,Kepler-1534,Transit,2016,,1.89,5.71668872,,5442.0,0.9,
TOI-1052 b,TOI-1052,Transit,2023,16.9,2.87,9.139703,1135.0,6146.0,1.204,129.804
Kepler-348 c,Kepler-348,Transit,2014,,1.33,17.265427,,6177.0,,570.783
TOI-5218 b,TOI-5218,Transit,2024,657.0,9.86,4.291452,783.0,4230.0,0.739,377.483
TOI-2015 b,TOI-2015,Transit,2023,9.2,3.309,3.348237,530.9,3297.0,0.3041,47.3444
TOI-544 b,TOI-544,Transit,2022,2.89,2.018,1.548352,999.0,4169.0,0.631,41.1166
OGLE-2006-BLG-109L c,OGLE-2006-BLG-109L,Microlensing,2008,86.0,,4927.5,,,0.51,1510.0
Kepler-1609 b,Kepler-1609,Transit,2016,,2.22,114.34219,,6132.0,1.18,1826.04
TOI-532 b,TOI-532,Transit,2021,61.5,5.82,2.3266508,867.0,3927.0,0.639,135.047
TOI-2443 b,TOI-2443,Transit,2023,4.8,2.363,15.66858,519.0,4375.0,0.642,23.9258
Kepler-546 b,Kepler-546,Transit,2016,,7.0,4.147020258,,5967.0,1.11,1019.65
HD 1605 c,HD 1605,Radial Velocity,2015,1150.5446,,2149.0,,4915.0,1.33,88.8047
HD 220197 b,HD 220197,Radial Velocity,2018,63.566,,1728.0,,5683.0,0.91,64.411
KOI-3503 c,KOI-3503,Transit,2021,10.36,1.21,31.828,686.0,6001.0,0.858,887.064
TIC 117642575 b,TIC 117642575,Transit,2026,,2.82716337,4.94459060181,,5719.98,,188.758
Kepler-299 e,Kepler-299,Transit,2014,,1.87,38.285489,,5617.0,,1052.24
TOI-2420 b,TOI-2420,Transit,2024,294.62693329,15.02003414,5.842641,1571.6,,1.158,435.174
HD 185283 b,HD 185283,Radial Velocity,2023,413.1769291,,4060.0,,,0.8,31.395
DH Tau b,DH Tau,Imaging,2004,3496.0,,,,,0.33,134.846
Kepler-292 d,Kepler-292,Transit,2014,,2.23,7.055679,,5299.0,,1056.48
TOI-2989 b,TOI-2989,Transit,2025,953.485221,12.55405838,3.122832,1001.0,4672.0,0.77,195.795
Kepler-1050 c,Kepler-1050,Transit,2016,,1.48,21.1284569,,6010.0,1.09,490.488
G 192-15 c,G 192-15,Radial Velocity,2025,14.3,,1219.0,55.9,,0.132,9.53114
Kepler-1318 b,Kepler-1318,Transit,2016,,3.11,213.257663,,4598.0,0.73,475.248
Kepler-587 b,Kepler-587,Transit,2016,,2.23,10.94027841,,5549.0,0.92,787.894
K2-176 b,K2-176,Transit,2018,,1.49090097,5.329439,,5428.0,0.938545,247.302
HD 95544 b,HD 95544,Radial Velocity,2021,1913.64483855,,2041.54152,,,1.01,87.8049
Kepler-1315 b,Kepler-1315,Transit,2016,,1.38,0.84338011,,4861.0,0.8,480.869
TOI-2981 b,TOI-2981,Transit,2024,638.0,13.4,3.601501,1358.0,5940.0,1.03,527.789
TOI-2416 b,TOI-2416,Transit,2023,953.485221,9.86390302,8.275479,1080.0,5808.0,1.118,557.733
HD 8535 b,HD 8535,Radial Velocity,2010,216.1244,,1313.0,,6136.0,1.13,55.4401
Kepler-941 b,Kepler-941,Transit,2016,,3.08,17.42395198,,5539.0,0.89,1088.36
KMT-2024-BLG-2059L b,KMT-2024-BLG-2059L,Microlensing,2025,6.99222495,,,,,0.51,6070.0
TOI-1775 b,TOI-1775,Transit,2024,96.0,8.04728896,10.2405549,707.89,5284.0,0.9218,149.234
TOI-1291 b,TOI-1291,Transit,2026,,5.63826391,7.1620097551,,6139.95,,428.123
Kepler-393 c,Kepler-393,Transit,2014,,1.33,14.613612,,6189.0,,881.404
HD 217107 b,HD 217107,Radial Velocity,1998,459.57987652,,7.1270166,,,1.045,20.0619
HD 145457 b,HD 145457,Radial Velocity,2010,888.01256916,,176.13,,4757.0,1.9,135.292
TOI-3160 A b,TOI-3160 A,Transit,2025,378.21580433,13.7646283,3.971281,1539.0,6190.0,1.088,567.678
MOA-2022-BLG-563L b,MOA-2022-BLG-563L,Microlensing,2024,127.1313628,,,,,0.48,6530.0
Kepler-905 b,Kepler-905,Transit,2016,,1.41,5.082746517,,5461.0,0.95,529.268
Kepler-466 c,Kepler-466,Transit,2016,,1.25,3.709213846,,5927.0,1.04,530.122
Kepler-130 b,Kepler-130,Transit,2014,,1.02,8.457458,,5884.0,,316.663
Kepler-553 c,Kepler-553,Transit,2016,2129.4503269,11.57887706,328.24017,251.0,5191.0,0.889,728.525
TOI-4559 b,TOI-4559,Transit,2024,,1.415,3.965991,554.16,3558.0,0.392,31.6354
Kepler-218 b,Kepler-218,Transit,2014,,1.48,3.619337,,5502.0,,656.38
Kepler-324 e,Kepler-324,Transit,2021,,2.03862444,13.97939968,,5191.0,0.844,501.574
Kepler-138 d,Kepler-138,Transit,2014,2.1,1.51,23.0923,345.0,3841.0,0.535,66.8624
Kepler-337 b,Kepler-337,Transit,2014,,1.54,3.292781,,5684.0,,677.975
Kepler-339 d,Kepler-339,Transit,2014,,1.17,10.558345,,5631.0,,616.637
Kepler-341 d,Kepler-341,Transit,2014,,1.85,27.666313,,6012.0,,1047.03
Kepler-265 d,Kepler-265,Transit,2014,,2.49,43.130617,,5835.0,,1280.25
Kepler-896 b,Kepler-896,Transit,2016,,2.53,144.547396,,5262.0,0.84,2334.93
Kepler-192 b,Kepler-192,Transit,2014,,2.74,9.926746,,5479.0,,651.674
Kepler-49 b,Kepler-49,Transit,2012,9.77,2.579,7.2,,4095.6,0.607,311.222
Kepler-256 c,Kepler-256,Transit,2014,,2.15,3.38802,,5551.0,,1026.43
Kepler-735 b,Kepler-735,Transit,2016,,2.95,11.51516988,,5107.0,0.85,695.059
KMT-2021-BLG-1303L b,KMT-2021-BLG-1303L,Microlensing,2022,120.77479466,,,,,0.57,6280.0
OGLE-2014-BLG-1760L b,OGLE-2014-BLG-1760L,Microlensing,2016,295.89824692,,,,,0.803,7056.0
TOI-1883 b,TOI-1883,Transit,2024,13.7,5.65,4.508,544.0,3554.0,0.495,115.369
HIP 98599 b,HIP 98599,Radial Velocity,2026,2177.12458795,,2656.0,,5978.0,1.19,75.9428
OGLE-2023-BLG-0766L b,OGLE-2023-BLG-0766L,Microlensing,2026,349.6112477,,,,,0.39,7400.0
HD 125136 b,HD 125136,Radial Velocity,2026,718.29219982,,849.77,,4959.0,1.55,121.257
HD 126105 b,HD 126105,Radial Velocity,2026,530.77343969,,524.0,,4875.0,1.2,82.8811
51 Peg b,51 Peg,Radial Velocity,1995,193.87532827,,4.2307966,,5761.0,1.07,15.4614
HD 190360 c,HD 190360,Radial Velocity,2005,26.2,,17.11625,,5560.0,0.996,16.0069
HIP 10090 c,HIP 10090,Radial Velocity,2026,270.15414595,,321.82,,5661.0,0.94,82.3937
KMT-2023-BLG-0332L b,KMT-2023-BLG-0332L,Microlensing,2026,6992.224954,,,,,0.54,6500.0
HIP 8923 b,HIP 8923,Radial Velocity,2026,3171.92750186,,5160.0,,5980.0,1.01,65.9957
TOI-4602.01,TOI-4602,Transit,2024,5.53,2.45,3.9812999,1344.0,5966.0,0.9,63.0637
TIC 52059926 b,TIC 52059926,Transit,2026,5380.0,10.71,175.532,229.6,4505.0,0.73,216.581
HD 127195 b,HD 127195,Radial Velocity,2026,212.94503269,,534.5,,4981.0,1.34,84.7167
WD 0806-661 b,WD 0806-661,Imaging,2011,2224.798849,12.10569916,,357.0,10393.0,0.605,19.2444
TIC 9344899 b,TIC 9344899,Transit,2026,6170.0,9.16,8.5821566,923.0,5800.0,0.98,532.228
TOI-3135 b,TOI-3135,Transit,2025,327.36325921,13.65253849,3.7065585,1292.0,5890.0,1.044,221.673
Kepler-1699 b,Kepler-1699,Transit,2020,,1.56671124,3.49082,,5575.53,,818.759
WASP-88 b,WASP-88,Transit,2014,133.4886,16.36514,4.954,,6430.0,0.94,523.756
Kepler-1994 b,Kepler-1994,Transit,2023,,0.51,4.61225043,1032.0,5495.0,0.932,241.991
Kepler-1934 b,Kepler-1934,Transit,2021,,0.91307734,1.419759989,,5925.0,0.968,428.514
Kepler-1491 c,Kepler-1491,Transit,2023,,2.44,61.569765,530.0,5626.0,0.991,2065.59
EPIC 248847494 b,EPIC 248847494,Transit,2018,4131.79,12.44199,3650.0,183.0,4898.0,0.9,551.886
TIC 150070085 b,TIC 150070085,Transit,2026,,3.62,10.47423,945.06,5999.0,1.16,204.368
Kepler-149 b,Kepler-149,Transit,2014,,4.21,29.198943,,5381.0,,571.034
Kepler-1583 b,Kepler-1583,Transit,2016,,0.6,9.32807355,,5645.0,0.94,403.933
MOA-bin-1L b,MOA-bin-1L,Microlensing,2012,1200.0,,,,,0.75,5100.0
Kepler-1416 b,Kepler-1416,Transit,2016,,0.88,1.49514952,,6019.0,1.09,949.59
TOI-2025 b,TOI-2025,Transit,2022,1144.1822652,11.89272852,8.8720982,1166.0,5977.0,1.199,335.985
Kepler-625 b,Kepler-625,Transit,2016,,1.99,7.75192492,,5789.0,1.04,760.708
TOI-512 b,TOI-512,Transit,2025,3.57,1.54,7.18886,1009.0,5277.0,0.74,67.3975
TOI-1772.01,TOI-1772,Transit,2024,,2.905,8.054246874,,5583.0,0.99,97.7562
Kepler-195 b,Kepler-195,Transit,2014,,2.03,8.307872,,5329.0,,652.051
K2-286 b,K2-286,Transit,2018,,2.1,27.359,347.0,3926.0,0.64,76.1486
TOI-2421 b,TOI-2421,Transit,2022,105.83685953,10.36830715,4.3474032,1534.0,5607.0,1.131,327.927
Kepler-936 b,Kepler-936,Transit,2016,,1.45,10.56134221,,5482.0,0.92,823.399
Kepler-1307 b,Kepler-1307,Transit,2016,,2.47,18.01621096,,5884.0,1.06,1014.62
Kepler-139 c,Kepler-139,Transit,2014,,3.38,157.072878,,5594.0,,391.038
WASP-91 b,WASP-91,Transit,2017,425.8922,11.54527,2.798581,1160.0,4920.0,0.84,149.942
Kepler-20 c,Kepler-20,Transit,2011,11.1,2.894,10.8540774,828.0,5495.0,0.929,282.563
K2-407 c,K2-407,Transit,2022,,1.36,9.22453,,5563.0,0.881,218.376
GJ 682 b,GJ 682,Radial Velocity,2014,4.4,,17.478,,3028.0,0.27,5.00671
81 Cet b,81 Cet,Radial Velocity,2008,1051.05854195,,1005.57,,4734.0,1.23,101.26
Kepler-260 b,Kepler-260,Transit,2014,,2.01,8.187399,,5250.0,,627.365
TOI-733 b,TOI-733,Transit,2023,5.72,1.992,4.884765,1055.8,5585.0,0.956,75.2092
Kepler-484 b,Kepler-484,Transit,2016,,2.28,10.045569313,,5668.0,0.96,382.136
Kepler-1725 b,Kepler-1725,Transit,2021,,2.8125177,16.71990013,,6020.0,1.049,558.652
Kepler-1316 b,Kepler-1316,Transit,2016,,3.54,87.9732136,,5884.0,1.04,800.871
Kepler-1335 b,Kepler-1335,Transit,2016,,1.45,6.26406846,,4903.0,0.77,621.853
TOI-4029 b,TOI-4029,Transit,2026,,6.73756618,5.88498234631,,5662.53,,274.436
Kepler-100 c,Kepler-100,Transit,2014,7.05,2.2,12.8159,,5825.0,1.08,304.645
Kepler-380 c,Kepler-380,Transit,2014,,1.27,7.630004,,6045.0,,813.713
K2-165 d,K2-165,Transit,2018,,2.64809498,14.101361,,5185.0,0.834847,134.591
TOI-286 b,TOI-286,Transit,2024,4.53,1.42,4.5117244,979.0,5152.0,0.832,59.2293
Kepler-394 d,Kepler-394,Transit,2021,,1.50066814,5.613580227,,6398.0,1.141,1058.72
Kepler-238 d,Kepler-238,Transit,2014,,3.07,13.233549,,5751.0,,1798.75
Kepler-271 c,Kepler-271,Transit,2014,,0.95,7.41086267,,5555.0,0.9,404.542
Kepler-238 b,Kepler-238,Transit,2014,,1.73,2.090876,,5751.0,,1798.75
TOI-5181 A b,TOI-5181 A,Transit,2025,330.54154328,13.34989601,3.8922295,1585.0,6060.0,1.25,480.155
Kepler-207 c,Kepler-207,Transit,2014,,1.5,3.071571,,5920.0,,875.519
Kepler-1321 d,Kepler-1321,Transit,2021,,2.62843782,5.720920086,,3640.0,0.513,769.146
Kepler-124 d,Kepler-124,Transit,2014,,1.11,30.950851,,4984.0,,420.046
Kepler-1311 b,Kepler-1311,Transit,2016,,1.24,11.1726994,,5748.0,1.05,866.331
Kepler-402 d,Kepler-402,Transit,2014,,1.38,8.921099,,6090.0,,625.339
Kepler-1365 c,Kepler-1365,Transit,2016,,0.8,4.77468005,,5770.0,1.0,840.128
Kepler-1371 c,Kepler-1371,Transit,2016,,0.64,2.00541269,,5361.0,0.87,515.334
Kepler-1392 b,Kepler-1392,Transit,2016,,1.96,15.1410397,,5479.0,0.88,
Kepler-1401 b,Kepler-1401,Transit,2016,,1.68,11.20066445,,5964.0,1.07,1425.43
Kepler-1414 b,Kepler-1414,Transit,2016,,1.23,3.51576315,,4951.0,0.8,570.835
Kepler-1417 b,Kepler-1417,Transit,2016,,1.0,20.3505213,,5839.0,1.02,991.845
Kepler-740 b,Kepler-740,Transit,2016,,4.57,3.584101216,,5438.0,0.91,1442.02
Kepler-433 b,Kepler-433,Transit,2015,896.24,16.25,5.33408384,1776.0,6360.0,1.46,1878.31
Kepler-401 b,Kepler-401,Transit,2014,,1.71,14.383035,,6117.0,,965.56
24 Sex b,24 Sex,Radial Velocity,2010,632.46,,452.8,,5098.0,1.54,72.0691
TOI-813 b,TOI-813,Transit,2020,,6.71,83.8911,610.0,5907.0,1.32,263.145
Kepler-127 b,Kepler-127,Transit,2014,,1.4,14.435889,,6106.0,,352.794
Kepler-1905 b,Kepler-1905,Transit,2021,,1.4460734,3.42392993,,5788.0,1.038,1051.53
Kepler-1388 b,Kepler-1388,Transit,2016,,2.59,12.2854603,,4098.0,0.63,453.795
TOI-707 b,TOI-707,Transit,2026,,2.416,52.79918,491.7,5424.0,0.99,130.959
Kepler-1926 b,Kepler-1926,Transit,2021,,2.31495961,42.87770081,,5256.0,0.768,667.405
DS Tuc A b,DS Tuc A,Transit,2019,,5.7,8.138268,850.0,5428.0,1.01,44.0622
Kepler-1181 b,Kepler-1181,Transit,2016,,1.57,4.89337519,,6176.0,1.17,938.417
Kepler-885 b,Kepler-885,Transit,2016,,2.5,18.11472949,,6187.0,1.21,651.318
Kepler-161 c,Kepler-161,Transit,2014,,2.05,7.06424,,5078.0,,434.632
Kepler-411 b,Kepler-411,Transit,2013,25.6,2.401,3.005156,1138.0,,0.87,153.676
HD 190360 b,HD 190360,Radial Velocity,2003,537.0,,2887.5,,5560.0,0.996,16.0069
HAT-P-41 b,HAT-P-41,Transit,2012,378.2177,22.97845,2.69405,,6390.0,2.56,348.185
Kepler-911 b,Kepler-911,Transit,2016,,2.6,20.310501,,6112.0,1.34,556.168
Kepler-1998 b,Kepler-1998,Transit,2023,,0.6,3.03267135,1187.0,5640.0,0.962,340.965
HAT-P-55 b,HAT-P-55,Transit,2015,189.42573057,14.84069045,3.5852313,1367.0,5804.0,1.028,511.388
Kepler-186 d,Kepler-186,Transit,2014,,1.4,13.342996,,3788.0,0.478,177.594
HD 215152 c,HD 215152,Radial Velocity,2018,1.72,,7.28243,,4935.0,0.77,21.5974
K2-130 b,K2-130,Transit,2017,,1.25,2.49412,,4356.47,0.69563,118.011
HD 179079 b,HD 179079,Radial Velocity,2008,25.74423,,14.479,,5646.0,1.14,69.7116
GJ 667 C b,GJ 667 C,Radial Velocity,2012,,,7.203,,,,7.24396
HD 28185 b,HD 28185,Radial Velocity,2001,1859.29618095,,385.92,,5602.0,0.974,39.3809
HD 25912 b,HD 25912,Radial Velocity,2022,38.13940884,,41.83156,,,1.08,49.1661
Kepler-135 b,Kepler-135,Transit,2014,,1.81,6.00253,,6090.0,,621.855
HD 12235 b,HD 12235,Radial Velocity,2022,10.48833743,,4.36305,,,1.1,31.7627
Kepler-1004 b,Kepler-1004,Transit,2016,,6.28,5.28789787,,4972.0,1.11,1152.68
HD 208487 b,HD 208487,Radial Velocity,2004,146.20106722,,129.36,,6134.0,1.15,45.147
HD 13808 b,HD 13808,Radial Velocity,2021,11.2,,14.1815,,5035.0,0.771,28.2305
Kepler-1948 b,Kepler-1948,Transit,2021,,1.03283226,15.57129955,,3872.0,0.585,193.903
TOI-6699 b,TOI-6699,Transit,2026,,2.32645266,5.32005926761,,4705.1,,85.8463
TOI-5349 b,TOI-5349,Transit,2026,127.4,10.2,3.317921,719.0,3751.0,0.61,188.336
Kepler-251 b,Kepler-251,Transit,2014,,1.33,4.790936,,5526.0,,924.625
Kepler-16 b,Kepler-16,Transit,2011,105.833,8.4493,228.776,,4450.0,0.6897,75.0852
TOI-5688 A b,TOI-5688 A,Transit,2024,124.0,10.3,2.94815527,742.0,3713.0,0.6,226.318
TOI-5704 b,TOI-5704,Transit,2023,,3.2274,3.771116,949.07,4590.0,0.73,89.637
Kepler-910 b,Kepler-910,Transit,2016,,0.82,2.364369015,,6230.0,1.26,400.289
HD 105618 b,HD 105618,Radial Velocity,2022,25.42627256,,10.02245,,,1.01,70.0837
HD 135872 b,HD 135872,Radial Velocity,2022,1744.56012602,,2422.32597,,,1.646,82.4251
HD 16905 b,HD 16905,Radial Velocity,2022,3591.4609991,,10256.0,,,0.85,39.7401
HD 217958 b,HD 217958,Radial Velocity,2022,166.54208527,,2560.19774,,,1.08,61.7957
HD 203387 c,HD 203387,Radial Velocity,2022,2378.9456264,,2481.07227,,,2.817,61.7477
KMT-2021-BLG-0320L b,KMT-2021-BLG-0320L,Microlensing,2022,31.7828407,,,,,0.32,6950.0
HD 206893 b,HD 206893,Imaging,2021,6197.6539365,,11100.0,,,1.31,40.7583
K2-414 b,K2-414,Transit,2022,,1.219,4.3696,,4343.0,0.814,260.036
TOI-5882 b,TOI-5882,Transit,2025,6995.40323807,11.46678726,7.148972,1515.0,5920.0,1.334,416.104
Kepler-1422 b,Kepler-1422,Transit,2016,,2.02,18.6051942,,6194.0,1.15,2465.84
Kepler-1427 b,Kepler-1427,Transit,2016,,1.1,0.968972376,,5793.0,1.01,
Kepler-1977 b,Kepler-1977,Transit,2023,,1.66,4.53702121,798.0,4805.0,0.769,592.711
Kepler-683 b,Kepler-683,Transit,2016,,1.97,2.539183179,,5703.0,0.96,1023.07
Kepler-172 e,Kepler-172,Transit,2014,,2.76,35.118736,,5526.0,,828.592
Kepler-566 b,Kepler-566,Transit,2016,,2.15,18.42794624,,5132.0,0.83,564.277
K2-243 c,K2-243,Transit,2018,,2.01,24.94598,801.0,6570.0,1.29,266.864
Kepler-370 c,Kepler-370,Transit,2014,,1.91,19.02293,,5852.0,,1167.94
TOI-2136 b,TOI-2136,Transit,2022,6.37,2.19,7.851928,395.0,3342.0,0.34,33.3631
Kepler-355 c,Kepler-355,Transit,2014,,2.71,25.762294,,6184.0,,1432.17
Kepler-856 b,Kepler-856,Transit,2016,,9.3,8.027680595,,5535.0,0.96,1351.17
Kepler-1415 b,Kepler-1415,Transit,2016,,1.29,0.63642408,,5267.0,0.89,1043.56
Kepler-644 b,Kepler-644,Transit,2016,,3.15,3.173917103,,6747.0,1.49,1318.05
KMT-2018-BLG-2602L b,KMT-2018-BLG-2602L,Microlensing,2022,365.50266805,,,,,0.66,4310.0
EPIC 212587672 b,EPIC 212587672,Transit,2019,,1.26,15.28078,756.0,6004.0,0.99,320.07
Wolf 1061 b,Wolf 1061,Radial Velocity,2015,1.91,,4.8869,,3342.0,0.294,4.30592
Kepler-333 b,Kepler-333,Transit,2014,,1.32,12.551158,,4259.0,,324.413
Kepler-35 b,Kepler-35,Transit,2011,40.363,8.16,131.458,,5606.0,0.8877,1819.17
OGLE-2019-BLG-0960L b,OGLE-2019-BLG-0960L,Microlensing,2021,2.5,,,,,0.5,980.0
HD 164922 b,HD 164922,Radial Velocity,2005,116.0,,1207.0,,5390.0,0.926,22.0016
MOA-2022-BLG-249L b,MOA-2022-BLG-249L,Microlensing,2023,4.83,,,,,0.18,2000.0
HD 109286 b,HD 109286,Radial Velocity,2021,950.30693693,,520.1,259.4,5694.0,0.98,55.4156
HD 122562 c,HD 122562,Radial Velocity,2022,73.10053361,,84.96276,,,1.241,53.2528
Kepler-524 c,Kepler-524,Transit,2016,,0.96,1.88897906,,6014.0,1.09,1058.24
TOI-663 b,TOI-663,Transit,2024,4.45,2.27,2.598902,674.0,3681.0,0.514,64.2308
Kepler-1490 b,Kepler-1490,Transit,2016,,3.04,92.4362973,,5515.0,0.9,862.92
Kepler-60 d,Kepler-60,Transit,2012,4.16,1.99,11.8981,,5905.0,1.041,1025.1
Kepler-1127 b,Kepler-1127,Transit,2016,,1.96,5.12330347,,5664.0,0.97,842.459
HD 74156 c,HD 74156,Radial Velocity,2003,2753.98314665,,2448.48726,,,1.1,57.603
TOI-2669 b,TOI-2669,Transit,2022,193.87532827,19.72780603,6.2034,,4800.0,1.19,393.443
K2-288 B b,K2-288 B,Transit,2018,,1.9,31.393463,226.36,3341.0,0.33,65.6138
Kepler-1218 b,Kepler-1218,Transit,2016,,1.44,22.9221266,,5986.0,1.06,840.503
HD 112640 b,HD 112640,Radial Velocity,2020,1589.15,,613.2,,4155.0,1.8,323.335
Kepler-1938 b,Kepler-1938,Transit,2021,,1.82828927,13.06260014,,4522.0,0.646,421.152
Kepler-33 b,Kepler-33,Transit,2011,,1.74,5.66793,,5904.0,1.291,1209.16
Kepler-47 d,Kepler-47,Transit,2019,19.02,7.04,187.366,,,0.957,1025.02
HD 16760 b,HD 16760,Radial Velocity,2009,6833.3107505,,466.08,,5518.0,0.93,50.17561
Kepler-1522 b,Kepler-1522,Transit,2016,,1.73,1.847889171,,5706.0,0.96,814.125
Kepler-1372 b,Kepler-1372,Transit,2016,,1.27,1.311555568,,5677.0,0.98,1303.22
HD 55696 b,HD 55696,Radial Velocity,2018,1230.0021,,1827.0,,6012.0,1.29,77.9693
HD 216536 b,HD 216536,Radial Velocity,2015,333.7215,,148.60001,,4639.0,0.81,376.233
HD 4732 c,HD 4732,Radial Velocity,2012,1069.49258955,,3184.2,,4898.0,1.39,54.7841
WASP-119 b,WASP-119,Transit,2016,390.9309,15.6926,2.49979,1600.0,5650.0,1.02,302.448
Kepler-963 c,Kepler-963,Transit,2024,,0.6,0.919783,,5169.47,0.821,771.494
HD 100546 b,HD 100546,Imaging,2014,2701.5414595,77.3421,,,10500.0,2.4,109.677
TOI-3785 b,TOI-3785,Transit,2023,14.95,5.14,4.6747373,582.0,3576.0,0.52,79.7634
Kepler-1293 b,Kepler-1293,Transit,2016,,0.97,5.57654784,,6241.0,1.18,1028.16
Kepler-450 b,Kepler-450,Transit,2015,,6.14,28.454851,,6197.21,1.19,455.982
TOI-2285 b,TOI-2285,Transit,2021,,1.77,13.635109,358.0,3491.0,0.454,42.409
Kepler-23 c,Kepler-23,Transit,2011,7.81,3.005,10.74,,5828.0,1.078,835.756
TIC 365102760 b,TIC 365102760,Transit,2024,19.2,6.21,4.21285367,,4900.0,1.17,555.546
TIC 139270665 c,TIC 139270665,Radial Velocity,2024,1554.18091023,,1010.0,200.0,5844.0,1.035,189.875
EPIC 246851721 b,EPIC 246851721,Transit,2018,953.49,11.780659,6.180235,1401.0,6202.0,1.317,372.632
TOI-640 b,TOI-640,Transit,2021,181.16219199,19.2794468,5.003777,1816.0,6460.0,1.536,341.997
TOI-1422 b,TOI-1422,Transit,2022,9.5,3.83,12.99894,870.0,,,155.141
TYC 3318-01333-1 b,TYC 3318-01333-1,Radial Velocity,2018,1086.9786,,562.0,,4776.0,1.19,490.61
Kepler-52 b,Kepler-52,Transit,2012,135.0,2.1,7.8773565,,4075.0,0.54,321.542
KMT-2021-BLG-2294L b,KMT-2021-BLG-2294L,Microlensing,2022,22.24798849,,,,,0.14,6800.0
GJ 1151 c,GJ 1151,Radial Velocity,2023,10.62,,389.7,,3280.0,0.1639,8.03625
KMT-2017-BLG-1194L b,KMT-2017-BLG-1194L,Microlensing,2023,3.54,,,,,0.41,4240.0
KMT-2017-BLG-0428L b,KMT-2017-BLG-0428L,Microlensing,2023,5.59,,,,,0.34,5400.0
OGLE-2017-BLG-1806L b,OGLE-2017-BLG-1806L,Microlensing,2023,5.27,,,,,0.38,6400.0
OGLE-2018-BLG-0516L b,OGLE-2018-BLG-0516L,Microlensing,2022,20.1,,,,,0.47,7000.0
Kepler-929 b,Kepler-929,Transit,2016,,1.11,0.921032135,,5869.0,1.01,1311.23
HD 18438 b,HD 18438,Radial Velocity,2023,6674.396547,,803.0,,3860.0,1.84,224.146
Kepler-314 c,Kepler-314,Transit,2014,,2.9,5.960392,,5378.0,,268.881
KMT-2021-BLG-1105L b,KMT-2021-BLG-1105L,Microlensing,2023,413.1769291,,,,,0.63,4540.0
KMT-2018-BLG-0030L b,KMT-2018-BLG-0030L,Microlensing,2022,460.85119015,,,,,0.51,6480.0
K2-2016-BLG-0005L b,K2-2016-BLG-0005L,Microlensing,2023,349.6112477,,4700.0,,,0.584,5200.0
TOI-6303 b,TOI-6303,Transit,2025,2493.0,11.59,9.485236,541.0,3977.0,0.644,152.219
Kepler-1767 b,Kepler-1767,Transit,2021,,3.01299077,59.65829849,,5243.0,0.887,820.506
MOA-2020-BLG-208L b,MOA-2020-BLG-208L,Microlensing,2023,46.0,,,,,0.43,7490.0
Kepler-656 c,Kepler-656,Transit,2023,,1.41,5.25449393,975.0,5550.0,1.05,890.352
Kepler-1939 b,Kepler-1939,Transit,2021,,1.16480773,2.790659904,,4353.0,0.648,189.833
Kepler-74 b,Kepler-74,Transit,2013,200.22,10.76,7.340711,1078.0,6000.0,1.18,1177.55
WASP-85 A b,WASP-85 A,Transit,2016,402.05495,13.89916,2.6556777,1452.0,6112.0,1.09,141.887
K2-289 b,K2-289,Transit,2019,,9.1,13.156969,753.0,5529.0,0.953,274.3
Kepler-568 b,Kepler-568,Transit,2016,,2.26,11.02347475,,3768.0,0.55,130.645
K2-58 d,K2-58,Transit,2016,,1.71,22.8827,,5413.0,0.89,181.746
K2-83 b,K2-83,Transit,2016,,1.244,2.74697,,3910.0,0.484,125.529
K2-294 b,K2-294,Transit,2019,,1.66,2.50387,1425.0,5612.0,0.987,373.078
OGLE-2013-BLG-0102L b,OGLE-2013-BLG-0102L,Microlensing,2014,4100.0,,,,,0.096,3040.0
Kepler-990 c,Kepler-990,Transit,2016,,1.53,0.538354308,,5948.0,1.05,802.163
CoRoT-9 b,CoRoT-9,Transit,2009,266.9772,11.948794,95.272656,420.0,5625.0,0.96,412.98
Kepler-538 b,Kepler-538,Transit,2016,12.9,2.215,81.73778,417.0,5534.0,0.892,155.956
HIP 114933 b,HIP 114933,Radial Velocity,2021,616.58710958,,1481.6,,4823.0,1.39,101.766
TOI-2529 b,TOI-2529,Transit,2024,743.71847238,11.54525012,64.5949,636.0,5802.0,1.11,296.271
Kepler-701 b,Kepler-701,Transit,2016,,2.84,10.35533177,,5343.0,0.88,774.152
Kepler-326 b,Kepler-326,Transit,2014,,1.52,2.248329,,5105.0,,487.675
KMT-2020-BLG-0414L b,KMT-2020-BLG-0414L,Microlensing,2021,1.87,,,,,0.49,1220.0
Kepler-1158 b,Kepler-1158,Transit,2016,,2.34,13.5396293,,6203.0,1.41,1484.25
Kepler-549 d,Kepler-549,Transit,2023,,4.2,24.61480613,586.0,5312.0,0.859,635.145
MOA-2019-BLG-008L b,MOA-2019-BLG-008L,Microlensing,2022,5720.911326,,,,,0.9,2700.0
OGLE-2019-BLG-0299L b,OGLE-2019-BLG-0299L,Microlensing,2021,1976.89269154,,,,,0.59,5830.0
MOA-2009-BLG-387L b,MOA-2009-BLG-387L,Microlensing,2010,830.0,,1980.0,,,0.19,5690.0
TIC 279401253 c,TIC 279401253,Transit,2023,2548.98382414,,155.3,,5951.0,1.13,285.584
HD 164509 b,HD 164509,Radial Velocity,2012,140.79869,,280.17,,5859.0,1.12,53.1119
TOI-1431 b,TOI-1431,Transit,2021,991.62462984,16.70138124,2.650237,2370.0,7690.0,1.9,148.925
Kepler-1870 b,Kepler-1870,Transit,2021,,2.10143764,3.606940031,,5508.0,0.955,407.216
Kepler-1838 b,Kepler-1838,Transit,2021,,1.66049425,12.14680004,,5877.0,1.187,451.242
OGLE-2008-BLG-355L b,OGLE-2008-BLG-355L,Microlensing,2014,1500.0,,,,,0.37,6800.0
GJ 238 b,GJ 238,Transit,2024,,0.566,1.7446999,758.0,3485.0,0.4193,15.2142
HD 3765 b,HD 3765,Radial Velocity,2021,54.98431441,,1211.0,,5049.8,0.851785,17.926
Kepler-189 b,Kepler-189,Transit,2014,,1.21,10.399931,,5235.0,,591.534
Kepler-476 b,Kepler-476,Transit,2016,,3.08,14.00640607,,5837.0,1.03,813.535
EPIC 206032309 b,EPIC 206032309,Transit,2019,,1.01,2.87814,,,0.221,161.365
TOI-6002 b,TOI-6002,Transit,2024,,1.65,10.904821,321.4,3229.0,0.2101,32.0266
TOI-1798.01,TOI-1798,Transit,2024,,2.448,8.021522331,,5165.0,0.87,113.181
HAT-P-60 b,HAT-P-60,Transit,2021,182.43350562,18.28184752,4.7947813,1772.0,6212.0,1.435,233.22
Kepler-1523 b,Kepler-1523,Transit,2016,,1.58,0.93875077,,5708.0,0.97,865.596
NGTS-27 b,NGTS-27,Transit,2024,188.47224535,15.64773706,3.3704181,1783.0,5700.0,1.07,942.122
Kepler-195 c,Kepler-195,Transit,2014,,1.55,34.096863,,5329.0,,652.051
Kepler-217 b,Kepler-217,Transit,2014,,2.23,5.374943,,6171.0,,1104.64
G 196-3 b,G 196-3,Imaging,2024,8263.538582,,,1670.0,,,21.7912
K2-84 b,K2-84,Transit,2016,,2.41,6.4215,,5652.0,0.95,284.876
HD 20868 b,HD 20868,Radial Velocity,2008,397.2875,,380.85001,,4802.0,0.39,47.7223
Kepler-1855 b,Kepler-1855,Transit,2021,,1.216205,0.727330983,,3460.0,0.385,
TOI-7333 b,TOI-7333,Transit,2026,,2.09469416,6.26449803661,,4586.87,,157.217
Kepler-1327 b,Kepler-1327,Transit,2016,,1.8,14.88801098,,5885.0,1.02,678.069
HD 100508 b,HD 100508,Radial Velocity,2026,381.3940884,,5681.0,,5419.0,0.94,32.7548
TOI-1347 b,TOI-1347,Transit,2024,11.1,1.8,0.84742346,1400.0,5464.0,0.913,147.476
Kepler-1067 c,Kepler-1067,Transit,2021,,1.74682428,5.425839901,,5594.0,0.981,667.693
Kepler-212 b,Kepler-212,Transit,2014,,1.09,16.257582,,5852.0,,687.194
Kepler-603 d,Kepler-603,Transit,2016,,1.32,6.2171292,,5808.0,1.01,1539.63
TOI-1203 e,TOI-1203,Radial Velocity,2025,42.1,,204.59,,5737.0,0.886,64.9943
K2-187 b,K2-187,Transit,2018,,1.2,0.77401,,5438.0,,330.916
K2-209 b,K2-209,Transit,2018,,0.86850263,2.080615,,4720.0,0.74479,76.4986
K2-211 b,K2-211,Transit,2018,,1.33162691,0.669561,1873.0,5117.0,0.851,272.297
TOI-6692 b,TOI-6692,Transit,2026,197.05361234,11.67975789,131.125,467.0,5890.0,1.047,312.903
HN Lib b,HN Lib,Radial Velocity,2023,5.46,,36.116,234.4,3347.0,0.291,6.24442
Kepler-331 b,Kepler-331,Transit,2014,,1.82,8.457496,,4347.0,,580.119
KMT-2023-BLG-1642L b,KMT-2023-BLG-1642L,Microlensing,2024,343.25467956,,,,,0.17,6980.0
OGLE-2014-BLG-0221L b,OGLE-2014-BLG-0221L,Microlensing,2024,1382.55357045,,,,,0.69,3680.0
Kepler-1572 b,Kepler-1572,Transit,2016,,0.94,5.49548621,,5618.0,0.97,946.602
Kepler-1585 b,Kepler-1585,Transit,2016,,1.79,3.5827463,,5538.0,0.94,944.465
Kepler-1596 b,Kepler-1596,Transit,2016,,1.9,66.373379,,5706.0,0.95,2146.23
K2-375 b,K2-375,Transit,2022,,2.243,14.453895,,5822.0,1.119,696.1
Kepler-670 b,Kepler-670,Transit,2016,,13.18,2.816504852,,5709.0,0.99,939.744
K2-119 b,K2-119,Transit,2017,,2.53,7.727283,666.0,4740.0,0.76,365.581
K2-346 b,K2-346,Transit,2021,,2.26,26.201446,450.0,4801.0,0.71,105.58
Kepler-180 c,Kepler-180,Transit,2014,,3.01,41.885775,,5731.0,,695.65
Kepler-1915 b,Kepler-1915,Transit,2021,,3.21798413,13.83539963,,6020.0,1.03,1514.66
Kepler-595 b,Kepler-595,Transit,2016,17.4,3.708,25.3029092,,,0.93,643.009
HATS-64 b,HATS-64,Transit,2018,305.1168,18.819911,4.908897,1793.0,6554.0,1.564,1080.15
Kepler-423 b,Kepler-423,Transit,2014,189.101,13.361,2.6843285,1605.0,5560.0,0.85,758.753
TOI-6086 b,TOI-6086,Transit,2024,,1.18,1.3888725,634.0,3200.0,0.254,31.4566
Kepler-770 c,Kepler-770,Transit,2016,,1.2,1.475322314,,5598.0,0.94,930.457
TOI-3894 b,TOI-3894,Transit,2024,260.61929374,15.27784069,4.33454,1531.0,6000.0,1.138,417.365
Kepler-345 c,Kepler-345,Transit,2014,,1.2,9.387427,,4504.0,,
HD 94834 b,HD 94834,Radial Velocity,2018,400.4658,,1576.0,,4798.0,1.11,98.1609
Kepler-1622 b,Kepler-1622,Transit,2016,,1.47,10.8118737,,6436.0,1.31,796.477
WASP-49 b,WASP-49,Transit,2012,117.5971,12.44199,2.78174,,5600.0,0.92,194.553
Kepler-1869 b,Kepler-1869,Transit,2021,,1.11955354,8.167360306,,5808.0,0.987,113.025
Kepler-283 b,Kepler-283,Transit,2014,,2.13,11.008151,,4351.0,,468.094
KOI-1833 d,Kepler-968,Transit,2021,11.02,2.58,7.685,613.0,4413.0,0.681,290.324
Kepler-402 c,Kepler-402,Transit,2014,,1.56,6.124821,,6090.0,,625.339
Kepler-175 c,Kepler-175,Transit,2014,,3.1,34.035257,,6064.0,,1312.34
Kepler-1524 b,Kepler-1524,Transit,2016,,3.54,70.9674603,,6179.0,1.17,381.773
Kepler-316 c,Kepler-316,Transit,2014,,1.16,6.827766,,4204.0,,384.938
Kepler-1965 b,Kepler-1965,Transit,2021,,1.35415138,41.86869812,,5852.0,0.928,521.791
WISEP J121756.91+162640.2 A b,WISEP J121756.91+162640.2 A,Imaging,2012,6992.0,10.468,,450.0,575.0,0.029,
SPECULOOS-3 b,SPECULOOS-3,Transit,2024,,0.977,0.71912603,553.0,2800.0,0.1009,
KMT-2021-BLG-0240L b,KMT-2021-BLG-0240L,Microlensing,2022,66.74396547,,,,,0.56,6600.0
Kepler-1019 b,Kepler-1019,Transit,2016,,1.46,1.411229847,,4433.0,0.7,194.182
Kepler-1104 b,Kepler-1104,Transit,2016,,1.23,5.03728015,,6417.0,1.3,530.658
Kepler-837 b,Kepler-837,Transit,2016,,2.56,16.56059504,,5403.0,0.85,901.907
KMT-2019-BLG-2783L b,KMT-2019-BLG-2783L,Microlensing,2023,368.68095212,,,,,0.34,5910.0
Kepler-163 c,Kepler-163,Transit,2014,,2.26,21.347262,,5776.0,,689.814
Kepler-511 b,Kepler-511,Transit,2016,,6.35,296.637865,,5770.0,1.0,651.999
Kepler-44 b,Kepler-44,Transit,2011,317.82,12.22,3.2467293,1544.0,5800.0,1.12,1188.0
HD 95338 b,HD 95338,Radial Velocity,2020,,4.27174254,55.082694,,5097.0,0.848,36.9941
Kepler-235 d,Kepler-235,Transit,2014,,2.05,20.060548,,4255.0,,428.018
Kepler-1085 b,Kepler-1085,Transit,2016,,7.22,219.3217528,,6000.0,1.11,1364.53
HD 31253 b,HD 31253,Radial Velocity,2010,197.0546,,466.0,,6130.0,1.7,58.1438
Kepler-1968 b,Kepler-1968,Transit,2021,,1.50004034,7.281099796,,5008.0,0.844,750.93
TOI-5398 b,TOI-5398,Transit,2022,58.7,10.3,10.590547,947.0,6000.0,1.146,130.855
Kepler-590 b,Kepler-590,Transit,2016,,4.02,5.85296257,,6000.0,1.1,1421.81
Kepler-1749 b,Kepler-1749,Transit,2021,,1.61301783,14.53409958,,3957.0,0.551,268.2
Kepler-241 b,Kepler-241,Transit,2014,,2.33,12.718092,,4699.0,,
Kepler-1040 b,Kepler-1040,Transit,2016,,2.08,201.1214,,5694.0,0.98,482.119
HD 25171 b,HD 25171,Radial Velocity,2010,290.81445,,1802.29,,6125.0,1.076,55.6146
TOI-519 b,TOI-519,Transit,2021,147.15455244,11.54525012,1.2652328,687.0,3322.0,0.335,115.557
Kepler-1810 b,Kepler-1810,Transit,2021,,3.91815325,101.1330032,,5492.0,0.921,1009.87
Kepler-962 b,Kepler-962,Transit,2016,,1.97,12.05707239,,5478.0,0.93,411.486
Kepler-1972 b,Kepler-1972,Transit,2022,2.02,0.802,7.54425,,5818.0,1.12,287.339
Kepler-1761 b,Kepler-1761,Transit,2021,,1.39109603,4.043540001,,3871.0,0.573,221.186
Kepler-1600 c,Kepler-1600,Transit,2021,,1.94206512,7.298049927,,5119.0,0.818,1030.81
Kepler-1093 c,Kepler-1093,Transit,2016,,1.96,89.722292,,6166.0,1.13,1072.88
Kepler-265 b,Kepler-265,Transit,2014,,1.86,6.846262,,5835.0,,1280.25
Kepler-781 b,Kepler-781,Transit,2016,,2.89,13.2140732,,5162.0,0.81,1064.47
Kepler-975 c,Kepler-975,Transit,2023,,10.69,5.05821338,1168.0,4883.0,0.951,426.088
HD 211970 b,HD 211970,Radial Velocity,2019,13.0,,25.201,,4127.0,0.61,13.1277
HD 48265 b,HD 48265,Radial Velocity,2008,484.69075,,778.51,,5733.0,1.312,90.5446
KMT-2019-BLG-0953L b,KMT-2019-BLG-0953L,Microlensing,2022,15.5,,,,,0.28,7200.0
HD 115404 A b,HD 115404 A,Radial Velocity,2022,30.82935548,,10.49488,,,0.83,10.9816
Kepler-179 b,Kepler-179,Transit,2014,,1.64,2.735926,,5302.0,,605.68
TOI-2545 b,TOI-2545,Transit,2022,,2.75,7.994037,,5846.29,1.055,107.118
K2-379 b,K2-379,Transit,2022,,2.181,8.777247,,4603.0,0.856,182.207
Kepler-767 b,Kepler-767,Transit,2016,,6.64,161.5280101,,5694.0,0.96,2251.03
CoRoT-17 b,CoRoT-17,Transit,2011,772.29,11.43,3.7681,1626.0,5740.0,1.04,1176.12
CoRoT-23 b,CoRoT-23,Transit,2011,889.9,11.77,3.6313,1660.0,5900.0,1.14,1060.97
CoRoT-5 b,CoRoT-5,Transit,2009,148.42,15.558,4.0378962,1438.0,6100.0,1.0,882.472
GJ 649 b,GJ 649,Radial Velocity,2009,81.99972901,,600.1,,3734.0,0.51,10.3796
GJ 179 b,GJ 179,Radial Velocity,2009,260.61,,2288.0,,3370.0,0.357,12.356
KMT-2022-BLG-0303L b,KMT-2022-BLG-0303L,Microlensing,2024,163.04597279,,,,,0.368,6570.0
Kepler-1783 b,Kepler-1783,Transit,2021,,1.31946731,8.277440071,,5129.0,0.887,264.078
KMT-2019-BLG-0578L b,KMT-2019-BLG-0578L,Microlensing,2025,381.3940884,,,,,0.28,7300.0
Kepler-1029 b,Kepler-1029,Transit,2016,,1.26,4.417696479,,5030.0,0.82,366.656
Kepler-948 b,Kepler-948,Transit,2016,,1.85,7.76846622,,5679.0,0.96,868.017
Kepler-965 b,Kepler-965,Transit,2016,,3.38,134.2527298,,5886.0,1.05,582.828
K2-157 c,K2-157,Radial Velocity,2025,30.8,,25.942,587.0,5334.0,0.89,298.373
KMT-2017-BLG-0849L b,KMT-2017-BLG-0849L,Microlensing,2024,6.39,,,,,0.19,7220.0
HD 224018 d,HD 224018,Transit,2025,4.2,2.4,138.0731,411.0,5784.0,1.013,105.48
K2-73 c,K2-73,Radial Velocity,2025,1142.0,,1000.0,186.1,5867.0,1.02,269.183
TOI-5799 c,TOI-5799,Transit,2025,,1.76,14.010449,337.0,3452.0,0.325,27.8123
HD 196067 c,HD 196067,Radial Velocity,2025,10.4,,4.601088,,6072.0,1.16,39.9346
Kepler-235 b,Kepler-235,Transit,2014,,2.23,3.340222,,4255.0,,428.018
Kepler-1653 b,Kepler-1653,Transit,2017,,2.17,140.2524,284.0,4807.0,0.719,
Kepler-1614 b,Kepler-1614,Transit,2016,,1.49,3.9466141,,5121.0,0.79,1191.19
Kepler-1615 b,Kepler-1615,Transit,2016,,2.06,47.3126192,,5865.0,1.04,1393.83
Kepler-633 c,Kepler-633,Transit,2021,,2.296,23.78319931,,5877.0,0.997,680.54
Kepler-82 c,Kepler-82,Transit,2012,13.9,5.34,51.54,,,0.91,904.326
Kepler-83 d,Kepler-83,Transit,2014,,1.94,5.169796,,4648.0,,400.409
Kepler-192 c,Kepler-192,Transit,2014,,2.79,21.2234,,5479.0,,651.674
K2-152 b,K2-152,Transit,2018,,2.29,32.6479,337.0,4044.0,0.63,108.449
Kepler-301 c,Kepler-301,Transit,2014,,1.35,5.419026,,5815.0,,719.166
Kepler-1888 b,Kepler-1888,Transit,2021,,1.32578716,11.39169979,,5557.0,0.897,402.947
Kepler-171 c,Kepler-171,Transit,2014,,2.56,11.463462,,5642.0,,863.855
HD 52265 b,HD 52265,Radial Velocity,2000,384.5743,,119.27,,6136.0,1.204,29.9803
Kepler-1172 b,Kepler-1172,Transit,2016,,3.2,26.0204423,,5558.0,0.92,1306.53
Kepler-1251 b,Kepler-1251,Transit,2016,,1.84,45.0904643,,5545.0,0.92,902.204
K2-32 b,K2-32,Transit,2016,15.0,5.299,8.992,837.0,5271.0,0.83,157.682
HD 217786 c,HD 217786,Radial Velocity,2022,7.31005336,,2.52221,,,1.14,55.4847
Kepler-1900 b,Kepler-1900,Transit,2021,,1.62314676,2.986229897,,6173.0,1.104,1540.43
Kepler-1167 b,Kepler-1167,Transit,2016,,1.71,1.003933739,,4971.0,0.79,820.905
WASP-184 b,WASP-184,Transit,2019,181.1631,14.90797,5.1817,1480.0,6000.0,1.23,663.231
EPIC 212624936 b,EPIC 212624936,Transit,2021,,1.2,0.578657,,5765.0,,561.929
K2-68 b,K2-68,Transit,2016,,1.58,8.05428,,4746.0,0.73,168.652
Kepler-1895 b,Kepler-1895,Transit,2021,,2.11934728,6.070290089,,5076.0,0.86,984.187
HD 154857 c,HD 154857,Radial Velocity,2014,819.97,,3452.0,,5605.0,1.718,63.4482
Kepler-408 b,Kepler-408,Transit,2014,5.0,0.82,2.46502,,6104.0,1.08,88.7832
Kepler-1358 b,Kepler-1358,Transit,2016,,1.12,7.06317341,,5181.0,0.82,546.998
HD 106270 b,HD 106270,Radial Velocity,2011,3219.6179,,1888.0,,5509.0,1.39,93.808
TOI-2295 c,TOI-2295,Radial Velocity,2024,1783.01736327,,966.5,234.9,5730.0,1.168,126.279
Kepler-132 e,Kepler-132,Transit,2016,,1.18,110.2869374,,6023.0,1.03,349.549
Kepler-691 b,Kepler-691,Transit,2016,,2.09,8.114379,,3715.0,0.53,279.115
TOI-5210 b,TOI-5210,Transit,2025,81.99972901,10.72699453,4.5661061,1286.0,5723.0,1.105,302.086
Kepler-270 b,Kepler-270,Transit,2014,,2.01,11.476094,,6067.0,,948.781
Kepler-1378 b,Kepler-1378,Transit,2016,,2.2,11.95398936,,4407.0,0.7,506.434
K2-79 b,K2-79,Transit,2016,5.9,4.15,10.995039,1033.0,5897.0,1.06,256.011
Kepler-216 c,Kepler-216,Transit,2014,,3.04,17.406669,,6091.0,,1187.47
Kepler-1527 b,Kepler-1527,Transit,2016,,4.77,160.129918,,6224.0,1.21,1842.13
Kepler-727 b,Kepler-727,Transit,2016,,2.53,5.154484417,,5441.0,0.89,831.842
HR 5183 b,HR 5183,Radial Velocity,2019,1026.5909,,27000.0,171.0,5794.0,1.07,31.4607
K2-335 b,K2-335,Transit,2021,,2.21,12.283211,949.0,6222.0,1.23,557.993
Kepler-1135 b,Kepler-1135,Transit,2016,,1.85,76.957857,,5656.0,0.96,1314.64
WASP-21 b,WASP-21,Transit,2010,95.345,11.99,4.322482,,,,258.426
HD 141399 d,HD 141399,Radial Velocity,2014,375.0394,,1069.8,,5600.0,1.07,37.0169
Kepler-879 c,Kepler-879,Transit,2024,,0.4,0.646716,,5456.75,0.974,802.672
TOI-1054.01,TOI-1054,Transit,2021,,2.43432,15.5077855,853.0,6122.0,,88.4343
Kepler-903 b,Kepler-903,Transit,2016,,2.01,10.3507721,,5682.0,0.98,1369.24
K2-98 b,K2-98,Transit,2016,34.00763955,5.06645928,10.1367349,1185.0,6260.0,1.246,518.625
K2-290 c,K2-290,Transit,2019,246.00042,11.276254,48.36685,676.0,6302.0,1.194,272.909
K2-358 b,K2-358,Transit,2021,,2.68,11.2510285,888.0,5650.0,0.93,480.307
TOI-283 b,TOI-283,Transit,2025,6.54,2.34,17.61745,661.0,5213.0,0.8,82.7013
TOI-1180 b,TOI-1180,Transit,2024,,3.072,9.686760378,,4738.0,0.75,72.0238
TOI-5238 b,TOI-5238,Transit,2022,,5.22,4.872171,,5631.0,1.0,290.646
K2-35 c,K2-35,Transit,2016,,1.93,5.608352,,4402.71,0.701968,252.596
TOI-3362 b,TOI-3362,Transit,2021,1598.3590588,12.80065596,18.09547,,6532.0,1.445,366.987
K2-126 b,K2-126,Transit,2017,,1.97,7.385655,601.0,4339.0,0.69,102.953
Kepler-1216 b,Kepler-1216,Transit,2016,,1.39,4.37034536,,5743.0,0.99,1258.36
TOI-1669 c,TOI-1669,Transit,2024,13.0,2.2963977,2.6800535,1285.16,5497.0,0.9867,111.276
WASP-61 b,WASP-61,Transit,2012,851.7844,15.80469,3.8559,,6250.0,1.82,488.66
HD 162020 b,HD 162020,Radial Velocity,2002,3127.4472,,8.4282,,4723.0,0.42,30.8248
HIP 65407 b,HIP 65407,Radial Velocity,2016,136.03124,,28.125,,5460.0,0.93,61.7804
TOI-1648 b,TOI-1648,Transit,2025,7.4,2.54,7.331602,799.0,4850.0,0.83,69.835
KMT-2018-BLG-0247L b,KMT-2018-BLG-0247L,Microlensing,2022,670.61793877,,,,,0.29,6760.0
TOI-5350 b,TOI-5350,Transit,2025,2094.48920213,12.41955062,7.581367,1195.0,6220.0,1.167,277.419
HD 167042 b,HD 167042,Radial Velocity,2007,444.00628458,,417.67,,4919.0,1.39,49.6633
HD 1690 b,HD 1690,Radial Velocity,2010,2793.7257,,533.0,,4374.0,1.86,752.615
HD 132406 b,HD 132406,Radial Velocity,2007,1887.90073758,,908.0,,,0.973,70.7832
HD 136418 b,HD 136418,Radial Velocity,2009,680.1562,,464.29999,,4989.0,1.48,105.168
HD 160691 b,HD 160691,Radial Velocity,2000,1366.6621501,,645.0,,5773.0,1.13,15.5981
HD 175541 b,HD 175541,Radial Velocity,2007,190.06234,,298.43,,5013.0,1.39,129.603
HD 181720 b,HD 181720,Radial Velocity,2009,127.132,,956.0,,5736.0,1.03,60.2046
HD 187123 c,HD 187123,Radial Velocity,2008,632.46,,3810.0,,5790.0,1.04,45.9548
HD 190647 b,HD 190647,Radial Velocity,2007,630.89255,,1176.45,,5656.0,1.069,54.4738
HD 204941 b,HD 204941,Radial Velocity,2011,73.1009,,1733.0,,5026.0,0.58,28.7165
HD 30856 b,HD 30856,Radial Velocity,2011,491.68301,,847.0,,4895.0,1.17,131.199
HD 32518 b,HD 32518,Radial Velocity,2009,905.49313154,,157.35,,4580.0,1.13,122.115
HD 40307 b,HD 40307,Radial Velocity,2009,4.0,,4.3123,,4956.0,0.77,12.9363
HD 47186 c,HD 47186,Radial Velocity,2008,111.42,,1353.6,,,,37.4574
HD 68988 b,HD 68988,Radial Velocity,2001,626.1251,,6.27711,,5932.0,1.28,60.8447
HD 81040 b,HD 81040,Radial Velocity,2005,2301.07766668,,1002.7,,,0.99,34.4341
HD 82886 b,HD 82886,Radial Velocity,2011,740.5439,,705.0,,4953.0,2.53,127.061
HD 99109 b,HD 99109,Radial Velocity,2005,139.8452,,439.29999,,5282.0,0.76,54.7901
MOA-2009-BLG-319L b,MOA-2009-BLG-319L,Microlensing,2010,67.3,,,,,0.524,7050.0
V2376 Ori b,V2376 Ori,Imaging,2025,6356.56814,87.20586985,,2100.0,,0.45,
Kepler-1769 b,Kepler-1769,Transit,2021,,4.465,89.1934967,,6071.0,1.061,438.412
Kepler-1027 b,Kepler-1027,Transit,2016,,0.89,1.907805199,,5436.0,0.91,405.104
KMT-2024-BLG-1870L b,KMT-2024-BLG-1870L,Microlensing,2026,336.89811142,,,,,0.67,5480.0
KMT-2024-BLG-2087L b,KMT-2024-BLG-2087L,Microlensing,2026,1395.26670673,,,,,0.48,7190.0
KOINTREAU-3 b,ISO-Oph 96,Imaging,2026,1080.6165838,,,,3920.0,,140.563
KMT-2020-BLG-0202L b,KMT-2020-BLG-0202L,Microlensing,2026,3902.93283796,,,,,0.81,3840.0
KMT-2022-BLG-1551L b,KMT-2022-BLG-1551L,Microlensing,2026,940.77208472,,,,,0.54,6900.0
TOI-1839 c,TOI-1839,Transit,2026,,2.40867246,4.02393854207,,5315.91,,116.086
Kepler-1054 b,Kepler-1054,Transit,2016,,2.63,4.30655689,,6209.0,1.22,1090.51
Kepler-1033 b,Kepler-1033,Transit,2016,,2.51,7.56052806,,5547.0,0.94,1455.5
Kepler-1003 b,Kepler-1003,Transit,2016,,1.78,3.554856915,,6109.0,1.11,941.902
Kepler-1030 b,Kepler-1030,Transit,2016,,2.48,19.32952416,,4983.0,0.8,758.702
Kepler-999 b,Kepler-999,Transit,2016,,2.34,5.991857017,,6237.0,1.29,545.063
Kepler-1621 b,Kepler-1621,Transit,2016,,2.16,92.263714,,6158.0,1.15,1631.66
HD 27894 d,HD 27894,Radial Velocity,2017,2063.65984665,,5019.54244,,,0.81,43.8214
Kepler-1011 b,Kepler-1011,Transit,2016,,2.87,5.753221974,,5416.0,0.91,736.779
Kepler-532 b,Kepler-532,Transit,2016,,2.57,12.92491623,,5192.0,0.87,312.798
Kepler-1542 c,Kepler-1542,Transit,2016,,0.65,2.89223021,,5564.0,0.94,399.114
TOI-5938 b,TOI-5938,Transit,2026,,3.82,2.260424,1077.0,4650.0,0.744,114.035
Kepler-1050 b,Kepler-1050,Transit,2016,,1.6,15.3787546,,6010.0,1.09,490.488
Kepler-1907 b,Kepler-1907,Transit,2021,,0.86973029,5.652450085,,5159.0,0.752,292.111
Kepler-1542 d,Kepler-1542,Transit,2016,,0.87,5.99273738,,5564.0,0.94,399.114
Kepler-1108 b,Kepler-1108,Transit,2016,,1.46,4.51005748,,5406.0,0.88,767.701
Kepler-384 c,Kepler-384,Transit,2014,,1.13,45.348269,,5577.0,,895.678
Kepler-251 c,Kepler-251,Transit,2014,,2.77,16.514043,,5526.0,,924.625
KOI-4777.01,KOI-4777,Transit,2022,99.2,0.51,0.412,1180.0,3515.0,0.41,172.245
Kepler-920 c,Kepler-920,Transit,2016,,3.8,100.8274113,,5403.0,0.89,1001.68
Kepler-567 b,Kepler-567,Transit,2016,,2.25,16.54297375,,5148.0,0.84,558.81
MOA-2011-BLG-262L b,MOA-2011-BLG-262L,Microlensing,2014,17.0,,,,,0.11,7200.0
HAT-P-25 b,HAT-P-25,Transit,2012,180.84527,12.722215,3.65281514,1182.0,5519.0,1.012,300.384
Kepler-501 c,Kepler-501,Transit,2021,,1.68119739,3.622760057,,5794.0,1.032,1125.24
Kepler-56 b,Kepler-56,Transit,2012,22.1,6.51,10.5016,,4840.0,1.32,912.994
EPIC 201841433 b,EPIC 201841433,Transit,2019,,1.04,4.1698,,5053.0,0.802,436.488
Kepler-1882 b,Kepler-1882,Transit,2021,,1.48674404,13.78730011,,5691.0,1.068,443.371
Kepler-902 b,Kepler-902,Transit,2016,,2.54,40.1099547,,5647.0,0.95,1165.34
Kepler-1987 e,Kepler-1987,Transit,2023,,1.92,8.74292005,643.0,4769.0,0.799,595.683
HD 206255 b,HD 206255,Radial Velocity,2019,34.2,,96.045,,5635.0,1.42,75.2363
Kepler-1597 b,Kepler-1597,Transit,2016,,1.06,2.94654179,,6377.0,1.25,1221.05
Kepler-22 b,Kepler-22,Transit,2011,9.1,2.1,289.863876,279.0,5596.0,0.857,194.642
HD 207897 b,HD 207897,Transit,2021,14.8,2.34302132,16.20166,581.75,5106.0,0.8208,28.2938
MOA-2010-BLG-353L b,MOA-2010-BLG-353L,Microlensing,2015,86.0,,,,,0.18,6430.0
HAT-P-70 b,HAT-P-70,Transit,2019,2154.8874,20.96083,2.74432452,2562.0,8450.0,1.89,330.739
HD 224018 b,HD 224018,Radial Velocity,2025,4.1,0.91,10.6413,968.0,5784.0,1.013,105.48
GJ 15 A b,GJ 15 A,Radial Velocity,2014,3.03,,11.4407,,3607.0,0.38,3.56228
HD 2039 b,HD 2039,Radial Velocity,2002,1999.1507,,1120.0,,5945.0,1.23,85.6922
HD 7924 b,HD 7924,Radial Velocity,2008,6.3566,,5.39792,,5131.0,0.65,16.9922
HD 9174 b,HD 9174,Radial Velocity,2016,352.7913,,1179.0,,5577.0,1.03,81.4893
ups And c,ups And,Radial Velocity,1999,629.595,,241.258,,,1.3,13.4054
HD 10180 d,HD 10180,Radial Velocity,2010,12.013974,,16.357,,5911.0,1.06,38.9607
HD 11977 b,HD 11977,Radial Velocity,2005,2080.0,,711.0,,4970.0,1.91,67.9331
HD 18742 b,HD 18742,Radial Velocity,2011,1080.622,,766.0,,4940.0,1.36,162.685
HD 21411 b,HD 21411,Radial Velocity,2019,65.9,,84.288,,5605.0,0.89,29.1328
HD 34445 c,HD 34445,Radial Velocity,2017,53.5,,214.67,,5836.0,1.07,46.0907
Kepler-575 b,Kepler-575,Transit,2016,,2.39,9.37891944,,5710.0,0.97,853.977
HD 154345 b,HD 154345,Radial Velocity,2006,376.9444907,,3280.0,,,0.89,18.284
KELT-6 c,KELT-6,Radial Velocity,2015,1179.1493,,1276.0,,6272.0,1.126,240.726
Kepler-708 b,Kepler-708,Transit,2016,,2.93,3.167891938,,5692.0,0.97,1394.22
Kepler-48 c,Kepler-48,Transit,2012,14.61,2.71,9.67395,,5194.0,0.88,306.738
TOI-4930 b,TOI-4930,Transit,2026,,6.93277225,6.78130241498,,5624.72,,413.757
GJ 9689 b,GJ 9689,Radial Velocity,2020,9.65,,18.27,453.04,3836.0,0.59,30.6203
TOI-2346 b,TOI-2346,Transit,2025,394.10722468,16.11851425,3.3312029,1689.0,6480.0,1.271,437.484
Kepler-1075 b,Kepler-1075,Transit,2016,,1.42,1.52372816,,3959.0,0.56,291.275
Kepler-170 c,Kepler-170,Transit,2014,,2.86,16.665863,,5679.0,,738.657
WASP-1 b,WASP-1,Transit,2007,271.415,16.623,2.5199454,,,1.24,393.072
GJ 724 b,GJ 724,Radial Velocity,2023,10.75,,5.101284,611.0,3799.0,0.5271,16.9658
HD 93083 b,HD 93083,Radial Velocity,2005,143.34061156,,144.72,,5033.8,0.836,28.5159
Kepler-979 b,Kepler-979,Transit,2016,,2.72,8.0880135,,5310.0,0.87,576.503
Kepler-112 b,Kepler-112,Transit,2014,,2.36,8.408878,,5544.0,,513.206
18 Del b,18 Del,Radial Velocity,2008,2926.24614325,,982.85,,4980.0,2.1,76.222
HIP 19976 b,HIP 19976,Radial Velocity,2022,21.61233168,,50.65905,,,0.67,40.2707
K2-261 b,K2-261,Transit,2018,68.96876432,9.26982704,11.6334681,1036.0,5490.0,1.107,213.283
HD 170469 b,HD 170469,Radial Velocity,2007,209.7678,,1145.0,,5842.0,1.1,60.178
K2-173 b,K2-173,Transit,2018,,1.60826194,5.868699,,5580.0,0.881538,228.641
WASP-24 b,WASP-24,Transit,2010,394.1092,15.46842,2.34121,,6075.0,1.43,322.114
Kepler-223 c,Kepler-223,Transit,2014,5.1,3.44,9.84564,,,1.125,1859.71
K2-342 b,K2-342,Transit,2021,,2.03,11.561052,861.0,5920.0,1.01,208.357
GJ 674 b,GJ 674,Radial Velocity,2007,11.09,,4.6938,,3600.0,0.35,4.54896
K2-323 b,K2-323,Transit,2020,,2.1,24.93,318.0,3710.0,0.478,118.318
HATS-36 b,HATS-36,Transit,2018,,12.92,4.175186,1203.0,5950.0,1.1,856.436
Kepler-1345 b,Kepler-1345,Transit,2016,,2.36,44.6169557,,6449.0,1.32,1355.02
Kepler-274 b,Kepler-274,Transit,2014,,1.54,11.634788,,6023.0,,1333.62
GJ 4274 c,GJ 4274,Radial Velocity,2026,8.39,,69.57,,3228.0,0.18,7.23556
Kepler-436 c,Kepler-436,Transit,2016,,2.33,16.79713874,,4685.0,0.75,588.867
Kepler-407 c,Kepler-407,Radial Velocity,2014,4000.0,,3000.0,,5476.0,1.0,338.368
Kepler-1669 b,Kepler-1669,Transit,2020,,2.78043818,9.51216,,4303.0,0.67,543.444
Kepler-134 b,Kepler-134,Transit,2014,,2.0,5.317429,,5983.0,,334.797
TOI-4633 c,TOI-4633,Transit,2024,123.0,3.2,271.9445,,5800.0,1.1,95.2016
TIC 434398831 b,TIC 434398831,Transit,2025,,3.51,3.685504,1250.0,5638.0,0.992,217.011
Kepler-181 c,Kepler-181,Transit,2014,,1.99,4.302149,,5333.0,,609.283
HD 207832 b,HD 207832,Radial Velocity,2012,177.9848,,160.07,,5726.0,1.05,58.9291
Kepler-46 c,Kepler-46,Transit Timing Variations,2012,119.499,,57.011,455.0,5155.0,0.902,777.06
GJ 163 b,GJ 163,Radial Velocity,2013,10.6,,8.63182,,,,15.1285
HATS-3 b,HATS-3,Transit,2013,340.382,15.48,3.547851,1648.0,6351.0,1.209,411.211
OGLE-2012-BLG-0406L b,OGLE-2012-BLG-0406L,Microlensing,2013,868.0,,,,,0.44,4970.0
NGC 2682 YBP 1194 b,NGC 2682 YBP 1194,Radial Velocity,2014,101.7056,,6.959,,5780.0,1.01,872.92
WASP-8 c,WASP-8,Radial Velocity,2013,3003.37,,4323.0,,,1.04,89.9606
WASP-101 b,WASP-101,Transit,2014,162.0933,16.02887,3.58572,,6380.0,1.41,201.224
CoRoT-22 b,CoRoT-22,Transit,2014,12.2,4.88,9.75598,885.0,5939.0,1.099,627.158
HIP 67851 b,HIP 67851,Radial Velocity,2015,365.50266805,,89.23,,4840.0,1.28,64.1181
Kepler-969 b,Kepler-969,Transit,2016,,2.07,34.1731714,,5214.0,0.92,390.354
Kepler-992 b,Kepler-992,Transit,2016,,1.62,20.16034462,,4944.0,0.8,259.639
Kepler-973 b,Kepler-973,Transit,2016,,1.96,49.6077331,,5213.0,0.86,328.52
Kepler-966 b,Kepler-966,Transit,2016,,4.13,99.747622,,5840.0,1.02,1027.8
Kepler-1062 b,Kepler-1062,Transit,2016,,1.76,9.30412078,,4597.0,0.75,397.455
Kepler-1799 b,Kepler-1799,Transit,2021,,4.12801189,11.9296999,,5831.0,1.016,2254.69
Kepler-1133 b,Kepler-1133,Transit,2016,,1.97,11.55562343,,5569.0,0.93,753.135
Kepler-237 c,Kepler-237,Transit,2014,,2.08,8.103636,,4861.0,,657.822
Kepler-1446 b,Kepler-1446,Transit,2016,,0.82,0.689967832,,4865.0,0.81,152.075
Kepler-438 b,Kepler-438,Transit,2015,,1.12,35.23319,,3748.0,0.544,
Kepler-428 b,Kepler-428,Transit,2014,403.63,12.11,3.52563254,1070.0,5150.0,0.87,686.284
Kepler-1462 b,Kepler-1462,Transit,2016,,3.82,65.6488341,,5756.0,1.0,1017.82
Kepler-1465 b,Kepler-1465,Transit,2016,,1.77,31.8277111,,4726.0,0.75,359.497
Kepler-1466 b,Kepler-1466,Transit,2016,,1.55,31.1750448,,5884.0,1.01,631.949
Kepler-1467 b,Kepler-1467,Transit,2016,,3.3,47.0569043,,5332.0,0.86,852.888
Kepler-1468 d,Kepler-1468,Transit,2021,,3.33187146,19.59059906,,5794.0,1.072,1899.24
Kepler-1481 b,Kepler-1481,Transit,2016,,1.23,5.94220998,,4908.0,0.8,459.076
TOI-261.02,TOI-261,Transit,2021,,3.34822227,13.03935862135,1007.53,5890.3,,114.495
Kepler-1618 b,Kepler-1618,Transit,2016,,1.26,6.10826019,,6620.0,1.41,1229.25
HIP 35173 b,HIP 35173,Radial Velocity,2019,12.7,,41.516,,4881.0,0.79,33.1562
Kepler-1717 b,Kepler-1717,Transit,2021,,2.98929758,30.65279961,,6200.0,1.158,1008.79
HD 27894 c,HD 27894,Radial Velocity,2017,51.48846,,36.07,,,0.8,43.8214
Kepler-211 b,Kepler-211,Transit,2014,,1.26,4.138575,,5123.0,,309.353
GJ 3021 b,GJ 3021,Radial Velocity,2000,1071.04,,133.71,350.0,5540.0,0.9,17.5559
KOI-351 d,KOI-351,Transit,2013,,2.87,59.73667,,6080.0,1.2,848.254
KMT-2021-BLG-2609L b,KMT-2021-BLG-2609L,Microlensing,2024,10.17050902,,,,,0.2,7480.0
Kepler-1720 b,Kepler-1720,Transit,2021,,3.21585295,12.70639992,,5573.0,0.939,629.445
HD 40307 f,HD 40307,Radial Velocity,2013,5.2,,51.76,,4956.0,0.77,12.9363
HD 45184 b,HD 45184,Radial Velocity,2019,12.19,,5.8854,,5869.0,1.03,21.9532
HD 47536 b,HD 47536,Radial Velocity,2002,2330.0,,712.13,,4380.0,2.1,122.536
HD 50554 b,HD 50554,Radial Velocity,2002,1574.464,,1293.0,,5987.0,1.04,31.1664
HD 65216 c,HD 65216,Radial Velocity,2013,645.1949,,5370.0,,5612.0,0.874,35.1205
HD 34445 e,HD 34445,Radial Velocity,2017,16.8,,49.175,,5836.0,1.07,46.0907
HD 73534 b,HD 73534,Radial Velocity,2008,353.42696,,1750.0,,4917.0,1.16,83.3321
mu Leo b,mu Leo,Radial Velocity,2014,762.8,,357.8,,4538.2,1.5,32.6081
HD 88133 b,HD 88133,Radial Velocity,2004,90.422635,,3.414884,,5392.0,1.26,73.6123
HD 110082 b,HD 110082,Transit,2021,,3.2,10.18271,,6200.0,1.21,105.096
HD 115404 A c,HD 115404 A,Radial Velocity,2022,3279.67133183,,15319.22517,,,0.83,10.9816
HD 117618 b,HD 117618,Radial Velocity,2004,55.30242,,25.8,,5990.0,1.077,37.7781
GJ 536 c,GJ 536,Radial Velocity,2025,5.89,,32.761,290.5,3641.0,0.528,10.4092
HD 127506 b,HD 127506,Radial Velocity,2022,27.333243,,65.78395,,,0.73,22.5279
HD 331093 b,HD 331093,Radial Velocity,2021,476.7426105,,621.62,,5544.0,1.03,50.1928
HIP 29442 d,TOI-469,Radial Velocity,2023,5.14,1.538,6.429575,920.0,5289.0,0.901,68.192
HD 56414 b,HD 56414,Transit,2022,,3.71,29.04992,1133.0,8500.0,1.89,272.217
HD 134606 d,HD 134606,Radial Velocity,2024,44.8,,966.5,,5576.0,1.046,26.7909
rho CrB c,rho CrB,Radial Velocity,2016,27.442,,102.036,,,1.0,17.4671
HD 145377 b,HD 145377,Radial Velocity,2008,1913.3366,,103.95,,6014.0,1.2,53.4884
HD 156098 b,HD 156098,Radial Velocity,2022,15.89142035,,21.85849,,,1.29,48.249
HAT-P-2 b,HAT-P-2,Transit,2007,2739.6946,,5.6335158,,6380.0,1.33,127.774
HD 28192 b,HD 28192,Radial Velocity,2022,99.7981198,,14.23283,,,1.08,49.8063
HD 62549 b,HD 62549,Radial Velocity,2022,2707.58019923,,14306.88519,,,1.08,49.3305
HD 87816 c,HD 87816,Radial Velocity,2025,3877.5065654,,7596.0,,4989.0,2.41,133.233
HD 155918 b,HD 155918,Radial Velocity,2022,7.62788177,,1.87567,,,1.03,27.561
HD 159243 b,HD 159243,Radial Velocity,2013,359.13,,12.62,,6123.0,1.125,73.3055
HIP 57274 b,HIP 57274,Radial Velocity,2011,6.3566,,8.1352,,4510.0,0.29,25.8618
Kepler-403 d,Kepler-403,Transit,2016,,1.42,13.61159129,,6209.0,1.25,840.269
K2-28 b,K2-28,Transit,2016,,2.32,2.260455,568.0,3214.0,0.257,62.9969
HATS-61 b,HATS-61,Transit,2018,1080.622,13.394755,7.817953,1226.1,5542.0,1.076,679.761
TOI-1410 c,TOI-1410,Radial Velocity,2024,27.0,,47.56,,4635.0,0.7941,72.7512
Kepler-292 f,Kepler-292,Transit,2014,,2.35,20.834237,,5299.0,,1056.48
Kepler-1921 b,Kepler-1921,Transit,2021,,2.89459458,20.03479958,,6120.0,1.251,928.989
Kepler-253 b,Kepler-253,Transit,2014,,1.63,3.783986,,5208.0,,838.595
HD 74698 c,HD 74698,Radial Velocity,2023,126.0,,3449.0,,5783.0,1.039,52.0648
HD 181234 b,HD 181234,Radial Velocity,2019,2980.91262925,,7593.40512,,,0.94,47.7458
K2-270 c,K2-270,Transit,2018,,2.95,4.400028,848.0,4877.0,0.85,280.518
Kepler-1471 b,Kepler-1471,Transit,2016,,1.41,3.63899398,,5660.0,0.95,978.678
TOI-2207 b,TOI-2207,Transit,2022,203.41018048,11.1529358,8.001968,1259.0,6101.0,1.296,373.345
WISPIT 2 b,WISPIT 2,Imaging,2025,1541.46777395,,,,4400.0,1.08,134.907
HD 20794 d,HD 20794,Radial Velocity,2011,2.98,,89.68,,5368.0,0.79,6.00278
Kepler-26 e,Kepler-26,Transit,2014,,2.41,46.827915,,4486.0,,335.307
POTS-1 b,POTS-1,Transit,2013,734.16,10.548,3.1606296,,4400.0,0.695,747.959
HD 221585 b,HD 221585,Radial Velocity,2016,511.7063,,1173.0,,5620.0,1.19,55.8535
HATS-70 b,HATS-70,Transit,2019,4100.007,15.513256,1.8882378,2730.0,7930.0,1.78,1458.83
TOI-2977 b,TOI-2977,Transit,2023,533.95172376,13.15934334,2.3505614,1544.0,5691.0,0.936,
Kepler-1373 b,Kepler-1373,Transit,2016,,1.16,1.29123275,,6299.0,1.22,1699.46
BD+37 3172 b,BD+37 3172,Radial Velocity,2023,3368.9811142,,1887.76,,4500.0,3.75,454.251
CoRoT-19 b,CoRoT-19,Transit,2011,352.78,14.46,3.89713,2000.0,6090.0,1.21,790.663
KOI-7368 b,KOI-7368,Transit,2022,,2.22,6.8430344,,5241.0,0.879,264.995
TOI-2518 b,TOI-2518,Transit,2026,,2.26838675,6.89797425216,,5751.2,,160.825
2MASS J0249-0557 c,2MASS J0249-0557 A,Imaging,2018,3616.88727166,17.37392009,,1723.0,,0.046,66.0613
PSR J2322-2650 b,PSR J2322-2650,Pulsar Timing,2017,252.643067,,0.322963997,,,1.4,230.0
Kepler-1887 b,Kepler-1887,Transit,2021,,2.92454357,19.94750023,,5749.0,0.961,1366.18
K2-247 c,K2-247,Transit,2018,,2.19,6.49424,688.0,4667.0,0.74,258.113
HD 111591 b,HD 111591,Radial Velocity,2017,1398.452,,1056.4,,4884.0,1.94,114.166
HIP 8541 b,HIP 8541,Radial Velocity,2016,2451.7283316,,1852.14387,,,2.009,155.121
KMT-2017-BLG-2197L b,KMT-2017-BLG-2197L,Microlensing,2025,2809.60311788,,,,,0.36,7800.0
KOI-351 g,KOI-351,Transit,2013,15.0,,210.73514,,,1.242,848.254
Kepler-375 b,Kepler-375,Transit,2014,,1.45,12.125934,,5826.0,,1238.81
Kepler-508 b,Kepler-508,Transit,2016,,1.64,25.30889748,,6025.0,1.16,324.618
Kepler-1234 b,Kepler-1234,Transit,2016,,2.81,11.94014029,,4967.0,0.8,916.749
K2-231 b,K2-231,Transit,2018,,2.5,13.841901,,5695.0,1.01,321.215
Kepler-265 c,Kepler-265,Transit,2014,,2.63,17.028937,,5835.0,,1280.25
Kepler-808 b,Kepler-808,Transit,2016,,1.46,0.631332353,,4653.0,0.76,
K2-15 b,K2-15,Transit,2015,,2.48,11.8104,676.0,5131.0,0.72,493.992
K2-247 b,K2-247,Transit,2018,,2.12,2.25021,979.0,4667.0,0.74,258.113
Kepler-1670 b,Kepler-1670,Transit,2020,,3.3564801,20.4998,,5838.0,1.05,2065.98
Kepler-247 c,Kepler-247,Transit,2014,,4.09,9.439452,,5100.0,,663.711
Kepler-1542 b,Kepler-1542,Transit,2016,,0.76,3.95116882,,5564.0,0.94,399.114
Kepler-300 b,Kepler-300,Transit,2014,,1.67,10.446347,,5986.0,,1098.45
Kepler-720 b,Kepler-720,Transit,2016,,8.41,4.708326542,,5618.0,0.95,1065.37
Kepler-1066 b,Kepler-1066,Transit,2016,,2.36,1.931559839,,5762.0,0.98,344.251
Kepler-1629 b,Kepler-1629,Transit,2016,,0.77,3.87595807,,5776.0,1.01,336.09
HATS-33 b,HATS-33,Transit,2016,378.85336,13.78707,2.5495551,1429.0,5659.0,1.062,248.46
Kepler-120 c,Kepler-120,Transit,2014,,1.53,12.794585,,4096.0,,388.63
Kepler-228 b,Kepler-228,Transit,2014,,1.53,2.566546,,6043.0,,1644.61
Kepler-62 d,Kepler-62,Transit,2013,14.0,1.95,18.16406,510.0,4925.0,0.69,300.874
HAT-P-8 b,HAT-P-8,Transit,2008,406.8224,15.6926,3.07634,,6200.0,1.27,211.553
Kepler-1834 b,Kepler-1834,Transit,2021,,1.4593834,4.603010178,,4821.0,0.765,500.395
Kepler-299 d,Kepler-299,Transit,2014,,1.86,15.054786,,5617.0,,1052.24
Kepler-1603 b,Kepler-1603,Transit,2016,,1.29,2.27163926,,6241.0,1.21,2712.58
Kepler-1367 b,Kepler-1367,Transit,2016,,0.92,1.574090272,,4106.0,0.62,401.484
OGLE-2013-BLG-1721L b,OGLE-2013-BLG-1721L,Microlensing,2017,200.0,,,,,0.46,6300.0
Kepler-1666 b,Kepler-1666,Transit,2020,,2.88273782,25.8476,,6293.0,1.23,1379.37
Kepler-1447 b,Kepler-1447,Transit,2016,,2.9,56.6747285,,5722.0,0.97,890.296
HD 134060 b,HD 134060,Radial Velocity,2019,10.1,,3.2696,,5966.0,1.095,24.0125
KMT-2023-BLG-1431L b,KMT-2023-BLG-1431L,Microlensing,2024,13.6,,,,,0.57,6800.0
Kepler-271 d,Kepler-271,Transit,2016,,0.66,5.24972541,,5555.0,0.9,404.542
Kepler-269 c,Kepler-269,Transit,2014,,1.69,8.127899,,5847.0,,2257.32
Kepler-821 b,Kepler-821,Transit,2016,,1.31,1.92279873,,5191.0,0.84,614.571
Kepler-461 b,Kepler-461,Transit,2016,,2.58,8.313783059,,5634.0,0.98,692.158
Kepler-875 b,Kepler-875,Transit,2016,,2.9,27.5073799,,5958.0,1.06,1242.62
HATS-12 b,HATS-12,Transit,2016,,7.76,3.142702,1446.0,6357.0,1.16,746.138
KMT-2023-BLG-1743L b,KMT-2023-BLG-1743L,Microlensing,2024,6356.56814,,,,,0.11,7130.0
OGLE-2018-BLG-1428L b,OGLE-2018-BLG-1428L,Microlensing,2021,240.0,,,,,0.43,6220.0
Kepler-680 b,Kepler-680,Transit,2016,,2.42,3.689926291,,5890.0,1.08,1492.48
Kepler-50 b,Kepler-50,Transit,2012,,1.71,7.81254,,6225.0,1.24,250.11
TOI-778 b,TOI-778,Transit,2023,878.0,15.4,4.633611,1561.0,6643.0,1.4,161.743
HAT-P-49 b,HAT-P-49,Transit,2014,699.226,17.82231,2.69155,,6820.0,2.22,350.351
K2-255 b,K2-255,Transit,2018,,2.9,1.96417,1034.0,4676.0,0.71,191.608
Kepler-212 c,Kepler-212,Transit,2014,,2.74,31.805174,,5852.0,,687.194
HD 96127 b,HD 96127,Radial Velocity,2011,1207.7479466,,638.9,,3943.0,0.91,587.659
HD 202696 c,HD 202696,Radial Velocity,2019,592.43512,,946.6,,5040.0,1.91,188.546
Kepler-1663 b,Kepler-1663,Transit,2020,,3.30395896,17.6046,,3844.0,0.610816,337.926
K2-185 b,K2-185,Transit,2018,,1.15,10.616384,809.0,5788.0,0.96,268.357
Kepler-917 b,Kepler-917,Transit,2016,,1.91,2.970414375,,5418.0,0.8,3460.51
TOI-2084 b,TOI-2084,Transit,2023,,2.47,6.0784247,527.0,3551.0,0.453,114.549
Kepler-57 c,Kepler-57,Transit,2012,6.86,2.196,11.6,,5187.9,0.859,644.14
Kepler-188 b,Kepler-188,Transit,2014,,1.68,2.061897,,6021.0,,968.544
GJ 667 C g,GJ 667 C,Radial Velocity,2013,4.6,,256.2,,3350.0,0.33,7.24396
OGLE-2007-BLG-349L AB c,OGLE-2007-BLG-349L A,Microlensing,2016,80.0,,2557.0,,,0.41,2760.0
HD 110537 b,HD 110537,Radial Velocity,2022,8612.83200129,,24469.67342,,,1.02,45.0858
TOI-4127 b,TOI-4127,Transit,2023,743.71847238,12.07,56.3987,556.0,6096.0,1.23,319.632
Kepler-1801 b,Kepler-1801,Transit,2021,,2.70926154,10.44089985,,5738.0,0.936,839.332
K2-185 c,K2-185,Transit,2018,,2.39,52.713494,477.0,5788.0,0.96,268.357
Kepler-1851 b,Kepler-1851,Transit,2021,,3.90012032,12.02289963,,5982.0,0.967,1589.81
TOI-4898 b,TOI-4898,Transit,2026,,3.7197954,2.76520470167,,4201.57,,98.5958
Kepler-364 b,Kepler-364,Transit,2014,,1.55,25.745718,,6108.0,,891.462
Kepler-645 b,Kepler-645,Transit,2016,,2.1,3.275822621,,6170.0,1.13,1173.57
Kepler-303 b,Kepler-303,Transit,2014,,0.89,1.937055,,3944.0,,209.738
iot Dra b,iot Dra,Radial Velocity,2002,3756.73177074,,510.8544,,4504.0,1.54,31.32832
HD 108874 b,HD 108874,Radial Velocity,2002,451.3186,,394.48123,,5600.0,1.1,59.5175
Kepler-1473 b,Kepler-1473,Transit,2016,,1.19,14.4273551,,6046.0,1.09,652.253
Kepler-272 c,Kepler-272,Transit,2014,,1.79,6.057342,,5297.0,,889.608
Kepler-990 b,Kepler-990,Transit,2016,,2.6,9.91723428,,5948.0,1.05,802.163
WASP-29 b,WASP-29,Transit,2010,73.1009,8.63093,3.92273,,4800.0,0.77,87.5953
Kepler-92 d,Kepler-92,Transit,2015,,2.067,49.3568,,5904.34,1.07,477.992
HD 40307 d,HD 40307,Radial Velocity,2009,9.5,,20.432,,4956.0,0.77,12.9363
HD 79181 b,HD 79181,Radial Velocity,2021,203.41018048,,273.1,,4862.0,1.28,103.335
HD 87816 b,HD 87816,Radial Velocity,2025,2142.16346318,,484.17,,4989.0,2.41,133.233
K2-110 b,K2-110,Transit,2017,15.9,2.592,13.86375,638.0,5010.0,0.738,116.474
Kepler-1546 b,Kepler-1546,Transit,2016,,3.13,19.5974971,,5623.0,0.95,931.956
HD 206893 c,HD 206893,Imaging,2022,3527.8953177,,2290.0,,,1.31,40.7583
Kepler-1067 b,Kepler-1067,Transit,2016,,0.8,0.762129261,,5592.0,0.95,667.693
NGTS-16 b,NGTS-16,Transit,2021,211.99154747,14.57167491,4.84532,1177.0,5550.0,1.002,898.168
Kepler-403 b,Kepler-403,Transit,2014,,1.25,7.031462,,6090.0,,840.269
Kepler-297 d,Kepler-297,Transit,2023,,32.6,150.0189511,325.0,5618.0,0.846,692.14
Kepler-1395 b,Kepler-1395,Transit,2016,,0.8,3.78470649,,6138.0,1.17,492.894
Kepler-431 d,Kepler-431,Transit,2015,,1.11,11.922,856.0,6004.0,1.071,486.546
Kepler-306 d,Kepler-306,Transit,2014,,2.47,17.326644,,4954.0,,775.679
Kepler-791 b,Kepler-791,Transit,2016,,3.05,14.5539759,,6383.0,1.3,1266.34
Kepler-170 b,Kepler-170,Transit,2014,,3.2,7.930592,,5679.0,,738.657
Kepler-1485 b,Kepler-1485,Transit,2016,,1.47,19.9157725,,6087.0,1.11,615.66
K2-75 c,K2-75,Transit,2016,,2.77,18.311,,5995.0,1.16,561.93
MOA-2008-BLG-310L b,MOA-2008-BLG-310L,Microlensing,2009,23.4,,,,,0.21,7700.0
Kepler-350 d,Kepler-350,Transit,2013,14.9,2.8,26.136,,,1.0,956.859
Kepler-430 b,Kepler-430,Transit,2015,,3.25,35.968,667.0,5884.0,1.166,917.477
TOI-4479 b,TOI-4479,Transit,2022,,2.82,1.1589,861.0,3400.0,0.452,80.6532
TOI-444 b,TOI-444,Transit,2023,,2.77,17.9636,609.0,5225.0,0.96,57.3973
K2-384 e,K2-384,Transit,2022,,1.345,9.715043,,3623.0,0.33,82.6603
Kepler-392 c,Kepler-392,Transit,2014,,1.1,10.423118,,5938.0,,681.428
TOI-6448 b,TOI-6448,Transit,2025,,8.47398941,14.844261,745.0,5910.0,1.03,386.879
Kepler-478 b,Kepler-478,Transit,2016,,2.71,13.2217576,,5210.0,0.85,
Kepler-671 b,Kepler-671,Transit,2016,,2.69,4.280958588,,5624.0,0.97,1168.26
Kepler-398 c,Kepler-398,Transit,2014,,1.01,11.419412,,4493.0,,177.355
Kepler-249 c,Kepler-249,Transit,2014,,1.51,7.113702,,3568.0,,190.401
Kepler-331 c,Kepler-331,Transit,2014,,1.84,17.28111,,4347.0,,580.119
KOI-1599.02,KOI-1599,Transit,2019,9.0,1.9,13.6088,,,1.02,1131.64
Kepler-196 d,Kepler-196,Transit,2021,,2.66065673,122.0800018,,5132.0,0.805,451.312
Kepler-880 c,Kepler-880,Transit,2023,,2.87,11.8061737,1407.0,6900.0,1.714,601.324
HD 142022 A b,HD 142022 A,Radial Velocity,2005,1411.1652,,1928.0,,5421.0,0.9,34.2802
HATS-22 b,HATS-22,Transit,2017,870.8542,10.682177,4.7228124,858.0,4803.0,0.759,229.518
Kepler-617 b,Kepler-617,Transit,2016,,1.32,1.682696148,,3712.0,0.51,173.354
TOI-4030 b,TOI-4030,Transit,2026,,5.8462559,2.50900199461,,5640.37,,571.615
HD 205739 b,HD 205739,Radial Velocity,2008,435.41,,279.8,,6176.0,1.22,92.5087
HD 144899 b,HD 144899,Radial Velocity,2022,20.34101805,,40.43914,,,1.16,115.665
Kepler-1894 b,Kepler-1894,Transit,2021,,1.20117759,2.762660027,,5772.0,0.999,935.191
Kepler-1460 b,Kepler-1460,Transit,2016,,1.96,29.9633247,,4422.0,0.7,553.218
Kepler-189 c,Kepler-189,Transit,2014,,2.38,20.134866,,5235.0,,591.534
K2-207 b,K2-207,Transit,2018,,2.60585269,12.48749,,5522.0,0.941851,363.064
Kepler-490 b,Kepler-490,Transit,2016,,11.65,3.268695154,,6045.0,1.08,1523.0
Kepler-1834 c,Kepler-1834,Transit,2023,,1.22,0.766691517,1541.0,4821.0,0.765,500.395
GJ 876 b,GJ 876,Radial Velocity,1998,723.2235,,61.1166,,,0.32,4.67517
HD 4732 b,HD 4732,Radial Velocity,2012,631.2072163,,371.74,,4898.0,1.39,54.7841
Kepler-301 b,Kepler-301,Transit,2014,,1.35,2.508553,,5815.0,,719.166
Kepler-209 b,Kepler-209,Transit,2014,,2.26,16.087845,,5513.0,,576.946
K2-132 b,K2-132,Transit,2017,155.7367,14.5717,9.1751,,4840.0,1.08,609.818
Kepler-242 c,Kepler-242,Transit,2014,,2.0,14.496481,,5020.0,,600.241
Kepler-1677 b,Kepler-1677,Transit,2020,,2.70216183,22.064,,6013.72,1.11,735.369
TOI-2095 c,TOI-2095,Transit,2023,7.4,1.33,28.17232,297.0,3759.0,0.44,41.9176
HIP 79431 b,HIP 79431,Radial Velocity,2009,667.415,,111.7,,3191.0,0.49,14.5324
WASP-167 b,WASP-167,Transit,2017,2542.64,17.71022,2.0219596,2329.0,7000.0,1.59,423.552
Kepler-267 d,Kepler-267,Transit,2014,,2.27,28.464515,,4258.0,,264.993
Kepler-440 b,Kepler-440,Transit,2015,,1.86,101.11141,,4134.0,0.575,301.03
TOI-892 b,TOI-892,Transit,2020,301.9385,11.99363,10.62656,1397.0,6261.0,1.28,340.543
K2-64 b,K2-64,Transit,2016,,2.07,6.53044,,5312.0,0.741,499.891
Kepler-1780 b,Kepler-1780,Transit,2021,,3.60600667,109.4449997,,5403.0,0.868,790.516
Kepler-244 d,Kepler-244,Transit,2014,,2.31,20.050401,,5554.0,,1036.49
Kepler-960 b,Kepler-960,Transit,2016,,2.29,3.12686223,,4755.0,0.77,284.916
2MASS J04414489+2301513 b,2MASS J04414489+2301513,Imaging,2010,2383.6,,,,,0.019,
K2-269 b,K2-269,Transit,2018,,1.57,4.144965,1429.0,6209.0,1.16,360.76
GJ 876 c,GJ 876,Radial Velocity,2000,226.9846,,30.0881,,,0.32,4.67517
Kepler-11 e,Kepler-11,Transit,2010,8.0,4.19,31.9996,,5663.0,0.961,646.346
TOI-6695 c,TOI-6695,Radial Velocity,2025,460.85119015,,242.4,415.0,6400.0,1.338,282.536
K2-277 b,K2-277,Transit,2018,,2.18575124,6.326768,1049.0,5680.0,0.974,113.123
Kepler-1515 b,Kepler-1515,Transit,2016,,9.55,214.3114164,,6511.0,1.3,539.321
Kepler-108 b,Kepler-108,Transit,2014,,8.65,49.183921,,5854.0,,338.732
USco CTIO 108 b,USco CTIO 108,Imaging,2008,4449.62,,,,2700.0,0.06,144.019
Gaia-5 b,Gaia-5,Astrometry,2025,6633.07885409,,358.62,,3447.0,0.339,41.1813
K2-329 b,K2-329,Transit,2020,82.6358,8.675766,12.4551225,650.0,5282.0,0.901,233.237
Kepler-311 d,Kepler-311,Transit,2023,,2.05,232.040326,327.0,5903.0,0.974,778.654
Kepler-178 b,Kepler-178,Transit,2014,,2.9,9.576694,,5676.0,,716.025
Kepler-327 b,Kepler-327,Transit,2014,,1.11,2.549575,,3799.0,,241.987
HIP 38594 b,HIP 38594,Radial Velocity,2020,8.1,,60.722,,,0.61,17.7886
HD 72892 b,HD 72892,Radial Velocity,2016,1737.88572948,,39.44603,,,1.01,69.7311
K2-331 b,K2-331,Transit,2021,,1.79,9.398977,909.0,5994.0,1.1,211.43
HD 75898 b,HD 75898,Radial Velocity,2007,810.46243785,,422.82,,6122.0,1.295,78.0505
HD 47186 b,HD 47186,Radial Velocity,2008,22.2481,,4.0845,,5657.0,0.96,37.4574
Kepler-1651 b,Kepler-1651,Transit,2017,,1.84,9.87863917,,3713.0,0.522,66.4074
Kepler-1134 b,Kepler-1134,Transit,2016,,2.64,17.13263989,,5281.0,0.84,944.445
TOI-2081 b,TOI-2081,Transit,2022,,2.04,10.50534,488.0,3800.0,0.54,62.3446
Kepler-608 b,Kepler-608,Transit,2016,,3.64,6.412515037,,5820.0,1.0,946.683
Kepler-278 c,Kepler-278,Transit,2014,34.9,3.268,51.111,492.0,4965.0,1.227,443.03
Kepler-1137 b,Kepler-1137,Transit,2016,,2.2,23.9210791,,6807.0,1.5,921.778
Kepler-1641 c,Kepler-1641,Transit,2016,,2.95,32.657212,,6152.0,1.12,860.37
WASP-81 b,WASP-81,Transit,2017,231.69807,16.017661,2.7164762,1623.0,5870.0,1.08,398.505
Kepler-1080 b,Kepler-1080,Transit,2016,,3.28,77.2548396,,5956.0,1.1,1382.82
Kepler-1987 c,Kepler-1987,Transit,2023,,1.33,3.64830183,860.0,4769.0,0.799,595.683
MOA-2009-BLG-266L b,MOA-2009-BLG-266L,Microlensing,2011,10.4,,2800.0,,,0.56,3040.0
TIC 38825265 b,TIC 38825265,Transit,2026,,2.18869476,3.31336980985,,4375.52,,165.638
Kepler-160 c,Kepler-160,Transit,2014,,3.76,13.699429,,5471.0,,937.013
Kepler-102 e,Kepler-102,Transit,2013,4.7,2.17,16.1456994,590.0,4909.0,0.803,107.796
Kepler-1833 b,Kepler-1833,Transit,2021,,1.30027362,6.892129898,,6164.0,1.286,591.602
Kepler-1890 b,Kepler-1890,Transit,2021,,0.86867375,4.820590019,,6046.0,1.024,529.596
TIC 237913194 b,TIC 237913194,Transit,2020,617.22586,12.520453,15.168865,974.0,5788.0,1.026,306.063
K2-182 b,K2-182,Transit,2018,20.97667486,2.71257333,4.7369696,965.8,5128.0,0.823,154.83
Kepler-226 c,Kepler-226,Transit,2014,,2.27,5.349555,,5571.0,,980.138
HD 210702 b,HD 210702,Radial Velocity,2007,481.5100366,,355.5,,4912.0,1.33,54.1963
Kepler-259 b,Kepler-259,Transit,2014,,2.8,8.115317,,5938.0,,1002.14
Kepler-244 b,Kepler-244,Transit,2014,,2.76,4.311792,,5554.0,,1036.49
TOI-4156 c,TOI-4156,Transit,2026,,2.92303762,12.82282706375,,5971.64,,213.719
Wolf 1061 d,Wolf 1061,Radial Velocity,2015,7.7,,217.21,,3342.0,0.294,4.30592
TOI-5489 c,TOI-5489,Transit,2025,,1.28,4.92126,536.0,3547.0,0.41,45.0907
G 9-40 b,G 9-40,Transit,2019,4.0,1.9,5.7459982,440.6,3395.0,0.2952,27.9276
Kepler-449 b,Kepler-449,Transit,2015,,2.056,12.58242,,5649.18,,241.949
TOI-3493 b,TOI-3493,Transit,2025,8.97,3.22,8.1594667,1102.0,5844.0,1.023,96.7224
Kepler-1448 b,Kepler-1448,Transit,2016,,1.61,12.27065865,,5774.0,0.95,768.903
Kepler-741 b,Kepler-741,Transit,2016,,2.97,7.03902374,,6129.0,1.16,1661.87
Kepler-4 b,Kepler-4,Transit,2009,24.472,4.002,3.21346,1650.0,5857.0,1.223,487.916
Kepler-203 b,Kepler-203,Transit,2014,,2.57,3.162697,,5821.0,,703.302
KMT-2024-BLG-1044L b,KMT-2024-BLG-1044L,Microlensing,2024,7.75,,,,,0.069,7140.0
NGTS-1 b,NGTS-1,Transit,2017,258.07796,14.90797,2.647298,790.0,3916.0,0.617,218.121
HD 125612 b,HD 125612,Radial Velocity,2007,945.22168242,,557.69994,,,1.05,57.6207
OGLE-2018-BLG-1119L b,OGLE-2018-BLG-1119L,Microlensing,2022,289.22385037,,,,,0.48,5760.0
Kepler-349 c,Kepler-349,Transit,2014,,1.96,12.247629,,5956.0,,940.724
Kepler-171 d,Kepler-171,Transit,2014,,1.89,39.595519,,5642.0,,863.855
Kepler-968 c,Kepler-968,Transit,2016,,1.69,5.709404918,,4598.0,0.76,290.324
OGLE-2005-BLG-169L b,OGLE-2005-BLG-169L,Microlensing,2006,14.1,,,,,0.69,4100.0
TOI-5340 b,TOI-5340,Transit,2025,270.15414595,15.07607904,4.9394392,1566.0,5990.0,1.35,532.629
HD 220074 b,HD 220074,Radial Velocity,2012,5288.6912,,672.09998,,3787.0,2.2,324.54
Kepler-329 c,Kepler-329,Transit,2014,,1.93,18.684737,,4257.0,,439.719
WASP-87 b,WASP-87,Transit,2016,692.8694,15.524465,1.682795,,6450.0,1.204,298.392
WASP-44 b,WASP-44,Transit,2011,276.5121,12.3299,2.423804,1337.0,5420.0,0.935,364.512
Kepler-448 c,KOI-12,Transit Timing Variations,2017,6992.26,,2500.0,,,1.5,399.398
HATS-59 c,HATS-59,Radial Velocity,2018,4036.441,,1422.0,175.9,5670.0,1.038,642.884
TOI-938 b,TOI-938,Transit,2026,,4.82401567,8.80733882211,,5829.42,,215.034
Kepler-1095 b,Kepler-1095,Transit,2016,,1.21,4.27103091,,5658.0,0.94,792.522
Kepler-798 b,Kepler-798,Transit,2016,,2.39,13.71933369,,6224.0,1.19,972.274
TOI-2373 b,TOI-2373,Transit,2023,2955.8041851,10.42435205,13.33668,860.0,5651.0,1.041,508.686
Kepler-1654 b,Kepler-1654,Transit,2018,158.915,9.180171,1047.8356,206.0,5597.0,1.011,568.117
Kepler-1170 b,Kepler-1170,Transit,2016,,2.41,9.98969327,,5069.0,0.8,1050.45
TYC 2187-512-1 b,TYC 2187-512-1,Radial Velocity,2022,104.88337431,,691.9,,3734.0,0.498,15.4744
TOI-1743 b,TOI-1743,Transit,2025,,1.83,4.266046,485.0,3277.0,0.339,41.2758
YZ Cet b,YZ Cet,Radial Velocity,2017,0.7,,2.02087,471.2,3151.0,0.142,3.71207
Kepler-280 b,Kepler-280,Transit,2014,,1.45,2.139542,,5744.0,,780.361
GJ 3988 b,GJ 3988,Radial Velocity,2023,3.69,,6.9442,348.0,3273.0,0.1842,9.9105
K2-140 b,K2-140,Transit,2017,295.58041851,13.56286665,6.569188,962.0,5585.0,0.96,347.917
WASP-50 b,WASP-50,Transit,2011,466.828704,13.069694,1.9551,1394.84,5400.0,0.892,184.848
Kepler-102 b,Kepler-102,Transit,2014,1.1,0.46,5.286965,857.0,4909.0,0.803,107.796
HD 124330 b,HD 124330,Radial Velocity,2021,238.37130525,,270.66,,5873.0,1.15,60.1977
TOI-3896 b,TOI-3896,Transit,2026,,3.14949237,4.37730369667,,5110.91,,181.653
Kepler-1281 b,Kepler-1281,Transit,2016,,1.64,3.11602791,,5353.0,0.87,
Kepler-1129 c,Kepler-1129,Transit,2016,,2.73,76.5369586,,5831.0,1.0,1183.88
Kepler-1623 b,Kepler-1623,Transit,2016,,1.31,4.36128348,,5772.0,1.0,837.481
KMT-2019-BLG-0253L b,KMT-2019-BLG-0253L,Microlensing,2022,9.2,,,,,0.7,4900.0
OGLE-2018-BLG-0932L b,OGLE-2018-BLG-0932L,Microlensing,2022,282.86728223,,,,,0.72,6620.0
Kepler-1876 b,Kepler-1876,Transit,2021,2.4,0.853,6.99205,1299.0,6104.0,1.187,259.935
TOI-5398 c,TOI-5398,Transit,2023,11.8,3.52,4.77271,1242.0,6000.0,1.146,130.855
GJ 504 b,GJ 504,Imaging,2013,1271.3,,,510.0,6234.0,1.22,17.5299
K2-405 b,K2-405,Transit,2022,,4.569,3.435471,,4927.0,1.034,197.234
Kepler-1114 b,Kepler-1114,Transit,2016,,1.35,14.97435694,,5374.0,0.87,418.417
Kepler-637 b,Kepler-637,Transit,2016,,4.75,23.20584623,,6096.0,1.64,786.091
Kepler-1440 b,Kepler-1440,Transit,2016,,1.26,39.859484,,5698.0,0.98,1115.35
TOI-2120 b,TOI-2120,Transit,2024,6.8,2.122,5.7998164,384.0,3131.0,0.211,32.1755
K2-374 b,K2-374,Transit,2022,,1.593,4.521953,,5789.0,0.731,359.439
Kepler-481 b,Kepler-481,Transit,2016,,2.5,10.06082567,,5802.0,1.01,813.724
Kepler-1679 b,Kepler-1679,Transit,2020,,2.0692036,9.75376,,5501.0,0.96,909.28
HD 88986 b,HD 88986,Radial Velocity,2023,17.2,2.49,146.05,460.0,5861.0,1.25,33.2673
HD 191939 d,HD 191939,Transit,2020,2.8,2.995,38.353037,540.0,5348.0,0.81,53.6089
Kepler-1223 b,Kepler-1223,Transit,2016,,1.22,16.301259,,4870.0,0.8,459.957
Kepler-1220 b,Kepler-1220,Transit,2016,,1.52,7.42693741,,5842.0,1.0,961.907
K2-36 c,K2-36,Transit,2016,7.9,3.2,5.340888,854.0,4916.0,0.79,109.749
Kepler-1286 b,Kepler-1286,Transit,2016,,2.15,11.25402929,,5753.0,1.0,1354.46
Kepler-1604 b,Kepler-1604,Transit,2016,,1.41,0.683684256,,4976.0,0.81,541.189
GJ 433 d,GJ 433,Radial Velocity,2020,5.223,,36.059,,,0.48,9.06456
HD 25723 b,HD 25723,Radial Velocity,2020,794.5710175,,457.01,,4766.0,2.12,114.816
Kepler-386 b,Kepler-386,Transit,2014,,1.39,12.31043,,5178.0,,882.462
K2-3 c,K2-3,Transit,2015,2.68,1.582,24.646729,371.8,3844.0,0.549,44.0727
HIP 97166 c,HIP 97166,Radial Velocity,2021,8.0,,16.432,,5216.0,0.9342,65.9501
Kepler-1796 b,Kepler-1796,Transit,2021,,2.75047868,29.4557991,,6036.0,1.018,825.883
TOI-262 b,TOI-262,Transit,2023,,2.07,11.14529,584.0,5310.0,0.913,43.932
OGLE-2018-BLG-0677L b,OGLE-2018-BLG-0677L,Microlensing,2020,3.96,,,,,0.12,7580.0
Kepler-863 b,Kepler-863,Transit,2016,,2.9,15.59461874,,5678.0,0.96,1499.66
TOI-6628 b,TOI-6628,Transit,2025,235.19302118,10.98480109,18.18424,833.0,5463.0,0.97,320.527
Kepler-1388 e,Kepler-1388,Transit,2016,,2.46,37.6327084,,4098.0,0.63,453.795
Kepler-562 b,Kepler-562,Transit,2016,,5.21,18.009314436,,5575.0,0.93,992.769
Barnard c,Barnard's star,Radial Velocity,2025,0.335,,4.1244,400.0,3195.0,0.162,1.82655
Kepler-1716 b,Kepler-1716,Transit,2021,,2.4247685,35.58100128,,4894.0,0.753,195.439
Kepler-1149 b,Kepler-1149,Transit,2016,,1.44,3.73089898,,5833.0,1.02,1217.73
K2-183 d,K2-183,Transit,2018,,2.3,22.620344,,5482.0,,329.041
HD 76700 b,HD 76700,Radial Velocity,2002,66.7443,,3.97097,,5644.0,0.99,60.8831
Kepler-651 b,Kepler-651,Transit,2016,,2.37,21.38521506,,5522.0,0.92,509.408
TOI-1680 b,TOI-1680,Transit,2023,,1.466,4.8026345,404.0,3225.0,0.1798,37.2209
Kepler-235 c,Kepler-235,Transit,2014,,1.28,7.824904,,4255.0,,428.018
WASP-23 b,WASP-23,Transit,2010,280.95,10.783,2.9444256,,5150.0,0.78,207.49
Kepler-1988 b,Kepler-1988,Transit,2023,,1.53,11.49500229,1105.0,6033.0,1.127,513.426
Kepler-258 c,Kepler-258,Transit,2014,,3.61,33.653079,,4942.0,,575.988
Kepler-1831 b,Kepler-1831,Transit,2021,,1.97019818,5.78387022,,6063.0,1.117,1053.49
GJ 422 b,GJ 422,Radial Velocity,2014,11.07,,20.129,,,0.35,12.6631
Kepler-1162 b,Kepler-1162,Transit,2016,,2.21,32.5637069,,5390.0,0.89,940.211
Kepler-1055 b,Kepler-1055,Transit,2016,,1.23,2.295036233,,5723.0,0.98,389.397
K2-181 b,K2-181,Transit,2018,,2.69,6.8941,949.0,5528.0,0.96,360.911
Kepler-162 c,Kepler-162,Transit,2014,,3.03,19.446355,,5816.0,,855.641
Kepler-1787 b,Kepler-1787,Transit,2021,,2.31898181,39.31370163,,6060.0,1.008,778.602
Kepler-2001 b,Kepler-2001,Transit,2023,,1.04,1.090011003,1402.0,5081.0,0.864,776.55
HIP 111909 b,HIP 111909,Radial Velocity,2025,384.57237247,,487.08,,4891.0,1.28,88.077
WASP-158 b,WASP-158,Transit,2018,886.7457,11.99363,3.656333,1590.0,6350.0,1.38,524.993
Kepler-208 c,Kepler-208,Transit,2014,,1.39,7.466623,,6092.0,,775.328
Kepler-56 c,Kepler-56,Transit,2012,181.0,9.8,21.40239,,4840.0,1.32,912.994
K2-206 b,K2-206,Transit,2018,,2.79522879,18.294549,,5043.0,0.789481,244.443
Kepler-1109 b,Kepler-1109,Transit,2016,,2.19,37.6467384,,5893.0,1.05,685.087
K2-148 b,K2-148,Transit,2018,,1.33,4.38395,,4079.0,0.65,124.458
Kepler-1878 b,Kepler-1878,Transit,2021,,2.92019781,4.445879936,,5918.0,0.956,1494.3
Kepler-292 c,Kepler-292,Transit,2014,,1.47,3.715335,,5299.0,,1056.48
TOI-2145 b,TOI-2145,Transit,2023,1805.26535176,12.24020692,10.261128,,6206.0,1.71,224.731
KMT-2019-BLG-1552L b,KMT-2019-BLG-1552L,Microlensing,2022,1287.20504835,,,,,0.79,4600.0
Kepler-1877 b,Kepler-1877,Transit,2021,,0.624086,2.377569914,,5615.0,1.022,285.312
Kepler-36 c,Kepler-36,Transit,2012,7.13,3.679,16.21865,,5979.0,1.034,527.956
HATS-57 b,HATS-57,Transit,2019,1000.21101,12.767051,2.350621,1413.4,5587.0,1.026,279.485
Kepler-280 c,Kepler-280,Transit,2014,,2.01,4.807091,,5744.0,,780.361
K2-352 b,K2-352,Transit,2021,,1.37,3.665912,1160.0,5791.0,0.98,176.051
Kepler-1210 b,Kepler-1210,Transit,2016,,1.7,8.07124073,,5568.0,0.94,1176.53
Kepler-1791 b,Kepler-1791,Transit,2021,,3.12103321,7.720860004,,5887.0,0.985,602.218
TOI-406 c,TOI-406,Transit,2024,2.08,1.32,3.307441,584.0,3392.0,0.408,31.0597
GJ 180 c,GJ 180,Radial Velocity,2014,6.4,,24.329,,3371.0,0.43,11.9407
Kepler-256 e,Kepler-256,Transit,2014,,2.35,10.681572,,5551.0,,1026.43
Kepler-958 b,Kepler-958,Transit,2016,,2.06,9.7678805,,5421.0,0.91,449.773
Kepler-318 c,Kepler-318,Transit,2014,,3.68,11.815007,,5746.0,,489.141
BD+55 362 b,BD+55 362,Radial Velocity,2021,228.83645304,,265.59,,5012.0,0.909,52.5697
Kepler-1376 b,Kepler-1376,Transit,2016,,1.05,5.30880656,,5659.0,0.98,868.056
Kepler-1179 b,Kepler-1179,Transit,2016,,1.32,2.685057492,,5212.0,0.84,415.205
Kepler-1464 b,Kepler-1464,Transit,2016,,1.66,31.7785901,,5828.0,1.02,1151.73
Kepler-1668 b,Kepler-1668,Transit,2020,,4.34764405,15.434,,5542.0,0.98,1335.64
Kepler-1203 b,Kepler-1203,Transit,2016,,1.06,0.588000765,,4105.0,0.64,317.022
Kepler-1148 b,Kepler-1148,Transit,2016,,1.69,1.104463509,,5054.0,0.81,625.692
Kepler-1825 b,Kepler-1825,Transit,2021,,1.42200732,1.025869966,,5123.0,0.828,430.254
Kepler-493 b,Kepler-493,Transit,2016,,15.13,3.003876581,,6457.0,1.36,1745.77
HD 168443 c,HD 168443,Radial Velocity,2000,5500.33841154,,1753.1096,,,0.98,39.6245
Kepler-311 c,Kepler-311,Transit,2014,,1.43,19.738286,,5905.0,,778.654
OGLE-2013-BLG-0132L b,OGLE-2013-BLG-0132L,Microlensing,2017,92.0,,,,,0.54,3900.0
K2-138 e,K2-138,Transit,2017,12.97,3.39,8.26146,,5356.3,0.935,202.585
NGTS-30 b,NGTS-30,Transit,2024,305.11527072,10.40193409,98.29838,500.0,5455.0,0.94,238.377
Kepler-32 e,Kepler-32,Transit,2012,,1.5,2.896,,3900.0,0.58,323.847
Ross 508 b,Ross 508,Radial Velocity,2022,4.0,,10.77,,3071.0,0.1774,11.2103
Kepler-1995 b,Kepler-1995,Transit,2023,,4.28,73.7578875,375.0,5029.0,0.847,595.331
91 Aqr b,91 Aqr,Radial Velocity,2013,1017.0,,181.4,,4665.0,1.4,44.0304
OGLE-2016-BLG-1067L b,OGLE-2016-BLG-1067L,Microlensing,2019,140.0,,,,,0.3,3730.0
Kepler-1074 b,Kepler-1074,Transit,2016,,1.25,5.94566534,,4002.0,0.6,250.817
Kepler-1777 b,Kepler-1777,Transit,2021,,2.13189678,12.18420029,,5771.0,0.984,619.146
HD 15906 b,HD 15906,Transit,2023,,2.24,10.924709,668.0,4757.0,0.79,45.5621
Kepler-32 d,Kepler-32,Transit,2012,,2.7,22.7802,,3900.0,0.58,323.847
Kepler-1464 c,Kepler-1464,Transit,2016,,1.0,5.32786292,,5828.0,1.02,1151.73
Kepler-158 c,Kepler-158,Transit,2014,,1.9,28.551383,,4623.0,,315.177
Kepler-1364 b,Kepler-1364,Transit,2016,,2.15,13.32196237,,6805.0,1.49,1056.9
Kepler-1853 b,Kepler-1853,Transit,2021,,1.51862272,48.88819885,,4821.0,0.765,562.348
TIC 188624430 b,TIC 188624430,Transit,2026,,3.64811843,6.21860433132,,5369.46,,300.743
Kepler-685 b,Kepler-685,Transit,2016,,10.58,1.6255222,,5963.0,1.11,938.715
K2-89 b,K2-89,Transit,2016,,0.615,1.096026,,3691.0,0.347,86.0386
Kepler-873 b,Kepler-873,Transit,2016,,3.75,20.5533844,,6163.0,1.18,1182.22
HD 101930 b,HD 101930,Radial Velocity,2005,79.4575,,70.46,,5108.0,0.57,30.0274
Kepler-487 b,Kepler-487,Transit,2016,,11.42,15.358768403,,5444.0,0.91,872.343
Kepler-293 b,Kepler-293,Transit,2014,,3.07,19.254196,,5804.0,,974.633
Kepler-411 e,Kepler-411,Transit Timing Variations,2018,10.8,,31.509728,503.0,,0.87,153.676
Kepler-60 b,Kepler-60,Transit,2012,4.19,1.71,7.1334,,5905.0,1.041,1025.1
HD 5319 b,HD 5319,Radial Velocity,2007,494.54348,,637.1,,4871.0,1.27,121.405
HATS-76 b,HATS-76,Transit,2021,835.570882,12.09449018,1.9416423,939.8,4016.0,0.662,385.689
Kepler-899 b,Kepler-899,Transit,2016,,2.68,19.17891293,,5595.0,0.93,1246.43
HD 89345 b,HD 89345,Transit,2018,34.9613,7.39794,11.8143,1089.0,5576.0,1.157,132.345
TOI-4600 c,TOI-4600,Transit,2023,2946.26933289,9.42,482.8191,191.0,5170.0,0.89,216.056
Kepler-995 b,Kepler-995,Transit,2016,,2.7,28.26731672,,5206.0,0.83,609.638
Kepler-1673 b,Kepler-1673,Transit,2020,,2.9355194,33.7888,,6014.95,1.11,727.187
Kepler-217 c,Kepler-217,Transit,2014,,1.85,8.586004,,6171.0,,1104.64
Kepler-100 b,Kepler-100,Transit,2014,4.01,1.34,6.88734,,5837.0,1.13,304.645
Kepler-1811 b,Kepler-1811,Transit,2021,,3.84829873,76.42230225,,5561.0,0.946,1390.56
Kepler-321 b,Kepler-321,Transit,2014,,1.77,4.915379,,5740.0,,384.542
K2-393 b,K2-393,Transit,2022,,2.352,10.413181,,5678.0,0.881,265.914
K2-58 b,K2-58,Transit,2016,,2.68,7.05254,,5413.0,0.89,181.746
HD 73344 d,HD 73344,Radial Velocity,2025,810.46243785,,5823.0,,6148.0,1.19,35.26
Kepler-1961 b,Kepler-1961,Transit,2021,,1.6187808,5.604710102,,5401.0,0.871,1042.45
GJ 3323 b,GJ 3323,Radial Velocity,2017,2.02,,5.3636,,3159.0,0.164,5.37484
Kepler-138 b,Kepler-138,Transit,2014,0.07,0.64,10.3134,452.0,3841.0,0.535,66.8624
K2-238 b,K2-238,Transit,2018,273.3338,14.5717,3.20466,1587.0,5630.0,1.19,537.963
K2-394 b,K2-394,Transit,2022,,1.692,5.095717,,4938.0,0.478,98.0152
Kepler-245 c,Kepler-245,Transit,2014,,2.18,17.460812,,5100.0,,861.527
Kepler-1048 b,Kepler-1048,Transit,2016,,1.61,6.92101021,,4651.0,0.75,556.006
HIP 57274 d,HIP 57274,Radial Velocity,2011,167.4,,431.7,,4640.0,0.73,25.8618
TIC 290487717 b,TIC 290487717,Transit,2026,,6.63777941,3.400818229,,5328.97,,395.574
WASP-142 b,WASP-142,Transit,2016,266.9772,17.14977,2.052868,2000.0,6010.0,1.33,730.933
RR Cae b,RR Cae,Eclipse Timing Variations,2012,1334.886,,4343.5,,,0.44,21.1916
Qatar-6 b,Qatar-6,Transit,2017,212.31044,11.903958,3.506195,1006.0,5052.0,0.822,100.848
HD 176986 c,HD 176986,Radial Velocity,2017,9.75,,16.8124,558.0,4931.0,0.789,27.7843
KIC 8540376 c,KOI-7892,Transit,2015,,2.4,75.2,,6474.0,1.04,1072.3
GJ 3341 b,GJ 3341,Radial Velocity,2015,6.6,,14.207,,3526.0,0.47,23.619
K2-157 d,K2-157,Radial Velocity,2025,23.3,,66.5,429.1,5334.0,0.89,298.373
Kepler-890 b,Kepler-890,Transit,2016,,8.89,52.75875577,,5954.0,1.09,1712.12
Kepler-1689 b,Kepler-1689,Transit,2020,,0.94678642,8.483,,5731.43,1.023,294.122
Kepler-45 b,Kepler-45,Transit,2011,160.497,10.76,2.455239,1000.0,3820.0,0.59,381.949
K2-282 b,K2-282,Transit,2018,,2.5,4.169783,,5499.0,,496.289
Kepler-296 d,Kepler-296,Transit,2014,,2.09,19.850291,,3740.0,0.498,
WASP-151 b,WASP-151,Transit,2017,100.43377661,13.30506009,4.5334775,1312.0,,1.081,453.099
HAT-P-63 b,HAT-P-63,Transit,2021,195.1466419,12.5428494,3.377728,1237.0,5400.0,0.925,403.458
BD+20 2457 b,BD+20 2457,Radial Velocity,2009,6807.63,,379.63,,4137.0,2.8,1539.71
OGLE-2016-BLG-0007L b,OGLE-2016-BLG-0007L,Microlensing,2025,1.32,,14200.0,,,0.59,4300.0
Kepler-281 b,Kepler-281,Transit,2014,,2.82,14.646008,,5723.0,,1745.45
HD 169142 b,HD 169142,Imaging,2023,953.485221,,,,,1.85,113.6
MOA-2007-BLG-400L b,MOA-2007-BLG-400L,Microlensing,2008,540.3082919,,,,,0.69,6890.0
WASP-60 b,WASP-60,Transit,2012,174.8065,9.86392,4.305,,5900.0,1.19,431.052
Kepler-932 b,Kepler-932,Transit,2016,,1.37,1.921437396,,5331.0,0.87,465.612
WASP-120 b,WASP-120,Transit,2016,,15.58048317,,1749.0,,,381.174
Kepler-1406 b,Kepler-1406,Transit,2016,,1.1,11.62905828,,5892.0,1.05,572.403
Kepler-1705 c,Kepler-1705,Transit,2021,5.42,2.05,11.28,,6312.0,1.139,1633.49
Kepler-1613 b,Kepler-1613,Transit,2016,,2.08,1.5184299,,6005.0,1.08,1508.33
Kepler-225 c,Kepler-225,Transit,2014,,1.84,18.794234,,3682.0,,561.101
Kepler-1792 b,Kepler-1792,Transit,2021,,2.51990972,4.1957798,,5229.0,0.878,601.029
HD 10180 g,HD 10180,Radial Velocity,2010,23.265156,,604.67,,5911.0,1.06,38.9607
HAT-P-40 b,HAT-P-40,Transit,2012,152.5584,17.03768,4.45724,,6080.0,1.03,464.469
Kepler-1355 b,Kepler-1355,Transit,2016,,1.46,1.289588112,,5352.0,0.88,911.269
Kepler-352 c,Kepler-352,Transit,2014,,1.24,16.332995,,5212.0,,252.733
Kepler-1202 b,Kepler-1202,Transit,2016,,2.94,28.6851324,,5834.0,1.03,1175.38
Kepler-760 c,Kepler-760,Transit,2016,,1.48,2.46697439,,5322.0,0.89,792.336
TOI-2803 A b,TOI-2803 A,Transit,2023,309.88269682,18.11371281,1.96229325,1893.0,6280.0,1.118,494.818
Kepler-1163 b,Kepler-1163,Transit,2016,,1.03,6.11786898,,6302.0,1.22,478.647
K2-278 b,K2-278,Transit,2018,,2.98,3.334966,1711.0,6747.0,1.4,786.439
K2-154 b,K2-154,Transit,2018,,1.99,3.67626,715.0,4097.0,0.65,129.356
Kepler-215 c,Kepler-215,Transit,2014,,1.77,14.667108,,5739.0,,485.997
GJ 1265 b,GJ 1265,Radial Velocity,2018,7.4,,3.6511,,3236.0,0.178,10.2525
Kepler-159 c,Kepler-159,Transit,2014,,3.41,43.595792,,4625.0,,373.744
BD+63 1405 b,BD+63 1405,Radial Velocity,2021,1258.60049172,,1198.48,,5000.0,0.816,38.0473
Kepler-287 b,Kepler-287,Transit,2014,,2.33,20.342199,,5806.0,,835.86
HATS-25 b,HATS-25,Transit,2016,194.82979,14.12334,4.2986432,1277.0,5715.0,0.994,471.158
Kepler-746 b,Kepler-746,Transit,2016,,1.11,3.48159251,,5418.0,0.91,
KOBE-1 b,KOBE-1,Radial Velocity,2025,8.8,,8.5399,594.4,4135.0,0.629,23.9718
Kepler-1412 b,Kepler-1412,Transit,2016,,0.83,3.6146051,,5880.0,1.06,755.678
Kepler-1169 b,Kepler-1169,Transit,2016,,0.94,6.11009134,,6191.0,1.24,522.823
K2-249 b,K2-249,Transit,2018,,2.79,12.409,1061.0,6504.0,1.32,521.716
Kepler-362 c,Kepler-362,Transit,2014,,1.45,37.866281,,5788.0,,1090.51
Kepler-338 e,Kepler-338,Transit Timing Variations,2014,8.5,1.56,9.341,,,1.14,552.798
Kepler-529 c,Kepler-529,Transit,2016,,2.0,12.8345022,,6087.0,1.07,799.008
MOA-2012-BLG-006L b,MOA-2012-BLG-006L,Microlensing,2017,2700.0,,,,,0.49,5300.0
Kepler-1214 b,Kepler-1214,Transit,2016,,2.36,18.82634264,,5130.0,0.85,729.227
Kepler-1472 b,Kepler-1472,Transit,2016,,1.9,38.1312831,,6159.0,1.16,1479.14
Kepler-1098 b,Kepler-1098,Transit,2016,,1.3,2.543072855,,5794.0,0.99,1049.19
Kepler-681 b,Kepler-681,Transit,2016,,3.08,26.39435646,,5021.0,0.8,686.923
Kepler-222 c,Kepler-222,Transit,2014,,4.64,10.08881,,5433.0,,758.854
BD+15 2940 b,BD+15 2940,Radial Velocity,2013,352.78,,137.48,,4796.0,1.1,426.42
HD 23127 b,HD 23127,Radial Velocity,2006,485.32641,,1211.17,,5843.0,1.208,93.8555
EPIC 206042996 b,EPIC 206042996,Transit,2019,,1.7,5.2986,,4114.0,,451.769
HD 103891 b,HD 103891,Radial Velocity,2022,457.67290608,,1919.0,,6072.0,1.28,55.5213
TOI-2587 A b,TOI-2587 A,Transit,2023,69.28659273,12.07207221,5.45664,1445.0,5760.0,1.15,373.675
HD 168863 b,HD 168863,Radial Velocity,2022,2154.87659946,,14773.93272,,,0.8,39.8979
Kepler-1957 b,Kepler-1957,Transit,2021,,0.94374867,2.186619997,,4904.0,0.745,460.899
Kepler-896 c,Kepler-896,Transit,2023,,3.15,29.5422566,515.0,5510.0,0.877,2334.93
61 Vir c,61 Vir,Radial Velocity,2009,18.2,,38.021,,5577.0,0.942,8.50332
Kepler-279 e,Kepler-279,Transit,2025,56.0,,98.3531,,,1.164,1037.4
K2-117 b,K2-117,Transit,2017,,2.03,1.2916,868.0,3778.0,0.54,101.632
TOI-2019 b,TOI-2019,Transit,2024,34.4,5.33275337,15.3444,917.46,5626.0,1.1832,198.007
Kepler-29 c,Kepler-29,Transit,2011,4.5,2.34,13.28613,,5378.0,0.761,832.532
OGLE-TR-10 b,OGLE-TR-10,Transit,2004,197.046,14.011,3.101278,,5950.0,1.14,1344.97
Kepler-418 b,Kepler-418,Transit,2014,349.6112477,13.45,86.67856,,5820.0,0.98,1002.53
KOI-55 c,KOI-55,Orbital Brightness Modulation,2011,0.655,0.867,0.342887,,27730.0,0.496,1231.02
Kepler-561 c,Kepler-561,Transit,2016,,2.68,5.350161983,,5646.0,0.96,621.378
Kepler-1778 b,Kepler-1778,Transit,2021,,3.01665969,10.08740044,,6310.0,1.143,1276.29
Kepler-912 b,Kepler-912,Transit,2016,,2.8,2.534756273,,5998.0,1.07,2004.72
Kepler-316 b,Kepler-316,Transit,2014,,1.06,2.240508,,4204.0,,384.938
Kepler-389 c,Kepler-389,Transit,2014,,1.46,14.51143,,5376.0,,816.559
HD 23472 c,HD 23472,Transit,2019,3.41,1.87,29.79749,467.0,4684.0,0.67,39.0341
HD 24064 b,HD 24064,Radial Velocity,2015,4096.8287,,535.59998,,4052.0,1.61,300.247
Kepler-1138 b,Kepler-1138,Transit,2016,,1.7,3.17060005,,5582.0,0.95,872.328
OGLE-2019-BLG-1053L b,OGLE-2019-BLG-1053L,Microlensing,2021,2.48,,,,,0.61,6800.0
Kepler-1032 b,Kepler-1032,Transit,2016,,1.87,3.290117953,,4647.0,0.77,673.01
HD 15906 c,HD 15906,Transit,2023,,2.93,21.583298,532.0,4757.0,0.79,45.5621
Kepler-1297 b,Kepler-1297,Transit,2016,,0.97,1.68189002,,5818.0,0.99,1439.47
KMT-2022-BLG-1818L c,KMT-2022-BLG-1818L,Microlensing,2026,114.41822652,,,,,0.79,5300.0
EPIC 206317286 c,EPIC 206317286,Transit,2022,,2.094,17.515472,,4752.0,0.832,314.35
TOI-5489 b,TOI-5489,Transit,2025,,1.4,3.15222,624.0,3547.0,0.41,45.0907
HD 141399 e,HD 141399,Radial Velocity,2014,209.7678,,5000.0,,5600.0,1.07,37.0169
TOI-237 b,TOI-237,Transit,2020,,1.44,5.436098,388.0,3212.0,0.179,38.0749
TOI-540 b,TOI-540,Transit,2020,,0.903,1.2391491,611.0,3216.0,0.159,14.0022
Kepler-800 b,Kepler-800,Transit,2016,,2.85,14.13176026,,5315.0,0.85,1019.26
Kepler-142 b,Kepler-142,Transit,2014,,1.99,2.024152,,5790.0,,548.686
Kepler-1577 b,Kepler-1577,Transit,2016,,1.13,6.30560247,,4862.0,0.78,510.029
Kepler-1024 b,Kepler-1024,Transit,2016,,3.91,66.4162133,,5143.0,0.81,1087.4
TOI-1794 b,TOI-1794,Transit,2024,8.7,3.29701268,8.765528,992.91,5631.0,0.9698,155.791
K2-170 b,K2-170,Transit,2018,,1.41817537,7.576544,,5748.0,0.963657,392.872
HD 11506 c,HD 11506,Radial Velocity,2008,127.1313628,,223.92,,6123.0,1.22,51.261
Kepler-1492 b,Kepler-1492,Transit,2016,,1.49,16.75255007,,4712.0,0.77,331.553
HD 215152 b,HD 215152,Radial Velocity,2018,1.819,,5.75999,,4935.0,0.77,21.5974
Kepler-1721 b,Kepler-1721,Transit,2021,,3.11856756,4.592380047,,5351.0,0.89,641.374
WASP-41 b,WASP-41,Transit,2011,270.1555,12.3299,3.0524,,5545.0,0.81,163.371
Kepler-295 b,Kepler-295,Transit,2014,,1.22,12.645164,,5603.0,,1699.19
K2-378 b,K2-378,Transit,2022,,2.88,2.060438,,4823.0,0.923,687.973
Kepler-977 b,Kepler-977,Transit,2016,,2.62,26.85328322,,5315.0,0.87,568.751
Kepler-588 b,Kepler-588,Transit,2016,,2.63,4.221625357,,5835.0,1.01,1209.4
HD 38529 b,HD 38529,Radial Velocity,2000,206.58846455,,14.3099,,,0.98,42.3538
HD 89307 b,HD 89307,Radial Velocity,2009,670.6213,,2166.0,,5955.0,1.27,32.0104
BD+60 1417 b,BD+60 1417,Imaging,2021,4767.426105,14.68376472,,1303.0,4993.0,1.0,44.9543
TOI-712 c,TOI-712,Transit,2022,,2.701,51.69906,369.9,4622.0,0.732,58.6212
Kepler-1453 b,Kepler-1453,Transit,2016,,2.67,47.1611696,,5665.0,0.97,1196.04
HAT-P-68 b,HAT-P-68,Transit,2020,230.10892,12.016048,2.29840551,1027.8,4508.0,0.6785,202.152
HATS-67 b,HATS-67,Transit,2018,460.8535,18.887165,1.6091788,2193.0,6594.0,1.435,960.109
HAT-P-45 b,HAT-P-45,Transit,2014,283.492,15.984,3.128992,1652.0,6330.0,1.259,298.64
TOI-6393 b,TOI-6393,Transit,2026,,2.75958542,9.53176110329,,5008.2,,186.229
Kepler-620 b,Kepler-620,Transit,2016,,3.32,12.91375431,,6155.0,1.15,1355.28
Kepler-335 b,Kepler-335,Transit,2014,,3.39,6.562331,,5877.0,,1278.97
Kepler-723 b,Kepler-723,Transit,2016,,12.19,4.082275068,,5539.0,0.92,1071.8
M62H b,M62H,Pulsar Timing,2024,785.03616529,,0.132935028,,,1.4,
Kepler-128 c,Kepler-128,Transit,2013,3.38,1.521,22.8,,6072.0,1.184,396.379
HAT-P-67 b,HAT-P-67,Transit,2017,143.02278315,23.9872187,4.8101069,,6640.0,1.73,371.686
K2-368 b,K2-368,Transit,2022,,1.332,5.025598,,4663.0,0.746,206.608
Kepler-1992 b,Kepler-1992,Transit,2023,,0.91,15.6112238,637.0,5383.0,0.874,532.955
Kepler-372 d,Kepler-372,Transit,2014,,1.69,30.092568,,6509.0,,1493.95
Kepler-748 b,Kepler-748,Transit,2016,,2.52,7.40742793,,5934.0,1.07,1705.99
TIC 32032563 b,TIC 32032563,Transit,2026,,3.47739942,13.83460487791,,5567.93,,507.858
K2-227 b,K2-227,Transit,2018,,1.66551298,13.621832,,5673.0,0.950811,187.234
Kepler-240 b,Kepler-240,Transit,2014,,1.37,4.144495,,4985.0,,746.927
Kepler-34 b,Kepler-34,Transit,2011,69.92,8.564,288.822,,5913.0,1.0479,1800.82
Kepler-1494 b,Kepler-1494,Transit,2016,,3.07,91.080482,,5659.0,0.96,1285.48
K2-138 f,K2-138,Transit,2017,1.63,2.904,12.75758,,5356.3,0.935,202.585
OGLE-2017-BLG-0604L b,OGLE-2017-BLG-0604L,Microlensing,2020,160.0,,,,,0.7,3950.0
Kepler-359 c,Kepler-359,Transit,2014,,4.3,57.68802,,6248.0,,1443.21
Wolf 503 b,Wolf 503,Transit,2018,6.26,2.043,6.00127,790.0,4716.0,0.688,44.526
8 UMi b,8 UMi,Radial Velocity,2015,524.41687155,,93.31,,4847.0,1.51,162.552
CT Cha b,CT Cha,Imaging,2007,5403.0,24.66,,2600.0,,,190.72
K2-87 b,K2-87,Transit,2016,,7.6,9.726618,979.0,5747.0,1.164,491.242
TOI-128.01,TOI-128,Transit,2024,,2.21898,4.9404681,1344.51,6086.0,0.851969,68.4727
Kepler-1752 b,Kepler-1752,Transit,2021,,4.54060463,56.35850143,,5446.0,0.824,962.888
Kepler-1428 b,Kepler-1428,Transit,2016,,1.64,10.67607169,,6184.0,1.28,1530.32
Kepler-2000 b,Kepler-2000,Transit,2023,,2.73,6.383159135,530.0,3757.0,0.581,320.588
Kepler-1160 b,Kepler-1160,Transit,2016,,2.14,7.97034958,,5519.0,0.92,1077.63
TOI-907.01,TOI-907,Transit,2024,,9.6158851,4.5849129,1846.6,6272.0,1.069357,312.529
HIP 91258 b,HIP 91258,Radial Velocity,2013,346.4347,,5.0505,,5519.0,0.97,45.8846
TOI-2459 b,TOI-2459,Transit,2023,,2.9531,19.104718,445.01,4195.0,0.66,36.6113
Kepler-1015 b,Kepler-1015,Transit,2016,,3.55,16.00494214,,6769.0,1.49,739.357
EPIC 212297394 b,EPIC 212297394,Transit,2019,,1.48,2.289363,1149.0,5171.0,0.83,418.395
GJ 163 c,GJ 163,Radial Velocity,2013,6.8,,25.63058,,,,15.1285
Kepler-1710 b,Kepler-1710,Transit,2021,,3.19744103,14.91110039,,5650.0,0.932,305.193
TOI-1259 A b,TOI-1259 A,Transit,2021,141.0,11.6,3.4779792,,,0.746,118.106
HD 106906 b,HD 106906,Imaging,2013,3496.0,,,1800.0,6516.0,1.5,103.029
OGLE-2018-BLG-1011L b,OGLE-2018-BLG-1011L,Microlensing,2019,570.0,,,,,0.18,7100.0
K2-21 b,K2-21,Transit,2015,,1.84,9.325038,,4222.06,0.676023,83.6448
Kepler-1640 b,Kepler-1640,Transit,2016,,4.82,7.5844126,,6324.0,1.27,1859.78
TOI-1238 c,TOI-1238,Transit,2022,8.32,2.11,3.294736,695.0,4089.0,0.59,70.7145
Kepler-1958 b,Kepler-1958,Transit,2021,,2.05124311,9.328619957,,5749.0,0.961,1320.38
NGTS-34 b,NGTS-34,Transit,2025,19.1,3.65,43.12655,624.0,6134.0,1.266,120.475
Kepler-1816 b,Kepler-1816,Transit,2021,,1.9679397,91.50099945,,5051.0,0.786,437.823
Kepler-419 b,Kepler-419,Transit,2014,794.5,10.8,69.7546,,6430.0,1.39,1011.36
KMT-2024-BLG-0349L b,KMT-2024-BLG-0349L,Microlensing,2026,3769.44490702,,,,,0.68,5750.0
OGLE-2016-BLG-1093L b,OGLE-2016-BLG-1093L,Microlensing,2022,225.65816897,,,,,0.46,8120.0
kap CrB b,kap CrB,Radial Velocity,2007,483.73483545,,1253.68,,4840.0,1.33,30.0651
CoRoT-30 b,CoRoT-30,Transit,2020,921.707,11.309881,9.06005,,5650.0,0.98,1032.23
Kepler-1175 b,Kepler-1175,Transit,2016,,2.99,37.94563,,5453.0,0.9,1121.89
TOI-663 c,TOI-663,Transit,2024,3.65,2.26,4.6955507,553.0,3681.0,0.514,64.2308
Kepler-1369 b,Kepler-1369,Transit,2016,,2.69,25.873148,,5761.0,0.99,1236.56
Kepler-776 b,Kepler-776,Transit,2016,,1.28,4.89718784,,5071.0,0.83,727.904
Kepler-311 b,Kepler-311,Transit,2014,,1.7,9.176092,,5905.0,,778.654
Kepler-1642 b,Kepler-1642,Transit,2016,,3.2,12.2057513,,5355.0,0.88,413.873
NGTS-8 b,NGTS-8,Transit,2019,295.5819,12.21781,2.4997,1345.0,5241.0,0.89,428.976
Kepler-889 b,Kepler-889,Transit,2016,,1.09,3.744439,,5961.0,1.14,598.313
KIC 10525077 b,KIC 10525077,Transit,2015,,5.5,854.083,,6091.0,1.01,1461.15
HD 4917 b,HD 4917,Radial Velocity,2018,513.29545,,400.5,,4802.0,1.32,204.277
Kepler-261 b,Kepler-261,Transit,2014,,2.18,10.381227,,5098.0,,317.499
75 Cet b,75 Cet,Radial Velocity,2012,787.89662095,,696.62,,4809.0,1.92,82.9613
TOI-6420 b,TOI-6420,Transit,2025,2606.1929374,11.93756445,6.961508,1213.0,6020.0,1.165,634.712
HIP 71135 b,HIP 71135,Radial Velocity,2019,18.8,,87.19,,4146.0,0.66,32.3311
Kepler-111 b,Kepler-111,Transit,2014,,1.58,3.341815,,5952.0,,657.223
TOI-1107 b,TOI-1107,Transit,2022,1064.72516345,14.57167491,4.0782387,1728.0,6311.0,1.35,281.314
Kepler-666 b,Kepler-666,Transit,2016,,2.4,4.49876092,,5887.0,1.03,1508.71
Kepler-122 c,Kepler-122,Transit,2014,,5.87,12.465988,,6050.0,,1027.45
Kepler-838 b,Kepler-838,Transit,2016,,2.73,15.74957994,,5770.0,0.98,1104.04
Kepler-1560 b,Kepler-1560,Transit,2016,,0.89,3.03195744,,5815.0,1.02,502.497
Kepler-1493 b,Kepler-1493,Transit,2016,,1.41,15.0217983,,5863.0,1.06,555.051
Kepler-1470 b,Kepler-1470,Transit,2016,,1.07,16.2950903,,4961.0,0.8,590.601
HD 20003 b,HD 20003,Radial Velocity,2019,11.66,,11.8482,,5494.0,0.875,41.8316
Kepler-1431 b,Kepler-1431,Transit,2016,,1.47,5.86601526,,5806.0,1.03,1623.24
HD 210277 b,HD 210277,Radial Velocity,1998,410.0007,,442.19,,5538.0,1.01,21.2985
MOA-2010-BLG-073L b,MOA-2010-BLG-073L,Microlensing,2012,3500.0,,,,,0.16,2800.0
Kepler-1779 b,Kepler-1779,Transit,2021,,3.03295685,16.34359932,,5730.0,1.008,908.501
HD 208527 b,HD 208527,Radial Velocity,2012,3146.4,,875.5,,4035.0,1.6,312.202
Kepler-1274 b,Kepler-1274,Transit,2016,,1.42,6.98152703,,6179.0,1.45,614.648
K2-35 b,K2-35,Transit,2016,,1.32,2.399964,,4402.71,0.701968,252.596
KELT-21 b,KELT-21,Transit,2018,1242.7153,17.777474,3.6127647,2051.0,7598.0,1.458,470.878
Kepler-1635 b,Kepler-1635,Transit,2016,,3.64,469.63111,,5347.0,0.89,1069.45
Kepler-130 d,Kepler-130,Transit,2014,,1.64,87.517905,,5884.0,,316.663
Kepler-1375 b,Kepler-1375,Transit,2016,,1.74,3.3004192,,6704.0,1.47,1430.84
K2-382 b,K2-382,Transit,2022,,2.072,21.700156,,5452.0,0.922,278.412
OGLE-2012-BLG-0563L b,OGLE-2012-BLG-0563L,Microlensing,2015,120.0,,,,,0.34,1300.0
Kepler-811 b,Kepler-811,Transit,2016,,2.7,23.58447697,,5747.0,1.01,985.041
K2-202 b,K2-202,Transit,2018,,2.30165603,3.405164,,5491.0,0.971461,300.397
Kepler-298 b,Kepler-298,Transit,2014,,1.96,10.475464,,4465.0,,518.204
Kepler-221 b,Kepler-221,Transit,2014,,1.71,2.795906,,5243.0,,385.231
Kepler-849 b,Kepler-849,Transit,2016,298.75870258,8.08167508,394.62508,362.7,5950.0,1.259,822.134
Kepler-541 b,Kepler-541,Transit,2016,,3.36,5.08005848,,6166.0,1.41,1060.68
Kepler-1171 b,Kepler-1171,Transit,2016,,2.56,1.44259224,,7044.0,1.58,573.0
Kepler-719 b,Kepler-719,Transit,2016,,8.52,5.007317779,,5777.0,0.99,2497.51
Kepler-65 c,Kepler-65,Transit,2012,,2.58,5.859944,,6211.0,1.25,303.728
K2-3 d,K2-3,Transit,2015,2.2,1.458,44.55603,305.2,3844.0,0.549,44.0727
HIP 66074 b,HIP 66074,Astrometry,2023,1589.142035,,310.9,,4300.0,0.705,35.4438
Kepler-1937 b,Kepler-1937,Transit,2021,,3.0229133,9.688599586,,6457.0,1.19,905.069
K2-396 b,K2-396,Transit,2022,,1.579,0.673862,,5236.0,0.954,274.864
Kepler-1545 b,Kepler-1545,Transit,2016,,2.7,163.692349,,5201.0,0.84,729.964
TOI-1478 b,TOI-1478,Transit,2021,279.68899816,11.99360935,10.1802117,,,,152.892
Kepler-751 b,Kepler-751,Transit,2016,,2.46,17.44490636,,5387.0,0.87,760.43
HD 18143 b,HD 18143,Radial Velocity,2022,10.80616584,,10.2851,,,0.85,22.5243
Kepler-1745 b,Kepler-1745,Transit,2021,,1.92872921,3.016190052,,5611.0,0.995,996.105
HD 70642 b,HD 70642,Radial Velocity,2003,633.43519,,2124.54,,5732.0,1.078,29.276
TOI-5916 b,TOI-5916,Transit,2026,226.61165419,11.35469745,2.367128,683.0,3613.0,0.477,199.724
GJ 900 b,GJ 900 A,Imaging,2024,3496.112477,,,,,1.08,20.8065
HD 99492 b,HD 99492,Radial Velocity,2004,25.5,,17.0503,,4929.0,0.85,18.2038
Kepler-1962 b,Kepler-1962,Transit,2021,,1.21463929,7.991459846,,5700.0,1.003,866.826
SR 12 AB c,SR 12 AB,Imaging,2010,4131.62,,,,,,
HD 28471 d,HD 28471,Radial Velocity,2025,4.91,,11.681,945.0,5766.0,0.98,43.6455
Kepler-1726 b,Kepler-1726,Transit,2021,,2.50861954,18.39629936,,5316.0,0.876,390.552
TOI-1630.01,TOI-1630,Transit,2024,,2.417,12.055734733,,5504.0,0.95,66.0929
TOI-1243 b,TOI-1243,Transit,2026,7.7,2.33,4.6594779,450.0,3515.0,0.515,43.1865
Kepler-745 b,Kepler-745,Transit,2016,,2.16,9.93143556,,5849.0,1.04,1780.38
TOI-5422 b,TOI-5422,Transit,2026,8899.195396,9.10169233,5.377219,1369.0,5820.0,1.066,346.141
K2-189 b,K2-189,Transit,2018,,1.403,2.58812,1203.0,5442.0,0.85,242.113
Kepler-900 b,Kepler-900,Transit,2016,,2.08,6.9913086,,4836.0,0.78,487.525
WASP-83 b,WASP-83,Transit,2015,95.349,11.65736,4.971252,1120.0,5510.0,1.11,271.103
HATS-56 b,HATS-56,Transit,2019,191.33366,18.920792,4.324799,1902.0,6536.0,1.573,564.409
Kepler-95 b,Kepler-95,Transit,2014,13.0,3.42,11.5231,,5699.0,1.08,445.656
Kepler-1579 b,Kepler-1579,Transit,2016,,0.84,0.849907889,,4584.0,0.75,
HATS-66 b,HATS-66,Transit,2018,1694.0339,15.815899,3.1414391,1998.0,6626.0,1.411,1477.98
Kepler-390 c,Kepler-390,Transit,2014,,0.79,13.060022,,5166.0,,435.277
HD 20794 b,HD 20794,Radial Velocity,2011,2.15,,18.314,,5368.0,0.79,6.00278
K2-117 c,K2-117,Transit,2017,,2.06,5.444017,537.0,3778.0,0.54,101.632
Kepler-980 b,Kepler-980,Transit,2016,,2.67,11.55102504,,5935.0,1.05,961.468
Gl 725 A b,Gl 725 A,Radial Velocity,2025,2.78,,11.2201,,3433.0,0.33,3.5214
Kepler-653 b,Kepler-653,Transit,2016,,1.95,14.70748976,,5665.0,1.02,595.634
HD 178911 B b,HD 178911 B,Radial Velocity,2001,2552.1749,,71.484,,5588.0,1.24,40.9727
Kepler-376 c,Kepler-376,Transit,2014,,1.79,14.172327,,5900.0,,923.067
TIC 206466666 b,TIC 206466666,Transit,2026,,2.14817673,9.10486865159,,4620.3,,127.837
Kepler-268 c,Kepler-268,Transit,2014,,3.38,83.446393,,6081.0,,851.87
K2-332 b,K2-332,Transit,2021,,2.2,17.70632,266.0,3315.0,0.27,123.202
Kepler-289 c,Kepler-289,Transit,2014,157.18,11.23,125.8723,,5990.0,1.08,704.438
2MASS J03590986+2009361 b,2MASS J03590986+2009361,Imaging,2024,5720.911326,,,2369.0,,,117.435
HD 20781 c,HD 20781,Radial Velocity,2019,5.33,,13.8905,,5256.0,0.7,35.9715
Kepler-338 d,Kepler-338,Transit,2014,,3.0,44.431014,,5923.0,,552.798
GJ 411 b,GJ 411,Radial Velocity,2019,2.69,,12.9394,,3719.0,0.3899,5.675773
Kepler-466 b,Kepler-466,Transit,2016,,2.85,51.07926307,,5927.0,1.04,530.122
KMT-2021-BLG-1077L c,KMT-2021-BLG-1077L,Microlensing,2022,79.45710175,,,,,0.14,8240.0
WASP-132 b,WASP-132,Transit,2016,136.0305582,10.09929161,7.1335164,682.0,4686.0,0.789,122.91
nu Oct A b,nu Oct A,Radial Velocity,2016,696.04421133,,402.4,,4910.0,1.57,21.1999
HD 199509 b,HD 199509,Radial Velocity,2022,43.22466335,,99.62167,,,1.04,24.3056
Kepler-1168 b,Kepler-1168,Transit,2016,,2.5,55.8226539,,5157.0,0.87,752.666
Kepler-2000 c,Kepler-2000,Transit,2023,,1.57,20.6180348,359.0,3757.0,0.581,320.588
TOI-6008 b,TOI-6008,Transit,2024,4.0,1.03,0.8574347,707.0,3075.0,0.23,23.1008
Kepler-632 b,Kepler-632,Transit,2016,,2.21,30.99660733,,5322.0,0.91,
Kepler-129 c,Kepler-129,Transit,2014,43.0,2.52,82.2,,5770.0,1.178,408.845
Kepler-388 b,Kepler-388,Transit,2014,,0.81,3.173315,,4498.0,,
Kepler-802 b,Kepler-802,Transit,2016,,3.54,40.0587473,,5507.0,0.93,780.585
HD 161178 b,HD 161178,Radial Velocity,2021,181.16219199,,279.3,,4786.0,1.06,107.188
HD 112570 b,HD 112570,Radial Velocity,2023,1086.97315194,,2615.0,,4750.0,1.15,101.166
Kepler-1765 b,Kepler-1765,Transit,2021,,2.49508857,10.41889954,,5692.0,0.946,764.456
47 UMa b,47 UMa,Radial Velocity,1996,804.08,,1078.0,,5872.0,1.06,13.7967
Kepler-611 b,Kepler-611,Transit,2016,,1.65,2.437033302,,5761.0,1.01,1395.56
K2-188 c,K2-188,Transit,2018,,2.83,7.810253,1026.0,5977.0,1.06,446.821
HD 10180 e,HD 10180,Radial Velocity,2010,25.585315,,49.748,,5911.0,1.06,38.9607
Kepler-1652 b,Kepler-1652,Transit,2017,,1.6,38.09722,268.0,3638.0,0.404,
Kepler-1321 b,Kepler-1321,Transit,2016,,4.92,11.12830484,,4094.0,0.54,769.146
EPIC 212737443 c,EPIC 212737443,Transit,2019,,2.69,65.55,316.0,4684.0,0.69,336.25
Kepler-903 c,Kepler-903,Transit,2016,,2.53,62.9228557,,5682.0,0.98,1369.24
Kepler-657 b,Kepler-657,Transit,2016,,3.52,24.54350418,,5808.0,1.01,1691.88
K2-203 b,K2-203,Transit,2018,,1.26549392,9.6952,738.4,5026.0,0.793,166.147
TOI-1774.01,TOI-1774,Transit,2021,8.5,2.78,16.70988,824.0,5746.0,0.991,53.974
Kepler-392 b,Kepler-392,Transit,2014,,1.0,5.341853,,5938.0,,681.428
HD 125612 c,HD 125612,Radial Velocity,2009,15.57359194,,4.15466,,,1.05,57.6207
HD 34445 g,HD 34445,Radial Velocity,2017,120.6,,5700.0,,5836.0,1.07,46.0907
Kepler-1237 b,Kepler-1237,Transit,2016,,2.86,84.5733226,,5472.0,0.94,1064.31
K2-43 b,K2-43,Transit,2016,,4.51,3.471149,939.3,3840.6,0.571,182.536
Kepler-1280 b,Kepler-1280,Transit,2016,,1.87,66.5579057,,6227.0,1.2,1486.7
HD 150010 b,HD 150010,Radial Velocity,2022,762.7881768,,562.0,,4153.0,1.3,144.49
Kepler-1528 b,Kepler-1528,Transit,2016,,1.46,1.791110205,,5857.0,1.03,817.534
OGLE-2018-BLG-0740L b,OGLE-2018-BLG-0740L,Microlensing,2019,1500.0,,5480.0,,5912.0,1.0,3200.0
WASP-168 b,WASP-168,Transit,2018,133.4886,16.8135,4.153658,1340.0,6000.0,1.08,303.941
Kepler-230 b,Kepler-230,Transit,2014,,4.26,32.625555,,5588.0,,740.754
TOI-3980 b,TOI-3980,Transit,2025,187.51876013,14.4595851,3.6089254,1621.0,5840.0,1.24,486.721
TOI-5301 b,TOI-5301,Transit,2024,1182.32167404,13.09208946,5.858858,1648.0,6240.0,1.483,629.161
GJ 508.2 b,GJ 508.2,Radial Velocity,2025,587.98255295,,5300.0,,3720.0,0.54,16.6374
Kepler-1781 b,Kepler-1781,Transit,2021,,2.38091029,4.88752985,,5568.0,1.053,962.63
WASP-138 b,WASP-138,Transit,2016,387.7526,12.21781,3.634433,1590.0,6272.0,1.22,414.234
HD 222076 b,HD 222076,Radial Velocity,2016,495.8148,,871.0,,4806.0,1.07,91.1538
Kepler-18 b,Kepler-18,Transit,2011,6.9,2.0,3.504725,,5345.0,0.972,433.047
K2-349 b,K2-349,Transit,2021,,1.38,9.032178,518.0,4385.0,0.54,453.567
KIC 5479689 b,KIC 5479689,Orbital Brightness Modulation,2021,158.9142035,,1.701531,,5459.1,0.966,454.95
Kepler-347 b,Kepler-347,Transit,2014,,1.97,12.79836,,6088.0,,1298.88
HD 86081 b,HD 86081,Radial Velocity,2006,470.3884,,2.1378431,,5939.0,1.21,103.936
WASP-175 b,WASP-175,Transit,2019,314.6517,13.540472,3.0652907,1571.0,6229.0,1.212,539.36
HD 190007 b,HD 190007,Radial Velocity,2020,15.5,,11.724128,,4610.0,0.77,12.7141
Kepler-591 b,Kepler-591,Transit,2016,,3.39,81.1694299,,5677.0,0.97,785.137
HD 147018 c,HD 147018,Radial Velocity,2009,2080.0,,1008.0,,5441.0,0.927,40.4256
K2-32 e,K2-32,Transit,2019,2.1,1.212,4.34934,1066.0,5271.0,0.83,157.682
Kepler-329 b,Kepler-329,Transit,2014,,1.4,7.416397,,4257.0,,439.719
K2-415 b,K2-415,Transit,2023,7.5,1.015,4.0179694,412.4,3173.0,0.1635,21.8182
TIC 24750448 b,TIC 24750448,Transit,2026,,2.43722231,3.59159193029,,4545.43,,178.146
Kepler-1287 b,Kepler-1287,Transit,2016,,1.54,11.47685909,,5715.0,0.96,1003.26
KELT-14 b,KELT-14,Transit,2016,408.09372,19.537287,1.7100566,1970.0,5720.0,1.239,250.121
HD 284149 AB b,HD 284149 A,Imaging,2017,8352.53053596,,,2395.0,6035.0,,117.807
Kepler-758 e,Kepler-758,Transit,2016,,1.53,8.1934719,,6228.0,1.16,1502.32
HD 220689 b,HD 220689,Radial Velocity,2012,355.33394,,2266.4,,5921.0,1.016,46.8778
MOA-2008-BLG-379L b,MOA-2008-BLG-379L,Microlensing,2013,1300.0,,,,,0.56,3300.0
K2-295 b,K2-295,Transit,2018,106.47305,10.054473,4.024867,852.0,4444.0,0.74,232.801
Kepler-881 b,Kepler-881,Transit,2016,,1.78,4.44448017,,5961.0,1.06,1375.18
KMT-2017-BLG-1057L b,KMT-2017-BLG-1057L,Microlensing,2024,23.5,,,,,0.57,6500.0
TOI-2719 b,TOI-2719,Transit,2025,,5.98,3.37594,1710.0,5762.0,1.02,588.368
K2-111 b,K2-111,Transit,2017,5.35,1.837,5.3518963,1293.0,5775.0,0.84,200.394
TOI-1749 c,TOI-1749,Transit,2021,14.0,2.12,4.4929,673.0,3985.0,0.58,99.5561
K2-215 b,K2-215,Transit,2018,,2.12381238,8.269648,,5704.0,0.999987,403.964
Kepler-85 d,Kepler-85,Transit,2014,,1.2,17.91323,,5436.0,,765.025
TOI-2406 b,TOI-2406,Transit,2021,15.6,2.86,3.0766891,449.0,3100.0,0.166,55.419
Kepler-387 c,Kepler-387,Transit,2014,,0.89,11.837549,,5774.0,,801.052
Kepler-1544 b,Kepler-1544,Transit,2016,,1.78,168.811174,,4886.0,0.81,335.09
TOI-5126 c,TOI-5126,Transit,2023,,3.86,17.8999,971.0,6150.0,1.24,160.414
Kepler-27 b,Kepler-27,Transit,2011,2895.31,4.0,15.3348,,5400.0,0.65,1044.36
Kepler-984 b,Kepler-984,Transit,2016,,2.12,43.0342272,,5610.0,0.96,460.188
Kepler-1656 b,Kepler-1656,Transit,2018,47.8,,31.562,,,1.03,185.875
K2-264 c,K2-264,Transit,2018,,2.668,19.660302,331.0,3660.0,0.496,185.605
Kepler-1879 b,Kepler-1879,Transit,2021,,2.06512018,10.61340046,,5865.0,1.023,627.171
OGLE-TR-132 b,OGLE-TR-132,Transit,2004,375.02,13.45,1.689868,2013.0,6210.0,1.305,2012.62
HD 73583 b,HD 73583,Transit,2022,10.2,2.79,6.398042,714.0,4511.0,0.73,31.5666
TOI-4662 b,TOI-4662,Transit,2026,,2.87998299,4.70343764575,,4520.41,,111.047
Kepler-413 b,Kepler-413,Transit,2014,67.0,4.347,66.262,,4700.0,0.82,847.536
Kepler-48 d,Kepler-48,Transit,2014,7.93,2.04,42.8961,,5194.0,0.88,306.738
TOI-1994 b,TOI-1994,Transit,2024,7024.0077947,13.67495645,4.0337142,2290.0,7700.0,1.86,515.603
HR 858 c,HR 858,Transit,2019,3.8,1.979,5.973865,1309.0,6354.0,1.204,31.964
Kepler-1942 b,Kepler-1942,Transit,2021,,2.1170287,4.626049995,,5834.0,0.852,842.492
K2-61 b,K2-61,Transit,2016,,1.92,2.57336,1325.0,5748.0,0.97,405.732
Kepler-1389 b,Kepler-1389,Transit,2016,,1.77,99.2530951,,5078.0,0.81,497.093
Kepler-264 b,Kepler-264,Transit,2014,,3.33,40.806231,,6158.0,,942.173
TOI-5734 b,TOI-5734,Transit,2026,9.1,2.1,6.1841876,688.0,4750.0,0.724,32.5102
K2-60 b,K2-60,Transit,2016,135.39558,7.655747,3.00265,1400.0,5500.0,0.97,491.87
Kepler-275 c,Kepler-275,Transit,2014,,3.38,16.088134,,6165.0,,2034.25
TOI-1194 b,TOI-1194,Transit,2023,120.0,8.71664516,2.3106446,1264.29,5394.0,0.9835,149.667
Kepler-191 c,Kepler-191,Transit,2014,,1.86,17.738506,,5282.0,,594.464
Kepler-1846 b,Kepler-1846,Transit,2021,,1.76378826,14.82009983,,4825.0,0.785,374.615
Kepler-1047 c,Kepler-1047,Transit,2016,,0.99,3.18897601,,5754.0,1.08,817.647
HD 188641 b,HD 188641,Radial Velocity,2022,9333.03117155,,14583.81038,,,1.07,64.3399
Kepler-754 b,Kepler-754,Transit,2016,,2.01,14.5596237,,5935.0,1.06,1770.27
WASP-95 b,WASP-95,Transit,2014,457.6752,13.78707,2.18467,,5830.0,1.46,137.544
HIP 67851 c,HIP 67851,Radial Velocity,2015,1579.60718279,,3128.41,,4840.0,1.28,64.1181
WASP-70 A b,WASP-70 A,Transit,2014,187.512,13.047,3.7130203,1387.0,5763.0,1.106,222.355
Kepler-1443 b,Kepler-1443,Transit,2016,,0.97,2.41811321,,6289.0,1.19,593.646
Kepler-1435 b,Kepler-1435,Transit,2016,,0.86,4.45343281,,6356.0,1.21,704.211
BD+48 740 b,BD+48 740,Radial Velocity,2018,540.311,,733.0,,4534.0,1.09,666.589
Kepler-203 d,Kepler-203,Transit,2014,,1.44,11.32972,,5821.0,,703.302
Kepler-1859 b,Kepler-1859,Transit,2021,,1.58313575,2.729599953,,5887.0,1.09,1331.25
TOI-5573 b,TOI-5573,Transit,2025,112.0,9.75,8.79758977,528.0,3790.0,0.619,186.562
Kepler-145 b,Kepler-145,Transit,2013,37.1,2.65,22.951,,,1.32,566.85
Kepler-1576 b,Kepler-1576,Transit,2016,,1.04,6.98471973,,5876.0,1.05,460.91
EPIC 212587672 c,EPIC 212587672,Transit,2021,,2.32,23.228555,658.0,6004.0,0.99,320.07
CoRoT-8 b,CoRoT-8,Transit,2010,69.92,6.39,6.21229,,5080.0,0.88,322.037
TOI-2015 c,TOI-2015,Transit Timing Variations,2025,8.91,,5.582796,448.0,3297.0,0.3041,47.3444
WASP-45 b,WASP-45,Transit,2011,306.38812,10.603714,3.126089,1153.0,5150.0,0.85,211.196
HD 17092 b,HD 17092,Radial Velocity,2007,3219.6179,,359.89999,,4326.0,6.73,228.422
HD 14787 b,HD 14787,Radial Velocity,2018,356.28743,,676.6,,4946.0,1.43,119.137
HIP 14810 c,HIP 14810,Radial Velocity,2006,416.3573,,147.747,,5544.0,1.01,50.48
HD 154391 b,HD 154391,Radial Velocity,2023,2892.2385037,,5163.0,,4909.0,2.07,100.947
Kepler-1201 b,Kepler-1201,Transit,2016,,2.29,15.18725932,,6177.0,1.15,944.241
HD 48948 b,HD 48948,Radial Velocity,2024,4.88,,7.34013,957.0,4593.0,0.686,16.9043
Kepler-1562 b,Kepler-1562,Transit,2016,,3.55,64.2737752,,5760.0,1.02,2060.72
K2-242 b,K2-242,Transit,2018,,2.54,6.51389,416.0,3459.0,0.38,109.237
Kepler-188 c,Kepler-188,Transit,2014,,3.19,5.996553,,6021.0,,968.544
Kepler-1096 b,Kepler-1096,Transit,2016,,1.24,2.892217506,,4306.0,0.66,377.976
HD 113337 c,HD 113337,Radial Velocity,2020,6299.67685515,,5429.93477,,,1.41,36.18
TOI-2141 b,TOI-2141,Transit,2023,20.1,3.147,18.261608,728.0,5635.0,0.896,77.682
Kepler-26 b,Kepler-26,Transit,2011,5.12,2.78,12.28,,3914.0,0.544,335.307
Kepler-202 c,Kepler-202,Transit,2014,,1.85,16.282493,,4668.0,,285.111
Kepler-159 b,Kepler-159,Transit,2014,,2.38,10.139623,,4625.0,,373.744
HIP 54597 b,HIP 54597,Radial Velocity,2023,762.7881768,,3274.0,,,0.8,39.7429
Kepler-989 b,Kepler-989,Transit,2016,,2.21,7.964315352,,5074.0,0.82,491.978
K2-385 b,K2-385,Transit,2022,,1.539,2.380867,,4844.0,0.927,420.819
TOI-5788 b,TOI-5788,Transit,2026,3.72,1.528,6.340758,910.0,5615.0,0.87,97.614
Kepler-1041 b,Kepler-1041,Transit,2016,,2.94,24.7576421,,5957.0,1.06,1485.82
Kepler-1140 b,Kepler-1140,Transit,2016,,2.77,24.0862707,,4850.0,0.76,656.48
Kepler-1967 b,Kepler-1967,Transit,2021,,0.73022577,7.281690121,,4970.0,0.996,249.102
Kepler-715 b,Kepler-715,Transit,2016,,3.75,10.00652995,,5871.0,1.04,1327.44
HIP 79098 AB b,HIP 79098 AB,Imaging,2019,6515.515,,,2450.0,,3.75,145.798
HD 68475 b,HD 68475,Radial Velocity,2026,1639.99458012,,7832.0,,5022.0,0.83,33.4297
HD 159243 c,HD 159243,Radial Velocity,2013,603.9,,248.4,,6123.0,1.125,73.3055
Kepler-1649 c,Kepler-1649,Transit,2020,,1.06,19.53527,234.0,3240.0,0.1977,92.1913
K2-381 d,K2-381,Transit,2022,,1.689,26.803023,,4473.0,0.754,145.701
TIC 77552382 b,TIC 77552382,Transit,2026,,5.69176189,3.51025904942,,4981.07,,373.415
TOI-4562 c,TOI-4562,Transit Timing Variations,2024,1833.86990839,,3990.0,,6096.0,1.192,339.605
GJ 876 e,GJ 876,Radial Velocity,2010,14.6,,124.26,,,0.32,4.67517
Kepler-967 c,Kepler-967,Transit,2016,,3.65,198.7112502,,5178.0,0.84,568.546
Kepler-733 b,Kepler-733,Transit,2016,,2.82,20.83424726,,5418.0,0.9,916.706
HAT-P-59 b,HAT-P-59,Transit,2021,489.45574678,12.58768533,4.1419771,1277.8,5678.0,1.008,265.471
Kepler-1263 b,Kepler-1263,Transit,2016,,1.14,4.55139967,,5213.0,0.84,664.83
K2-186 b,K2-186,Transit,2018,,3.17207779,41.474219,,5784.0,1.018617,330.739
Kepler-769 c,Kepler-769,Transit,2016,,1.79,15.9870174,,6186.0,1.19,1169.57
Kepler-338 b,Kepler-338,Transit,2014,,2.44,13.726976,,5923.0,,552.798
Kepler-559 b,Kepler-559,Transit,2016,,3.61,17.58752333,,5630.0,0.96,776.708
Kepler-766 b,Kepler-766,Transit,2016,,3.39,6.10027804,,5992.0,1.1,2297.62
TOI-411 c,HD 22946,Transit,2022,9.72,2.328,9.573083,931.0,6169.0,1.098,62.7792
Kepler-1128 b,Kepler-1128,Transit,2016,,3.65,61.6178167,,5543.0,0.94,1083.41
Kepler-1692 b,Kepler-1692,Transit,2020,,1.11177184,5.95966,,5146.0,0.87,591.019
NGTS-31 b,NGTS-31,Transit,2025,355.96781584,18.04645893,4.162734,1410.0,5710.0,0.96,497.376
MOA-2022-BLG-091L b,MOA-2022-BLG-091L,Microlensing,2025,1141.00398113,,,,,0.75,4250.0
Kepler-123 c,Kepler-123,Transit,2014,,1.48,26.695074,,6089.0,,1021.66
TOI-908 b,TOI-908,Transit,2023,16.137,3.186,3.183792,1317.0,5626.0,0.95,175.748
Kepler-196 b,Kepler-196,Transit,2014,,1.9,20.739886,,5128.0,,451.312
Kepler-1229 b,Kepler-1229,Transit,2016,,1.4,86.828989,,3784.0,0.54,265.482
GJ 876 d,GJ 876,Radial Velocity,2005,6.83,,1.93778,,,0.32,4.67517
Kepler-1025 b,Kepler-1025,Transit,2016,,1.98,37.3229493,,6089.0,1.09,803.776
Kepler-793 b,Kepler-793,Transit,2016,,1.37,4.24153639,,5745.0,0.98,985.699
HD 111232 b,HD 111232,Radial Velocity,2003,2531.50326176,,1169.13202,,,0.96,28.9571
Kepler-1910 b,Kepler-1910,Transit,2021,,1.184,5.688769817,,4234.0,0.636,
2MASS J12073346-3932539 b,2MASS J12073346-3932539,Imaging,2004,1652.7077164,15.69257298,,1163.0,,,64.308
Kepler-187 c,Kepler-187,Transit,2014,,2.67,10.640263,,6105.0,,1143.0
Kepler-83 c,Kepler-83,Transit,2012,,2.36,20.09,,,0.66,400.409
Kepler-398 d,Kepler-398,Transit,2016,,0.88,6.83437001,,4557.0,0.72,177.355
WASP-106 b,WASP-106,Transit,2014,613.40882551,12.10569916,9.28969,,6002.0,1.175,352.181
HD 89744 b,HD 89744,Radial Velocity,1999,2653.8805,,256.78,,6291.0,1.86,38.6364
TOI-7041 b,TOI-7041,Transit,2025,114.41822652,11.43316031,9.691,,4700.0,1.07,439.52
Kepler-901 b,Kepler-901,Transit,2016,,1.37,3.517494394,,4184.0,0.59,253.867
Kepler-286 e,Kepler-286,Transit,2014,,1.77,29.221289,,5580.0,,1226.85
Kepler-20 e,Kepler-20,Transit,2011,0.76,0.821,6.0984882,1004.0,5495.0,0.929,282.563
Gaia-4 b,Gaia-4,Astrometry,2025,3750.3752026,,571.3,,4034.0,0.644,73.4829
Kepler-892 b,Kepler-892,Transit,2016,,2.81,13.7521072,,4747.0,0.75,570.727
WASP-108 b,WASP-108,Transit,2020,,15.13212395,,1589.0,,,258.777
Kepler-1474 b,Kepler-1474,Transit,2016,,2.16,36.4333452,,5870.0,1.04,1180.9
KELT-16 b,KELT-16,Transit,2017,874.0325,15.860735,0.9689951,2453.0,6236.0,1.211,444.586
TOI-1516 b,TOI-1516,Transit,2022,1004.33776612,15.24421375,2.056014,,6520.0,1.14,247.054
TOI-1659.01,TOI-1659,Transit,2024,,2.255,5.877556328,,5977.0,1.1,122.494
TOI-4640 b,TOI-4640,Transit,2026,,2.84326517,2.68566015238,,5743.01,,245.089
Kepler-549 c,Kepler-549,Transit,2016,,2.93,117.040498,,5360.0,0.88,635.145
Kepler-1153 b,Kepler-1153,Transit,2016,,1.73,1.755835327,,5470.0,0.91,1119.49
TOI-2096 b,TOI-2096,Transit,2023,,1.243,3.1190633,445.0,3300.0,0.231,48.4809
Kepler-272 b,Kepler-272,Transit,2014,,1.43,2.971353,,5297.0,,889.608
Kepler-1078 b,Kepler-1078,Transit,2016,,1.9,3.00725242,,5612.0,0.94,2481.71
Kepler-957 b,Kepler-957,Transit,2016,,5.5,5.907413537,,4963.0,0.81,824.688
TOI-5515 b,TOI-5515,Transit,2026,,2.65362762,8.59225810839,,5483.65,,135.459
Kepler-1497 b,Kepler-1497,Transit,2016,,1.66,8.74199772,,5675.0,0.96,
CoRoT-26 b,CoRoT-26,Transit,2013,165.26,14.12,4.20474,1600.0,5590.0,1.09,1045.18
Kepler-787 b,Kepler-787,Transit,2016,,1.28,0.928310498,,4248.0,0.65,503.568
G 261-6 b,G 261-6,Radial Velocity,2025,1.37,,5.4536,322.3,,0.118,10.6267
Kepler-642 b,Kepler-642,Transit,2016,,2.9,4.41745855,,6570.0,1.4,781.582
TOI-3976 A b,TOI-3976 A,Transit,2023,55.61997123,12.27383387,6.607662,1295.0,5975.0,1.254,516.087
Kepler-1115 b,Kepler-1115,Transit,2016,,1.7,23.5540725,,8480.0,1.6,983.245
Kepler-107 d,Kepler-107,Transit,2014,7.7,0.86,7.95839,1173.0,5854.0,1.238,525.997
TOI-712 b,TOI-712,Transit,2022,,2.049,9.531361,650.0,4622.0,0.732,58.6212
Kepler-1147 b,Kepler-1147,Transit,2016,,2.61,10.62784997,,5941.0,1.09,1657.36
WASP-104 b,WASP-104,Transit,2014,404.263,12.745,1.7554137,1516.0,5475.0,1.076,185.932
TOI-833 b,TOI-833,Transit,2022,,1.27,1.0418777,1118.0,3920.0,0.61,41.7148
TOI-5728 b,TOI-5728,Transit,2025,,1.31,11.49761,382.0,3419.0,0.36,54.7045
Kepler-825 c,Kepler-825,Transit,2016,,1.84,8.1818246,,5976.0,1.03,807.85
Kepler-220 e,Kepler-220,Transit,2014,,1.33,45.902733,,4632.0,,171.109
Kepler-1058 b,Kepler-1058,Transit,2016,,2.72,110.96546,,4644.0,0.73,491.997
Kepler-460 c,KIC 5437945,Transit,2016,,5.52,220.1303357,,6146.0,1.17,1274.01
TOI-880 c,TOI-880,Transit,2025,,4.95,6.3872703,805.0,5050.0,0.87,60.6679
HU Aqr AB c,HU Aqr,Eclipse Timing Variations,2011,1430.235,,4368.0,,,0.88,
Kepler-1925 b,Kepler-1925,Transit,2021,,3.00177922,46.71640015,,5856.0,1.057,1771.31
GJ 887 b,GJ 887,Radial Velocity,2020,3.9,,9.2619,426.0,3688.0,0.495,3.28679
Kepler-1556 b,Kepler-1556,Transit,2016,,1.96,8.82713457,,5608.0,0.97,944.54
TOI-1450 A c,TOI-1450 A,Transit,2024,1.527,,5.0688,533.0,3437.0,0.48,22.4467
HD 37605 b,HD 37605,Radial Velocity,2004,854.9627,,55.01292,,5329.0,0.94,46.7864
K2-200 b,K2-200,Transit,2018,,1.3643987,2.849883,,5233.0,0.860208,184.131
Kepler-505 b,Kepler-505,Transit,2016,,2.6,27.52197994,,3931.0,0.55,283.41
K2-312 c,HD 80653,Radial Velocity,2023,1719.45168187,,921.2,,5959.0,1.18,109.86
K2-417 b,K2-417,Transit,2023,699.2224954,3.31,6.535,558.0,3861.0,0.569,94.0424
Kepler-1363 b,Kepler-1363,Transit,2016,,1.25,2.94194094,,4839.0,0.76,541.714
Kepler-406 c,Kepler-406,Transit,2014,2.71,0.85,4.62332,,5538.0,1.07,364.03
Kepler-394 b,Kepler-394,Transit,2014,,1.6,8.005013,,6402.0,,1058.72
TIC 231949697 b,TIC 231949697,Transit,2026,,1.52831855,0.90720448719,,3451.32,,50.2408
KIC 10001893 b,KIC 10001893,Orbital Brightness Modulation,2014,,,0.2197,,27500.0,,1672.94
HD 134606 e,HD 134606,Radial Velocity,2024,2.34,,4.3203,,5576.0,1.046,26.7909
OGLE-2016-BLG-1227L b,OGLE-2016-BLG-1227L,Microlensing,2020,250.0,,,,,0.1,
Kepler-464 b,Kepler-464,Transit,2016,,3.3,7.256965224,,5933.0,1.21,667.604
Kepler-297 c,Kepler-297,Transit,2014,,6.54,74.920137,,5619.0,,692.14
Kepler-358 c,Kepler-358,Transit,2014,,2.85,83.488369,,5908.0,,1101.1
TOI-2580 b,TOI-2580,Transit,2024,200.23189641,17.37392009,3.39775,2410.0,6120.0,1.33,379.253
GJ 3222 b,GJ 3222,Radial Velocity,2022,11.44182265,,10.66669,,,0.89,18.23817
Kepler-126 c,Kepler-126,Transit,2014,,1.58,21.869741,,6239.0,,237.401
EPIC 211822797 b,EPIC 211822797,Transit,2016,,1.92,21.1701963,431.0,4057.0,0.62,186.197
Kepler-1404 b,Kepler-1404,Transit,2016,,2.01,15.9314739,,5261.0,0.84,962.183
Kepler-1107 b,Kepler-1107,Transit,2016,,1.34,0.571038518,,5268.0,0.86,428.798
Kepler-606 b,Kepler-606,Transit,2016,,3.31,24.31575992,,6161.0,1.13,1215.11
Kepler-59 c,Kepler-59,Transit,2012,,1.98,17.9801235,,6074.0,1.04,1163.22
Kepler-1669 c,Kepler-1669,Transit,2021,,1.90120972,1.609320045,,4224.0,0.609,543.444
Kepler-1630 b,Kepler-1630,Transit,2016,,2.19,509.997402,,4736.0,0.66,331.213
HD 187085 b,HD 187085,Radial Velocity,2006,265.70588,,1019.74,,6117.0,1.189,45.8993
Kepler-228 c,Kepler-228,Transit,2014,,2.7,4.134444,,6043.0,,1644.61
K2-192 b,K2-192,Transit,2018,,1.52,4.162817,939.0,5222.0,0.9,221.753
Kepler-1350 c,Kepler-1350,Transit,2016,,1.73,1.766789062,,3827.0,0.55,340.691
HD 94890 b,HD 94890,Radial Velocity,2025,676.97450691,,824.61,,4867.0,1.74,61.7012
K2-63 c,K2-63,Transit,2016,,3.9,25.4556,,6771.0,1.4,517.534
HD 96992 b,HD 96992,Radial Velocity,2021,362.3262,,514.0,,4725.0,0.96,396.082
TOI-329 b,TOI-329,Transit,2024,40.4,4.94057819,5.70439,1213.02,5614.0,1.0678,284.388
HD 113538 b,HD 113538,Radial Velocity,2010,114.41,,663.2,,4462.0,0.585,16.2817
Kepler-1538 b,Kepler-1538,Transit,2016,,2.82,175.138819,,5837.0,1.03,1125.3
Kepler-1760 b,Kepler-1760,Transit,2021,,2.28995546,38.3260994,,5229.0,0.821,
HD 211810 b,HD 211810,Radial Velocity,2018,212.9461,,1558.0,,5652.0,1.03,64.6353
Kepler-359 b,Kepler-359,Transit,2014,,3.53,25.563222,,6248.0,,1443.21
Kepler-537 b,Kepler-537,Transit,2016,,1.41,3.247555219,,5763.0,1.07,439.4
iot Dra c,iot Dra,Radial Velocity,2021,4958.1231492,,25000.0,,4504.0,1.54,31.32832
WASP-194 b,WASP-194,Transit,2025,373.13054982,15.47960235,3.183387,1693.0,6405.0,1.29,476.831
Kepler-877 b,Kepler-877,Transit,2016,,2.12,18.45847097,,5261.0,0.85,602.176
Kepler-1008 b,Kepler-1008,Transit,2016,,1.28,12.43931193,,5066.0,0.81,282.565
Kepler-830 b,Kepler-830,Transit,2016,,1.7,11.29695137,,6037.0,1.07,
Kepler-332 d,Kepler-332,Transit,2014,,1.18,34.21154,,4955.0,,344.19
Kepler-1943 b,Kepler-1943,Transit,2021,,1.54869189,4.850180149,,6032.0,1.055,1004.55
Kepler-661 b,Kepler-661,Transit,2016,,3.07,6.029301321,,4483.0,0.7,534.788
TOI-6054.02,TOI-6054,Transit,2024,9.3,2.82,12.563636,1143.0,6047.0,1.107,79.407
HD 134606 f,HD 134606,Radial Velocity,2024,5.63,,26.915,,5576.0,1.046,26.7909
Kepler-784 c,Kepler-784,Transit,2023,,1.55,17.157236,844.0,5676.0,1.016,1303.72
Kepler-85 b,Kepler-85,Transit,2012,1.84,1.778,8.3,,5505.2,0.928,765.025
K2-8 b,K2-8,Transit,2015,,3.58,10.35239,631.0,4870.0,0.78,403.513
TOI-929 b,TOI-929,Transit,2026,,2.68983343,5.83015366944,,4457.16,,114.421
KMT-2019-BLG-1367L b,KMT-2019-BLG-1367L,Microlensing,2023,4.08,,,,,0.25,4670.0
OGLE-2015-BLG-1771L b,OGLE-2015-BLG-1771L,Microlensing,2020,138.0,,,,,0.077,7070.0
Kepler-1226 b,Kepler-1226,Transit,2016,,1.45,17.2923453,,5923.0,1.02,1125.72
Kepler-1488 c,Kepler-1488,Transit,2021,,1.65156749,6.158269882,,5710.0,1.003,905.825
Kepler-404 c,Kepler-404,Transit,2014,,1.72,14.751166,,5654.0,,812.524
BD-11 4672 b,BD-11 4672,Radial Velocity,2014,206.5895,,1634.0,,4550.0,0.651,27.1665
Kepler-412 b,Kepler-412,Transit,2014,299.07803,15.031269,1.7208604,1850.0,5750.0,1.167,1086.24
KMT-2016-BLG-1337L b,KMT-2016-BLG-1337L,Microlensing,2026,88.99195396,,,,,0.54,6920.0
Kepler-1487 b,Kepler-1487,Transit,2016,,2.13,7.31946363,,6541.0,1.38,1014.62
HD 200964 b,HD 200964,Radial Velocity,2010,508.21017,,606.3,,4982.0,1.39,72.5922
Kepler-138 e,Kepler-138,Transit Timing Variations,2022,0.43,,38.23,292.0,3841.0,0.535,66.8624
K2-343 c,K2-343,Transit,2021,,2.02,7.676972,465.0,3804.0,0.49,166.169
KELT-18 b,KELT-18,Transit,2017,375.0394,17.59813,2.8717518,2085.0,6670.0,1.524,321.376
TOI-2095 b,TOI-2095,Transit,2023,4.1,1.25,17.66484,347.0,3759.0,0.44,41.9176
K2-138 c,K2-138,Transit,2017,6.31,2.299,3.56004,,5356.3,0.935,202.585
HD 28109 c,HD 28109,Transit,2022,9.2,4.13,55.99712,643.0,6189.0,1.227,139.611
TOI-2379 b,TOI-2379,Transit,2024,1830.69162432,11.72459381,5.4693827,624.0,3707.0,0.645,211.247
Kepler-619 d,Kepler-619,Transit,2023,,4.17,11.67894236,830.0,6122.0,1.041,900.678
K2-29 b,K2-29,Transit,2016,232.0159,13.33871,3.2588321,1171.0,5358.0,0.94,178.475
HD 31527 b,HD 31527,Radial Velocity,2019,10.47,,16.5535,,5898.0,0.96,38.4473
Kepler-186 f,Kepler-186,Transit,2014,,1.17,129.9441,,3755.0,0.544,177.594
Gaia-2 b,Gaia-2,Transit,2022,259.66580852,14.81827249,3.6915224,,5720.0,1.0,209.229
EPIC 212297394 c,EPIC 212297394,Transit,2021,,2.27,5.213965,866.0,5171.0,0.83,418.395
Kepler-11 g,Kepler-11,Transit,2010,25.0,3.33,118.3807,,5663.0,0.961,646.346
HD 159868 b,HD 159868,Radial Velocity,2006,704.94694,,1184.1,,5534.0,1.19,55.8503
Kepler-1537 b,Kepler-1537,Transit,2016,,1.18,1.444453798,,5079.0,0.81,517.292
HIP 65407 c,HIP 65407,Radial Velocity,2016,249.17872,,67.3,,5460.0,0.93,61.7804
Kepler-678 b,Kepler-678,Transit,2016,,5.14,7.27503724,,5520.0,0.94,1826.15
KOI-217 b,KOI-217,Transit,2010,,12.442,3.90512,,5545.0,0.95,914.699
HD 102117 b,HD 102117,Radial Velocity,2005,54.0311,,20.8133,,5655.0,1.06,39.5792
Kepler-784 b,Kepler-784,Transit,2016,,1.58,31.5922646,,5674.0,1.0,1303.72
K2-170 c,K2-170,Transit,2018,,1.8017647,12.400047,,5748.0,0.963657,392.872
Kepler-1798 b,Kepler-1798,Transit,2021,,2.30911251,16.85589981,,3967.0,0.593,395.196
Kepler-149 d,Kepler-149,Transit,2014,,3.96,160.018032,,5381.0,,571.034
K2-387 b,K2-387,Transit,2022,,7.322,28.735327,,3572.0,0.57,266.318
HD 158259 e,HD 158259,Radial Velocity,2020,6.08,,7.951,,,1.08,27.0498
Kepler-193 b,Kepler-193,Transit,2014,,2.39,11.38848,,6335.0,,1009.1
TOI-1244 b,TOI-1244,Transit,2024,,2.467,6.400316483,,4599.0,0.73,102.551
KOI-2513.01,KOI-2513,Transit,2023,7310.053361,2.80224517,19.00547,,5900.0,0.91,1369.87
Kepler-577 b,Kepler-577,Transit,2016,,2.55,25.69578251,,4984.0,0.78,524.247
Kepler-342 c,Kepler-342,Transit,2014,,1.96,26.234138,,6175.0,,781.611
Kepler-887 b,Kepler-887,Transit,2016,,1.84,20.42228798,,6194.0,1.19,886.588
Kepler-1120 b,Kepler-1120,Transit,2016,,1.38,2.949029052,,4904.0,0.78,615.231
K2-237 b,K2-237,Transit,2018,434.15360396,16.06246934,2.18053332,1759.0,6180.0,1.256,314.995
K2-403 b,K2-403,Transit,2022,,5.333,33.589979,,5511.0,0.784,246.599
Kepler-375 c,Kepler-375,Transit,2014,,2.65,19.986326,,5826.0,,1238.81
Kepler-337 c,Kepler-337,Transit,2014,,2.05,9.693201,,5684.0,,677.975
KMT-2021-BLG-0322L b,KMT-2021-BLG-0322L,Microlensing,2021,2034.1018048,,,,,0.62,6600.0
WASP-197 b,WASP-197,Transit,2025,403.32424848,14.44837612,5.167228,1665.0,6050.0,1.36,483.675
WASP-187 b,WASP-187,Transit,2020,254.264,18.38276,5.147878,,6150.0,1.54,371.414
KOBE-1 c,KOBE-1,Radial Velocity,2025,12.4,,29.671,392.5,4135.0,0.629,23.9718
Kepler-113 b,Kepler-113,Transit,2014,11.7,1.82,4.754,,4725.0,0.75,262.351
Kepler-805 b,Kepler-805,Transit,2016,,2.89,30.8638931,,6112.0,1.19,638.49
Kepler-1860 b,Kepler-1860,Transit,2021,,1.13863767,12.73719978,,5420.0,0.874,438.703
Kepler-216 b,Kepler-216,Transit,2014,,2.35,7.693641,,6091.0,,1187.47
HD 219828 c,HD 219828,Radial Velocity,2016,5102.41724598,,4789.87297,,,1.04,73.114
HAT-P-7 b,HAT-P-7,Transit,2008,584.8072,16.92559,2.20474,,6389.0,1.56,341.079
TOI-1184 b,TOI-1184,Transit,2024,,2.39,5.748433803,,4534.0,0.71,58.5946
Kepler-1005 b,Kepler-1005,Transit,2016,,1.5,6.49801525,,5782.0,1.0,567.806
K2-199 b,K2-199,Transit,2018,6.9,1.73,3.2253993,913.0,4491.0,0.711,107.518
K2-13 b,K2-13,Transit,2015,,1.89,39.91488,511.0,5698.0,0.8,342.394
Kepler-1309 b,Kepler-1309,Transit,2016,,2.37,28.8432647,,5235.0,0.85,
HD 79498 b,HD 79498,Radial Velocity,2011,425.8922,,1807.0,,5748.0,1.08,48.9489
HD 135625 b,HD 135625,Radial Velocity,2023,731.0053361,,4055.0,,,1.28,56.518
HD 63433 d,HD 63433,Transit,2023,,1.073,4.209075,1040.0,5688.0,0.99,22.4035
HD 93385 b,HD 93385,Radial Velocity,2021,4.2,,7.3426,,5977.0,1.04,43.3475
WASP-38 b,WASP-38,Transit,2010,1093.3352,13.78707,6.87188,,6180.0,1.76,136.24
Kepler-1549 b,Kepler-1549,Transit,2016,,2.57,214.886545,,5324.0,0.88,803.052
Kepler-1285 b,Kepler-1285,Transit,2016,,0.97,14.7967458,,6170.0,1.2,422.269
HD 190984 b,HD 190984,Radial Velocity,2009,985.2,,4885.0,,5988.0,0.91,148.187
Kepler-290 d,Kepler-290,Transit,2023,,0.86,0.764017553,1589.0,5142.0,0.84,694.627
KIC 9663113 b,KIC 9663113,Transit,2015,,4.6,572.3847,,6065.0,0.98,1594.74
HD 80883 b,HD 80883,Radial Velocity,2022,1748.0562385,,6383.78352,,,0.88,34.6011
HD 25463 b,HD 25463,Transit,2023,8.7,2.54535814,7.0491423,1198.46,6353.0,1.251,45.6181
Kepler-944 b,Kepler-944,Transit,2016,,2.63,43.3167737,,5409.0,0.86,1349.43
HD 222237 b,HD 222237,Radial Velocity,2024,1649.52943233,,14892.0,,4751.0,0.76,11.4469
HD 37124 b,HD 37124,Radial Velocity,2002,214.53525,,154.378,,,0.85,31.6634
Kepler-125 c,Kepler-125,Transit,2014,,0.74,5.774464,,3810.0,,183.365
Kepler-1424 b,Kepler-1424,Transit,2016,,1.16,29.6091744,,5838.0,1.02,661.421
Kepler-1269 b,Kepler-1269,Transit,2016,,1.63,37.3331536,,5998.0,1.1,1097.23
Kepler-312 b,Kepler-312,Transit,2014,,1.29,1.772419,,6115.0,,797.72
Kepler-206 b,Kepler-206,Transit,2014,,1.2,7.781987,,5764.0,,594.447
Kepler-529 b,Kepler-529,Transit,2016,,1.86,1.980357663,,6087.0,1.07,799.008
GJ 2056 b,GJ 2056,Radial Velocity,2020,16.2,,69.971,,,0.62,28.4434
Kepler-1832 b,Kepler-1832,Transit,2021,,1.22719556,3.138789892,,5242.0,0.684,486.174
Kepler-54 d,Kepler-54,Transit,2014,,1.53,20.995694,,4252.0,,271.701
KMT-2023-BLG-0466L b,KMT-2023-BLG-0466L,Microlensing,2026,1032.94232275,,,,,0.44,6800.0
HD 108236 c,HD 108236,Transit,2020,,2.071,6.203449,,5660.0,0.869,64.5978
Kepler-361 c,Kepler-361,Transit,2014,,2.52,55.188023,,6169.0,,930.32
Kepler-11 c,Kepler-11,Transit,2010,2.9,2.87,13.0241,,5663.0,0.961,646.346
Teegarden's Star b,Teegarden's Star,Radial Velocity,2019,1.16,,4.90634,277.0,3034.0,0.097,3.83078
Kepler-1917 b,Kepler-1917,Transit,2021,,1.88971288,12.90240002,,5530.0,0.882,909.037
TOI-4588 b,TOI-4588,Transit,2026,,2.92922558,13.11881173651,,7746.12,,225.181
K2-330 b,K2-330,Transit,2021,,2.77,13.774798,969.0,6232.0,1.23,160.125
Kepler-251 e,Kepler-251,Transit,2014,,2.77,99.640161,,5526.0,,924.625
Kepler-402 b,Kepler-402,Transit,2014,,1.22,4.028751,,6090.0,,625.339
Kepler-333 c,Kepler-333,Transit,2014,,1.11,24.08821,,4259.0,,324.413
Kepler-717 b,Kepler-717,Transit,2016,,2.42,4.40840023,,5485.0,0.88,2805.48
Proxima Cen b,Proxima Cen,Radial Velocity,2016,1.055,,11.18465,218.0,2900.0,0.1221,1.30119
HD 149143 b,HD 149143,Radial Velocity,2005,422.7139,,4.07182,,5856.0,1.2,73.2801
Kepler-52 c,Kepler-52,Transit,2012,45.4,1.84,16.3850021,,4075.0,0.54,321.542
Kepler-1789 b,Kepler-1789,Transit,2021,,2.83137505,80.23190308,,5436.0,0.92,611.461
Kepler-1598 b,Kepler-1598,Transit,2016,,0.95,4.34195123,,5940.0,1.07,619.862
Kepler-1429 b,Kepler-1429,Transit,2016,,1.29,4.48487493,,5902.0,1.05,1214.09
Kepler-197 d,Kepler-197,Transit,2014,,1.22,15.677563,,6004.0,,330.575
HD 74698 b,HD 74698,Radial Velocity,2023,23.0,,15.017,,5783.0,1.039,52.0648
TOI-1036 b,TOI-1036,Transit,2026,,6.28499593,3.77952125496,,5664.68,,184.015
Kepler-356 b,Kepler-356,Transit,2014,,1.57,4.612696,,6133.0,,707.559
Kepler-815 b,Kepler-815,Transit,2016,,4.11,8.57503552,,5028.0,1.25,1259.28
Kepler-82 d,Kepler-82,Transit,2014,,1.77,2.382961,,5428.0,,904.326
Kepler-141 b,Kepler-141,Transit,2014,,0.69,3.107675,,4910.0,,301.183
Kepler-1575 b,Kepler-1575,Transit,2016,,1.31,2.55314213,,5667.0,0.95,1246.92
WASP-36 b,WASP-36,Transit,2011,750.39663,14.874343,1.53736596,1733.0,5959.0,1.081,386.346
Kepler-18 c,Kepler-18,Transit,2011,17.3,5.49,7.64159,,5345.0,0.972,433.047
Kepler-377 b,Kepler-377,Transit,2014,,1.39,12.509529,,5949.0,,823.804
Kepler-138 c,Kepler-138,Transit,2014,2.3,1.51,13.7815,410.0,3841.0,0.535,66.8624
K2-108 b,K2-108,Transit,2017,,5.33,4.733999,1360.0,5599.0,1.17,477.295
Kepler-122 d,Kepler-122,Transit,2014,,2.2,21.587475,,6050.0,,1027.45
HD 37124 c,HD 37124,Radial Velocity,2002,207.22516,,885.5,,,0.85,31.6634
Kepler-1520 b,Kepler-1520,Transit,2016,,5.77,0.653553572,,4677.0,0.76,607.917
Kepler-749 b,Kepler-749,Transit,2016,,3.1,17.31716585,,5009.0,0.79,721.027
TOI-5174 b,TOI-5174,Transit,2022,,5.351,12.214286,,5643.77,1.0,197.243
TOI-1411 b,TOI-1411,Transit,2022,2.0,1.19880592,1.4520527,976.4,4115.0,0.6045,32.4778
Kepler-46 b,Kepler-46,Transit,2012,1907.0,9.057,33.60134,543.0,5155.0,0.902,777.06
Kepler-1398 b,Kepler-1398,Transit,2016,,0.9,2.78815679,,6126.0,1.13,852.204
K2-198 c,K2-198,Transit,2019,,1.423,3.3596055,1229.9,5212.9,0.799,110.567
Kepler-1531 b,Kepler-1531,Transit,2016,,1.11,1.138543376,,6260.0,1.16,666.334
HD 165131 b,HD 165131,Radial Velocity,2023,5943.3912109,,2342.6,,5870.0,1.06,57.4263
HD 240210 b,HD 240210,Radial Velocity,2009,1655.82,,501.75,,4297.0,0.82,372.405
Kepler-487 c,Kepler-487,Transit,2016,,2.68,38.6519976,,5444.0,0.91,872.343
Kepler-1569 b,Kepler-1569,Transit,2016,,1.68,5.79180156,,6319.0,1.25,945.454
Kepler-101 b,Kepler-101,Transit,2014,51.1,5.77,3.4876812,1513.0,5667.0,1.17,927.981
Kepler-1290 b,Kepler-1290,Transit,2016,,1.42,4.69500134,,5660.0,0.95,1593.7
TIC 34085383 b,TIC 34085383,Transit,2026,,3.91982296,3.47793368523,,4694.84,,149.12
Kepler-291 c,Kepler-291,Transit,2014,,1.88,5.700786,,6002.0,,1786.48
Kepler-1045 b,Kepler-1045,Transit,2016,,2.69,26.41045478,,5301.0,0.86,942.485
Kepler-82 b,Kepler-82,Transit,2012,12.15,4.07,26.44,,,0.91,904.326
HIP 116454 b,HIP 116454,Transit,2014,9.7,2.469,9.1004157,753.2,5048.0,0.8,62.4491
HD 147873 c,HD 147873,Radial Velocity,2016,731.009,,491.54,,5972.0,1.38,109.055
WASP-118 b,WASP-118,Transit,2016,163.36462,16.14096,4.0460435,1729.0,6410.0,1.32,376.658
K2-16 b,K2-16,Transit,2015,,2.02,7.6188,658.0,4742.0,0.68,334.967
Kepler-1122 b,Kepler-1122,Transit,2016,,2.04,42.1917357,,5544.0,0.92,1230.42
TYC 3667-1280-1 b,TYC 3667-1280-1,Radial Velocity,2016,1716.282,,26.468,1350.0,5130.0,1.87,477.516
HD 49674 b,HD 49674,Radial Velocity,2002,31.783,,4.94737,,5602.0,1.03,43.0399
Kepler-674 b,Kepler-674,Transit,2016,,1.69,2.243381847,,4192.0,0.6,342.254
Kepler-233 b,Kepler-233,Transit,2014,,2.43,8.472382,,5360.0,,856.417
HIP 12961 b,HIP 12961,Radial Velocity,2010,114.4188,,57.435,,3901.0,0.69,23.371
Kepler-621 b,Kepler-621,Transit,2016,,2.3,2.628113746,,4521.0,0.72,
Barnard b,Barnard's star,Radial Velocity,2024,0.299,,3.1542,438.0,3195.0,0.162,1.82655
HD 155358 b,HD 155358,Radial Velocity,2007,314.6517,,194.3,,5905.0,1.15,43.6197
Kepler-1039 b,Kepler-1039,Transit,2016,,1.46,0.934884242,,4870.0,0.79,306.91
Kepler-803 b,Kepler-803,Transit,2016,,3.79,50.28638192,,5919.0,1.05,639.771
K2-321 b,K2-321,Transit,2020,,2.05124347,2.2979749,830.0,3750.0,0.578,77.6888
Kepler-584 b,Kepler-584,Transit,2016,,4.21,35.1810304,,6195.0,1.17,1848.84
Kepler-254 d,Kepler-254,Transit,2014,,2.5,18.746477,,5957.0,,1389.48
Kepler-908 b,Kepler-908,Transit,2016,,1.22,1.340597468,,5973.0,1.11,290.843
HD 149806 b,HD 149806,Radial Velocity,2022,4003.68444298,,16521.52778,,,0.93,20.2727
NGTS-21 b,NGTS-21,Transit,2022,750.07504052,14.90794433,1.5433897,1357.0,4660.0,0.72,592.891
Kepler-135 c,Kepler-135,Transit,2014,,1.16,11.448708,,6090.0,,621.855
Kepler-684 b,Kepler-684,Transit,2016,,3.36,6.770302008,,5493.0,0.89,1731.27
TOI-3261 b,TOI-3261,Transit,2024,30.3,3.82,0.8831331,1722.0,5068.0,0.861,300.141
Kepler-1823 b,Kepler-1823,Transit,2021,,2.0861268,21.10339928,,6000.0,1.068,724.971
HD 184010 d,HD 184010,Radial Velocity,2022,143.02278315,,836.4,,4971.0,1.35,60.7993
HD 7199 b,HD 7199,Radial Velocity,2011,85.8141,,615.0,,5371.0,0.77,36.1531
Kepler-218 c,Kepler-218,Transit,2014,,3.14,44.699576,,5502.0,,656.38
HD 83443 c,HD 83443,Radial Velocity,2022,476.7426105,,8241.0,,5442.0,1.0,40.8991
1RXS J160929.1-210524 b,1RXS J160929.1-210524,Imaging,2008,3000.0,,,1700.0,4060.0,0.85,139.135
K2-12 b,K2-12,Transit,2015,5.2,2.44,8.28246,1026.0,5672.0,0.965,326.381
EPIC 249893012 b,EPIC 249893012,Transit,2020,8.75,1.95,3.5951,1616.0,5430.0,1.05,321.296
KMT-2023-BLG-1866L b,KMT-2023-BLG-1866L,Microlensing,2024,2.63,,,,,0.51,6210.0
HD 206610 b,HD 206610,Radial Velocity,2009,647.10188,,673.2,,4842.0,1.55,147.192
HD 192310 c,HD 192310,Radial Velocity,2011,24.0,,525.8,185.0,5166.0,0.8,8.79687
HD 219134 d,HD 219134,Radial Velocity,2015,16.17,1.61,46.859,410.5,4699.0,0.81,6.53127
BD+20 2457 c,BD+20 2457,Radial Velocity,2009,3963.17,,621.99,,4137.0,2.8,1539.71
Kepler-450 d,Kepler-450,Transit,2015,,0.837,7.51464,,6197.21,1.19,455.982
OGLE-2007-BLG-368L b,OGLE-2007-BLG-368L,Microlensing,2009,20.0,,,,,0.64,5900.0
KMT-2016-BLG-1836L b,KMT-2016-BLG-1836L,Microlensing,2019,700.0,,,,,0.49,7100.0
Kepler-31 c,Kepler-31,Transit,2011,1493.7,5.3,42.6318,,6340.0,1.21,1664.64
Kepler-1561 b,Kepler-1561,Transit,2016,,1.09,1.005207007,,5957.0,1.07,839.076
Kepler-1990 c,Kepler-1990,Transit,2023,,0.98,4.06844957,1170.0,5751.0,1.028,392.739
HD 177830 c,HD 177830,Radial Velocity,2010,47.6725,,110.9,,4949.0,1.47,62.7674
HD 22781 b,HD 22781,Radial Velocity,2011,4338.2,,528.07,,5027.0,0.75,32.6034
K2-281 b,K2-281,Transit,2018,,8.18,8.687721,665.0,4812.0,0.82,458.139
Kepler-1790 b,Kepler-1790,Transit,2021,,3.1446145,31.58889961,,5866.0,1.02,1070.17
Kepler-1843 b,Kepler-1843,Transit,2021,,2.70909809,25.54339981,,5422.0,1.02,784.625
HD 163607 b,HD 163607,Radial Velocity,2012,249.051588,,75.2203,,5522.0,1.12,67.7855
Kepler-1744 b,Kepler-1744,Transit,2021,,3.76754004,37.10110092,,5986.0,0.886,1091.63
Kepler-1530 c,Kepler-1530,Transit,2016,,1.65,5.3227406,,5477.0,0.92,489.876
Kepler-1835 b,Kepler-1835,Transit,2021,,3.53387773,11.96409988,,5903.0,0.922,1404.38
Kepler-659 b,Kepler-659,Transit,2016,,2.5,17.671796,,4870.0,0.79,722.64
Kepler-1393 b,Kepler-1393,Transit,2016,,0.8,2.44357812,,5697.0,0.95,544.456
TOI-1294 c,TOI-1294,Radial Velocity,2024,147.0,,159.9,,5718.0,1.1578,332.648
Kepler-1859 c,Kepler-1859,Transit,2023,,1.66,3.59645081,1327.0,5887.0,1.09,1331.25
Kepler-186 e,Kepler-186,Transit,2014,,1.27,22.407704,,3788.0,0.478,177.594
Kepler-520 c,Kepler-520,Transit,2016,,1.07,5.21104261,,6112.0,1.1,623.901
Kepler-669 b,Kepler-669,Transit,2016,,4.83,4.125546869,,6038.0,1.15,2063.41
Kepler-1386 b,Kepler-1386,Transit,2016,,1.24,6.73972381,,5733.0,1.02,835.882
Kepler-387 b,Kepler-387,Transit,2014,,1.03,6.791636,,5774.0,,801.052
TOI-4137 b,TOI-4137,Transit,2022,457.67290608,13.57407563,3.8016122,1570.0,6202.0,1.313,334.993
TOI-682.01,TOI-682,Transit,2021,,3.74186,6.8392388,1090.0,5085.0,,83.1548
HD 285968 b,HD 285968,Radial Velocity,2008,8.4,,8.7836,450.0,,0.5,9.47045
BEBOP-4 AB b,BEBOP-4 A,Radial Velocity,2025,8358.8871041,,1823.5,,,1.507,234.294
Kepler-1325 b,Kepler-1325,Transit,2016,,2.86,33.8786838,,5550.0,0.93,973.368
LHS 1678 c,LHS 1678,Transit,2021,,0.941,3.694284,,3490.0,0.345,19.8782
Kepler-852 b,Kepler-852,Transit,2016,,2.54,44.9309804,,6100.0,1.19,1619.03
HD 99283 b,HD 99283,Radial Velocity,2021,308.29355479,,310.4,,4886.0,1.76,111.093
Kepler-111 c,Kepler-111,Transit,2014,222.4798849,7.0840758,224.77833,352.2,5914.0,1.118,657.223
K2-239 d,K2-239,Transit,2018,,1.1,10.115,399.0,3420.0,0.4,31.0849
Kepler-1130 d,Kepler-1130,Transit,2021,,0.64472273,4.272250175,,5450.0,0.944,249.343
HD 105618 c,HD 105618,Radial Velocity,2022,8419.59232984,,77114.07158,,,1.01,70.0837
Kepler-1305 b,Kepler-1305,Transit,2016,,1.88,13.5630972,,5701.0,0.97,1575.23
Kepler-1333 b,Kepler-1333,Transit,2016,,2.81,109.6471842,,5628.0,0.94,932.446
TOI-2000 c,TOI-2000,Transit,2023,81.7,8.14,9.127055,1038.0,5611.0,1.082,175.713
TOI-1221 b,TOI-1221,Transit,2023,1112.3994245,2.91,91.68278,440.0,5592.0,0.93,138.411
OGLE-2018-BLG-0596L b,OGLE-2018-BLG-0596L,Microlensing,2019,13.93,,,,,0.231,5650.0
HD 110113 b,HD 110113,Transit,2021,4.55,2.05,2.541,1371.0,5732.0,0.997,106.307
Kepler-148 c,Kepler-148,Transit,2014,,3.6,4.180043,,5272.0,,791.163
TOI-3862 b,TOI-3862,Transit,2026,53.7,5.53,1.55745774,1539.0,5300.0,0.9,249.02
Pr0211 b,Pr0211,Radial Velocity,2012,597.5204,,2.1461,,5300.0,0.935,182.714
Kepler-891 b,Kepler-891,Transit,2016,,6.41,53.44945593,,5887.0,1.06,2340.58
Kepler-370 b,Kepler-370,Transit,2014,,1.59,4.57953,,5852.0,,1167.94
Kepler-689 b,Kepler-689,Transit,2016,,2.89,22.36656079,,5518.0,0.91,1131.73
HD 27969 b,HD 27969,Radial Velocity,2021,1525.5763536,,654.5,261.0,5966.0,1.16,67.9328
HD 219077 b,HD 219077,Radial Velocity,2012,3057.50927534,,5478.68861,,,0.92,29.1864
GJ 581 c,GJ 581,Radial Velocity,2007,6.81,,12.9211,,3500.0,0.295,6.2981
Kepler-119 b,Kepler-119,Transit,2014,,3.6,2.422082,,5595.0,,701.996
HD 221420 b,HD 221420,Radial Velocity,2019,7278.2705203,,10090.0,,5847.0,1.351,31.1415
BD-06 1339 c,BD-06 1339,Radial Velocity,2013,53.0,,125.94,,4324.0,0.7,20.2695
Kepler-1930 b,Kepler-1930,Transit,2021,,1.52955541,13.02680016,,5083.0,0.844,275.694
Kepler-755 b,Kepler-755,Transit,2016,,1.76,1.269090374,,5043.0,0.82,399.034
HAT-P-56 b,HAT-P-56,Transit,2015,734.1873,16.92559,2.79083,,6566.0,1.42,320.639
Kepler-430 c,Kepler-430,Transit,2015,,1.75,110.979,458.0,5884.0,1.166,917.477
Kepler-551 b,Kepler-551,Transit,2016,,2.73,12.3764661,,4286.0,0.65,311.175
HD 69830 c,HD 69830,Radial Velocity,2006,11.8,,31.56,,5385.0,0.86,12.5591
HD 63454 b,HD 63454,Radial Velocity,2005,79.4575,,2.81805,,4812.0,0.42,37.6894
K2-99 b,K2-99,Transit,2016,276.51071409,11.88151954,18.24783,1184.0,6069.0,1.44,519.229
Kepler-1217 b,Kepler-1217,Transit,2016,,1.99,2.032325072,,5905.0,1.06,1347.71
HD 107148 c,HD 107148,Radial Velocity,2021,19.89605828,,18.3267,,5752.92,1.105215,49.4156
Kepler-1277 b,Kepler-1277,Transit,2016,,1.6,40.8365012,,5578.0,0.94,557.193
GJ 887 d,GJ 887,Radial Velocity,2026,6.1,,50.77,241.0,3688.0,0.495,3.28679
Kepler-1771 b,Kepler-1771,Transit,2021,,4.05537256,88.64399719,,5661.0,0.941,565.752
HD 190228 b,HD 190228,Radial Velocity,2022,1598.67688721,,1143.59858,,,1.415,62.7146
K2-138 d,K2-138,Transit,2017,7.92,2.39,5.40479,,5356.3,0.935,202.585
OGLE-2019-BLG-0362L b,OGLE-2019-BLG-0362L,Microlensing,2022,1036.12060682,,,,,0.42,5830.0
Kepler-763 b,Kepler-763,Transit,2016,,1.22,1.19655156,,5166.0,0.84,962.459
Kepler-1754 b,Kepler-1754,Transit,2021,,2.43996509,8.195949554,,4723.0,0.734,718.945
Kepler-374 c,Kepler-374,Transit,2014,,1.1,3.282807,,5977.0,,1265.61
K2-344 b,K2-344,Transit,2021,,1.59,3.35585,722.0,4374.0,0.51,75.1691
Kepler-1801 c,Kepler-1801,Transit,2023,,2.91,116.583183,371.0,5738.0,0.936,839.332
TOI-2180 b,TOI-2180,Transit,2022,875.61726129,11.32107051,260.79,348.0,5695.0,1.111,116.685
Kepler-322 c,Kepler-322,Transit,2014,,1.67,4.337234,,5388.0,,400.48
tau Cet g,tau Cet,Radial Velocity,2017,1.75,,20.0,,,0.783,3.60304
Kepler-1038 b,Kepler-1038,Transit,2016,,3.53,148.4603382,,5335.0,0.87,584.136
K2-367 b,K2-367,Transit,2022,,2.413,20.645099,,4348.0,0.756,176.965
Kepler-1857 b,Kepler-1857,Transit,2021,,1.96065412,8.94340992,,6074.0,0.873,853.275
OGLE-2018-BLG-0506L b,OGLE-2018-BLG-0506L,Microlensing,2022,16.3,,,,,0.63,5600.0
HD 76920 b,HD 76920,Radial Velocity,2017,994.80291391,,415.891,,4664.0,1.0,184.031
Kepler-747 b,Kepler-747,Transit,2016,,5.27,35.61760587,,5096.0,0.82,3347.16
Kepler-1881 b,Kepler-1881,Transit,2021,,2.98104391,159.3939972,,5135.0,0.812,1057.21
Kepler-137 c,Kepler-137,Transit,2014,,1.88,18.735753,,5187.0,,302.979
Kepler-292 e,Kepler-292,Transit,2014,,2.67,11.97901,,5299.0,,1056.48
Kepler-154 c,Kepler-154,Transit,2014,,2.95,62.303276,,5690.0,,915.212
HIP 57274 c,HIP 57274,Radial Velocity,2011,130.0,,32.03,,4640.0,0.73,25.8618
Kepler-244 c,Kepler-244,Transit,2014,,2.05,9.767292,,5554.0,,1036.49
TOI-4582 b,TOI-4582,Transit,2023,168.44905571,10.53644186,31.034,,5190.0,1.34,383.846
HD 143105 b,HD 143105,Radial Velocity,2016,384.5743,,2.1974,,6380.0,1.51,46.7789
GJ 3138 d,GJ 3138,Radial Velocity,2017,10.5,,257.8,,3717.0,0.681,28.4712
Kepler-150 f,Kepler-150,Transit,2017,,3.64,637.2093,,5528.0,0.97,891.092
Kepler-372 c,Kepler-372,Transit,2014,,2.09,20.053763,,6509.0,,1493.95
Kepler-1139 b,Kepler-1139,Transit,2016,,1.19,0.813166719,,5550.0,0.94,495.156
Kepler-1146 b,Kepler-1146,Transit,2016,,1.23,2.352265797,,4692.0,0.74,703.038
HD 87646 b,HD 87646,Radial Velocity,2016,3941.092,,13.481,,5770.0,1.12,73.58352
Kepler-1821 b,Kepler-1821,Transit,2021,,2.59248115,16.45809937,,5475.0,0.946,799.699
K2-381 b,K2-381,Transit,2022,,1.075,7.9389334,,4473.0,0.754,145.701
HD 80653 b,HD 80653,Transit,2020,5.72,1.613,0.719573,2463.0,5959.0,1.18,109.86
K2-156 b,K2-156,Transit,2018,,1.1,0.813143,,4460.0,,150.21
Kepler-1053 b,Kepler-1053,Transit,2016,,0.98,2.414351654,,4529.0,0.74,151.129
HD 48948 c,HD 48948,Radial Velocity,2024,7.27,,38.06,553.0,4593.0,0.686,16.9043
Kepler-955 b,Kepler-955,Transit,2016,,3.13,14.53244172,,5350.0,0.89,550.383
Kepler-436 b,Kepler-436,Transit,2015,,2.73,64.00205,,4651.0,0.729,588.867
K2-345 b,K2-345,Transit,2021,,2.11,10.367437,437.0,3779.0,0.56,162.408
Kepler-178 c,Kepler-178,Transit,2014,,2.88,20.552802,,5676.0,,716.025
Kepler-1756 b,Kepler-1756,Transit,2021,,1.47199944,2.355750084,,4915.0,0.781,
Kepler-758 b,Kepler-758,Transit,2016,,2.48,12.1097104,,6228.0,1.16,1502.32
Kepler-380 b,Kepler-380,Transit,2014,,1.19,3.930821,,6045.0,,813.713
Kepler-247 b,Kepler-247,Transit,2014,,1.64,3.33616,,5100.0,,663.711
Kepler-367 b,Kepler-367,Transit,2014,,1.3,37.815724,,4710.0,,188.027
Kepler-1793 b,Kepler-1793,Transit,2021,,3.79037518,8.779999733,,5191.0,0.85,1189.88
Kepler-1923 b,Kepler-1923,Transit,2021,,1.95958179,52.60969925,,5881.0,1.109,990.838
KMT-2019-BLG-0371L b,KMT-2019-BLG-0371L,Microlensing,2021,2447.2787339,,,,,0.09,7010.0
HD 136352 c,HD 136352,Radial Velocity,2019,11.24,2.916,27.59221,677.0,5664.0,0.87,14.682
Kepler-1200 b,Kepler-1200,Transit,2016,,1.06,1.118549717,,4612.0,0.74,588.715
TOI-169 b,TOI-169,Transit,2020,251.40353,12.172974,2.2554477,1715.0,5880.0,1.147,407.84
KMT-2021-BLG-0748L b,KMT-2021-BLG-0748L,Microlensing,2022,143.02278315,,,,,0.36,6090.0
Kepler-325 c,Kepler-325,Transit,2014,,2.54,12.762172,,5752.0,,823.242
Kepler-325 b,Kepler-325,Transit,2014,,2.91,4.544439,,5752.0,,823.242
Kepler-1047 b,Kepler-1047,Transit,2016,,2.09,56.1886887,,5754.0,1.08,817.647
OGLE-2015-BLG-1609L b,OGLE-2015-BLG-1609L,Microlensing,2025,76.27881768,,,,,0.17,3300.0
Kepler-9 b,Kepler-9,Transit,2010,43.4,8.29,19.23891,,5774.0,1.022,628.257
Kepler-950 b,Kepler-950,Transit,2016,,8.98,98.7180406,,5857.0,1.02,2161.6
Kepler-1145 b,Kepler-1145,Transit,2016,,1.4,3.97076766,,5064.0,0.79,691.961
HD 21693 b,HD 21693,Radial Velocity,2019,8.23,,22.6786,,5430.0,0.8,33.255
TIC 320419023 b,TIC 320419023,Transit,2026,,2.77280763,5.26375651589,,5703.36,,288.893
Kepler-744 b,Kepler-744,Transit,2016,,1.62,12.06222443,,5594.0,0.94,449.964
Kepler-570 b,Kepler-570,Transit,2016,,2.45,4.301662003,,5496.0,0.93,568.148
TIC 257060897 b,TIC 257060897,Transit,2021,201.50321004,17.26183028,3.66003639,1775.0,5993.0,1.187,505.703
K2-178 b,K2-178,Transit,2018,,3.55790985,8.747818,,5525.0,0.95109,214.753
Kepler-1232 b,Kepler-1232,Transit,2016,,1.93,26.7839183,,5471.0,0.92,632.865
K2-245 b,K2-245,Transit,2018,,4.34,11.89307,923.0,5793.0,0.83,456.064
HD 164922 c,HD 164922,Radial Velocity,2016,13.0,,75.74,,5390.0,0.926,22.0016
K2-158 c,K2-158,Transit,2018,,1.28,5.90279,948.0,5503.0,0.92,197.299
Kepler-778 b,Kepler-778,Transit,2016,,1.68,3.75574426,,5102.0,0.81,938.168
TOI-216.02,TOI-216,Transit,2019,18.75187601,8.0,17.16073,,,0.77,177.945
Kepler-418 c,Kepler-418,Transit,2021,,5.22108654,12.21829987,,5822.0,0.957,1002.53
tau Cet f,tau Cet,Radial Velocity,2017,3.93,,636.13,,,0.783,3.60304
WASP-156 b,WASP-156,Transit,2017,41.8,6.02802815,3.8361623,934.5,4987.0,0.8712,122.066
HD 238914 b,HD 238914,Radial Velocity,2018,1906.98,,4100.0,,4769.0,1.47,519.452
Kepler-151 b,Kepler-151,Transit,2014,,3.06,15.228958,,5460.0,,649.919
Kepler-1339 b,Kepler-1339,Transit,2016,,0.71,1.341555127,,5586.0,0.94,371.049
Kepler-182 c,Kepler-182,Transit,2014,,3.43,20.684342,,6250.0,,1549.09
Kepler-450 c,Kepler-450,Transit,2015,,2.62,15.413135,,6197.21,1.19,455.982
Kepler-1772 b,Kepler-1772,Transit,2021,,2.68609988,3.215090036,,5541.0,0.942,871.564
EPIC 201595106 b,EPIC 201595106,Transit,2021,7.67,1.565,0.87724,2038.0,5679.0,0.958,232.1
LP 261-75 b,LP 261-75 A,Imaging,2006,6674.396547,,,1500.0,,0.22,33.928
eps Tau b,eps Tau,Radial Velocity,2006,2285.18624633,,585.82,,4877.0,2.57,47.52852
HD 224538 b,HD 224538,Radial Velocity,2016,2075.73732612,,1202.05199,,,1.23,79.0608
Kepler-260 c,Kepler-260,Transit,2014,,1.74,76.050178,,5250.0,,627.365
HD 40956 b,HD 40956,Radial Velocity,2017,858.141,,578.6,,4869.0,2.0,116.593
GJ 180 d,GJ 180,Radial Velocity,2020,7.56,,106.3,,,0.43,11.9407
Kepler-1014 b,Kepler-1014,Transit,2016,,2.39,16.57110363,,5388.0,0.88,624.8
ups Leo b,ups Leo,Radial Velocity,2021,162.09248757,,385.2,,4836.0,1.48,52.5973
GQ Lup b,GQ Lup,Imaging,2004,6356.0,33.6,,2650.0,,0.7,151.169
KMT-2019-BLG-1339L b,KMT-2019-BLG-1339L,Microlensing,2020,397.0,,,,,0.48,6120.0
Kepler-1535 b,Kepler-1535,Transit,2016,,2.55,138.9442,,6021.0,1.08,897.733
EPIC 205950854 c,K2-168,Transit,2019,,1.31,8.050722,960.6,5502.7,0.877,243.935
HD 39855 b,HD 39855,Radial Velocity,2019,8.5,,3.2498,,5576.0,0.87,23.2599
HD 176986 b,HD 176986,Radial Velocity,2017,5.36,,6.49164,767.0,4931.0,0.789,27.7843
KMT-2019-BLG-1216L b,KMT-2019-BLG-1216L,Microlensing,2023,29.87587026,,,,,0.39,2740.0
Kepler-176 c,Kepler-176,Transit,2014,,2.6,12.759712,,5232.0,,527.321
Kepler-363 d,Kepler-363,Transit,2014,,2.05,11.932125,,5593.0,,762.596
Kepler-1946 b,Kepler-1946,Transit,2021,,2.48812698,3.035190105,,5505.0,0.887,1002.12
TOI-6000 b,TOI-6000,Transit,2025,,0.94,0.448959,1120.0,3419.0,0.37,75.7664
TOI-4940 b,TOI-4940,Transit,2025,89.0,6.61,25.867811,643.0,5504.0,1.012,345.659
Kepler-1847 b,Kepler-1847,Transit,2021,,2.74516914,11.12969971,,6122.0,1.041,1693.86
Kepler-431 c,Kepler-431,Transit,2015,,0.668,8.703,951.0,6004.0,1.071,486.546
KMT-2017-BLG-0673L b,KMT-2017-BLG-0673L,Microlensing,2022,1166.43025369,,,,,0.63,5080.0
OGLE-2017-BLG-1275L b,OGLE-2017-BLG-1275L,Microlensing,2024,1875.1876013,,,,,0.63,7690.0
Kepler-622 b,Kepler-622,Transit,2016,,2.13,14.28226676,,4201.0,0.64,284.761
Kepler-812 b,Kepler-812,Transit,2016,,3.55,10.11716531,,6761.0,1.45,1482.74
Kepler-360 b,Kepler-360,Transit,2014,,1.65,3.289672,,6053.0,,876.044
GJ 687 c,GJ 687,Radial Velocity,2020,16.0,,727.562,,,0.4,4.54939
HD 216520 b,HD 216520,Radial Velocity,2020,10.26,,35.45,,5103.0,0.82,19.552
NGTS-14 A b,NGTS-14 A,Transit,2021,29.24036,4.976796,3.5357173,1143.0,5187.0,0.898,322.148
HD 136925 b,HD 136925,Radial Velocity,2021,266.97586188,,4540.0,,5773.19,0.875104,47.874
HAT-P-64 b,HAT-P-64,Transit,2021,184.34047606,19.08889413,4.007232,1766.0,6457.0,1.298,651.897
17 Sco b,17 Sco,Radial Velocity,2020,1373.01871824,,578.38,,4157.0,1.22,124.953
Kepler-1526 b,Kepler-1526,Transit,2016,,2.43,3.908632005,,4601.0,0.73,555.574
Kepler-703 b,Kepler-703,Transit,2016,,8.2,4.583521756,,6185.0,1.18,1156.83
Kepler-1059 b,Kepler-1059,Transit,2016,,1.73,3.764191048,,4906.0,0.75,713.167
HD 28471 c,HD 28471,Radial Velocity,2025,5.72,,6.1245,1066.0,5766.0,0.98,43.6455
TOI-7510 c,TOI-7510,Transit,2025,131.0,10.81,22.5687423,702.0,5720.0,1.063,249.006
Kepler-48 e,Kepler-48,Radial Velocity,2014,657.0,,982.0,,5194.0,0.88,306.738
Kepler-605 c,Kepler-605,Transit,2016,,0.86,2.358951515,,5462.0,0.91,556.58
HD 221416 b,HD 221416,Transit,2019,60.5,9.17,14.2767,,5080.0,1.212,95.5483
K2-350 c,K2-350,Transit,2016,,2.74,19.991944,687.0,5789.0,0.98,489.368
HD 156279 b,HD 156279,Radial Velocity,2011,2997.75753482,,133.40355,,,0.94,36.1945
Kepler-1178 b,Kepler-1178,Transit,2016,,1.07,31.80634,,4990.0,0.8,482.287
Kepler-1155 b,Kepler-1155,Transit,2016,,2.03,33.469743,,5842.0,1.03,1128.72
Kepler-99 b,Kepler-99,Transit,2014,6.15,1.48,4.60358,,4782.0,0.79,208.369
Kepler-289 e,Kepler-289,Transit,2025,17.4,,330.0716,,,1.061,704.438
OGLE-2018-BLG-1700L b,OGLE-2018-BLG-1700L,Microlensing,2020,1400.0,,,,,0.42,7600.0
Kepler-758 d,Kepler-758,Transit,2016,,2.12,20.4966197,,6228.0,1.16,1502.32
Kepler-1442 b,Kepler-1442,Transit,2016,,3.93,81.4162941,,6394.0,1.34,608.68
KMT-2018-BLG-1976L b,KMT-2018-BLG-1976L,Microlensing,2021,705.57906354,,,,,0.65,5840.0
MOA-2012-BLG-505L b,MOA-2012-BLG-505L,Microlensing,2017,6.7,,,,,0.1,7210.0
Kepler-714 b,Kepler-714,Transit,2016,,9.67,8.098887986,,5995.0,1.09,2083.37
Kepler-305 d,Kepler-305,Transit,2014,6.2,2.76,16.74,,5090.0,0.827,868.477
Kepler-1236 b,Kepler-1236,Transit,2016,,2.14,31.0571618,,5337.0,0.86,999.64
Kepler-1656 c,Kepler-1656,Radial Velocity,2022,126.4,,1919.0,,,1.03,185.875
MOA-2016-BLG-526L b,MOA-2016-BLG-526L,Microlensing,2024,14.93793513,,,,,0.37,6930.0
2MASS J21252752-8138278 b,2MASS J21252752-8138278,Imaging,2024,3813.940884,,,1616.0,,,34.1154
TOI-697 b,TOI-697,Transit,2026,,2.35859364,8.60788713593,,5681.95,,93.7714
KOI-13 b,KOI-13,Transit,2011,2949.4624,16.948008,1.763588,2550.0,7650.0,1.72,519.096
HATS-62 b,HATS-62,Transit,2018,56.89157,11.825495,3.2768837,1237.0,5416.0,0.896,523.067
HAT-P-19 b,HAT-P-19,Transit,2010,88.03846874,11.29865255,4.00878322,981.2,4962.0,0.807,202.078
Gl 686 b,Gl 686,Radial Velocity,2018,6.624,,15.53,,3656.0,0.426,8.15728
Kepler-556 b,Kepler-556,Transit,2016,,2.24,11.72292176,,5740.0,1.0,674.598
K2-248 b,K2-248,Transit,2018,,2.57,7.17256,886.0,5528.0,0.88,406.254
Kepler-144 b,Kepler-144,Transit,2014,,1.33,5.885273,,6075.0,,384.917
K2-354 b,K2-354,Transit,2021,,1.56,3.793306,543.0,3669.0,0.43,91.722
Kepler-770 b,Kepler-770,Transit,2016,,2.3,18.92540274,,5598.0,0.94,930.457
K2-72 b,K2-72,Transit,2016,,1.08,5.577212,,3360.47,0.271365,66.4321
Kepler-102 c,Kepler-102,Transit,2014,1.7,0.567,7.071392,777.0,4909.0,0.803,107.796
HD 106515 A b,HD 106515 A,Radial Velocity,2012,6006.9568923,,3626.0,,,0.89,34.0915
GJ 625 b,GJ 625,Radial Velocity,2017,2.82,,14.628,,3499.0,0.3,6.47249
HD 10975 b,HD 10975,Radial Velocity,2021,143.02278315,,283.8,,4840.0,1.41,116.506
Kepler-518 b,Kepler-518,Transit,2016,,2.11,8.512035877,,5842.0,0.96,337.901
Kepler-118 b,Kepler-118,Transit,2014,,1.96,7.518496,,5274.0,,574.228
Kepler-1257 b,Kepler-1257,Transit,2016,,1.52,2.668313762,,5502.0,0.9,1105.95
Kepler-1972 c,Kepler-1972,Transit,2022,2.11,0.868,11.3295,,5818.0,1.12,287.339
HD 125612 d,HD 125612,Radial Velocity,2009,2281.37230545,,2822.72698,,,1.05,57.6207
HD 192263 b,HD 192263,Radial Velocity,1999,177.9848,,24.3556,,4976.0,0.66,19.6359
HD 31527 d,HD 31527,Radial Velocity,2019,11.82,,271.6737,,5898.0,0.96,38.4473
xi Aql b,xi Aql,Radial Velocity,2007,616.90493799,,136.97,,4841.0,1.74,56.1858
TIC 142589416 b,TIC 142589416,Transit,2026,,2.67899519,2.09518466313,,4396.27,,168.933
Kepler-321 c,Kepler-321,Transit,2014,,2.32,13.093921,,5740.0,,384.542
Kepler-1963 b,Kepler-1963,Transit,2021,,0.74437023,1.962260008,,5726.0,0.915,492.847
HD 135694 b,HD 135694,Transit,2023,,2.857,15.923475568,,5712.0,1.02,73.8713
HD 360 b,HD 360,Radial Velocity,2021,238.37130525,,273.1,,4770.0,1.69,111.542
Kepler-521 b,Kepler-521,Transit,2016,,3.18,22.20813214,,6406.0,1.34,830.638
TOI-969 c,TOI-969,Radial Velocity,2022,3591.4609991,,1700.0,96.4,4435.0,0.734,77.2554
K2-404 b,K2-404,Transit,2022,,2.53,13.115365,,3748.0,0.552,121.63
Kepler-761 b,Kepler-761,Transit,2016,,2.03,10.12804789,,5706.0,0.95,830.707
Kepler-1844 b,Kepler-1844,Transit,2021,,3.03648191,3.924510002,,5776.0,0.939,1804.36
Kepler-1288 b,Kepler-1288,Transit,2016,,1.12,2.76122421,,6132.0,1.2,814.078
Kepler-1886 b,Kepler-1886,Transit,2021,,2.58158428,24.2758007,,5745.0,0.928,1059.51
WASP-160 B b,WASP-160 B,Transit,2018,88.35674,12.21781,3.7684952,1119.0,5298.0,0.87,288.326
TOI-6034 b,TOI-6034,Transit,2024,254.0,11.92,2.576184,714.0,3635.0,0.514,117.992
HATS-65 b,HATS-65,Transit,2018,260.93843,16.824709,3.105161,1634.0,6277.0,1.257,493.32
Kepler-1272 b,Kepler-1272,Transit,2016,,2.37,51.1309704,,5926.0,1.06,1206.37
Kepler-65 e,Kepler-65,Radial Velocity,2019,260.0,,258.8,,,1.248,303.728
Kepler-1637 b,Kepler-1637,Transit,2016,,0.89,6.10960324,,5789.0,1.02,567.187
Kepler-1441 b,Kepler-1441,Transit,2016,,1.31,39.4419839,,5802.0,1.0,1110.48
HD 156098 c,HD 156098,Radial Velocity,2022,1661.6069118,,7841.5839,,,1.29,48.249
Kepler-1258 b,Kepler-1258,Transit,2016,,0.86,0.984940167,,5839.0,0.99,717.555
OGLE-2017-BLG-1691L b,OGLE-2017-BLG-1691L,Microlensing,2022,14.62010672,,,,,0.45,7290.0
Kepler-238 e,Kepler-238,Transit,2013,169.7,5.6,23.654,,,1.06,1798.75
Kepler-154 f,Kepler-154,Transit,2016,,1.5,9.91935684,,5769.0,0.98,915.212
Kepler-1595 b,Kepler-1595,Transit,2016,,1.23,4.56380468,,5203.0,0.84,845.022
HD 151450 c,HD 151450,Radial Velocity,2022,1636.18063924,,18144.76236,,,1.14,43.6002
Kepler-1880 b,Kepler-1880,Transit,2021,,2.11686218,6.309219837,,4380.0,0.524,611.041
Kepler-255 c,Kepler-255,Transit,2014,,2.99,9.946047,,5573.0,,1052.53
Kepler-1675 b,Kepler-1675,Transit,2020,,3.12483349,63.0382,,5853.19,1.06,651.117
Kepler-319 b,Kepler-319,Transit,2014,,1.63,4.362705,,5526.0,,503.436
HIP 105854 b,HIP 105854,Radial Velocity,2014,2606.1,,184.2,,4780.0,2.1,78.6381
Kepler-996 b,Kepler-996,Transit,2016,,1.98,3.770590584,,6014.0,1.09,1216.58
7 CMa b,7 CMa,Radial Velocity,2011,587.9855,,735.1,,4826.0,1.34,19.8101
TOI-1853 b,TOI-1853,Transit,2023,73.2,3.46,1.2436258,1479.0,4985.0,0.837,165.105
K2-52 b,K2-52,Transit,2016,,18.0,3.535055,2004.0,7147.0,1.691,1038.41
HD 38283 b,HD 38283,Radial Velocity,2010,127.132,,363.20001,,5981.0,1.37,38.0615
XO-1 b,XO-1,Transit,2006,263.7989,12.77826,3.94153,,5750.0,0.88,163.553
Kepler-207 d,Kepler-207,Transit,2014,,3.31,5.868075,,5920.0,,875.519
TOI-3912 b,TOI-3912,Transit,2023,129.03833324,14.28024141,3.4936264,1512.0,5725.0,1.088,465.992
Kepler-774 b,Kepler-774,Transit,2016,,3.17,11.0895723,,6403.0,1.57,917.804
Kepler-581 b,Kepler-581,Transit,2016,,2.63,40.6069821,,5772.0,1.0,703.758
Kepler-870 b,Kepler-870,Transit,2016,,2.78,21.3587621,,5857.0,1.01,1259.46
Kepler-1956 b,Kepler-1956,Transit,2021,,1.08940238,5.943719864,,4391.0,0.671,360.468
Kepler-220 c,Kepler-220,Transit,2014,,1.57,9.034199,,4632.0,,171.109
HD 13167 b,HD 13167,Radial Velocity,2018,1052.0173,,2613.0,,5671.0,1.35,148.934
HD 11964 c,HD 11964,Radial Velocity,2008,25.0,,37.91,,5303.0,0.91,33.5369
Kepler-1387 b,Kepler-1387,Transit,2016,,0.93,2.279526656,,5046.0,0.82,455.358
HD 77338 b,HD 77338,Radial Velocity,2012,19.0698,,5.7361,,5341.0,1.37,45.935
Kepler-107 e,Kepler-107,Transit,2014,14.1,2.903,14.749143,955.0,5854.0,1.238,525.997
Kepler-833 b,Kepler-833,Transit,2016,,2.02,18.7546998,,4339.0,0.64,467.37
TOI-762 A b,TOI-762 A,Transit,2024,79.77493016,8.33948164,3.4716826,555.4,3266.0,0.442,98.4458
Kepler-1207 b,Kepler-1207,Transit,2016,,1.62,13.68237119,,5909.0,1.06,1754.19
Kepler-809 b,Kepler-809,Transit,2016,,3.01,55.63934,,5734.0,0.99,961.405
MWC 758 c,MWC 758,Imaging,2023,,,,500.0,,1.5,159.537
Kepler-379 c,Kepler-379,Transit,2014,,2.29,62.784697,,6054.0,,731.274
HD 72659 b,HD 72659,Radial Velocity,2002,906.12878836,,3549.0,,5929.0,1.033,51.8949
EPIC 201757695.02,EPIC 201757695,Transit,2020,,0.90819,2.0478,,4520.0,0.727,
TWA 7 b,TWA 7,Imaging,2025,108.06165838,,,316.0,,0.46,33.9958
PSR B0329+54 b,PSR B0329+54,Pulsar Timing,2017,1.97,,10140.0,,,1.44,
Kepler-19 d,Kepler-19,Radial Velocity,2017,22.5,,62.95,,5544.0,0.936,218.562
Kepler-288 d,Kepler-288,Transit,2014,,2.67,56.633742,,5918.0,,1194.15
Kepler-731 b,Kepler-731,Transit,2016,,13.88,3.855603551,,5849.0,1.03,1257.16
Kepler-1125 b,Kepler-1125,Transit,2016,,1.84,17.6700642,,5683.0,0.95,2011.41
Kepler-1929 b,Kepler-1929,Transit,2021,,3.07250761,59.36249924,,5786.0,1.006,508.201
Kepler-920 b,Kepler-920,Transit,2016,,2.42,6.53192704,,5403.0,0.89,1001.68
Kepler-27 c,Kepler-27,Transit,2011,4385.87,4.9,31.3309,,5400.0,0.65,1044.36
HD 179949 b,HD 179949,Radial Velocity,2000,291.12,,3.092514,,6168.0,1.21,27.4573
Kepler-391 c,Kepler-391,Transit,2014,450.0,2.88,20.501,662.0,5038.0,1.27,869.236
K2-133 d,K2-133,Transit,2017,,2.003,11.02454,,3655.0,0.461,75.1703
Kepler-102 f,Kepler-102,Transit,2014,4.3,0.861,27.453592,495.0,4909.0,0.803,107.796
KIC 8540376 b,KOI-7892,Transit,2015,,4.1,31.8099,,6474.0,1.04,1072.3
GJ 676 A d,GJ 676 A,Radial Velocity,2012,3.81394088,,3.60076,,,0.626,16.0272
Kepler-291 b,Kepler-291,Transit,2014,,2.16,3.546511,,6002.0,,1786.48
TOI-3688 A b,TOI-3688 A,Transit,2023,311.47183886,13.08088048,3.246075,1534.0,5950.0,1.199,396.378
Kepler-1016 b,Kepler-1016,Transit,2016,,2.18,1.954524342,,5821.0,0.99,1402.82
Kepler-199 c,Kepler-199,Transit,2014,,3.25,67.093408,,5644.0,,521.054
WASP-82 b,WASP-82,Transit,2015,371.8611,18.15858,2.70579,,6480.0,1.48,275.664
K2-155 c,K2-155,Transit,2018,,2.6,13.85,583.0,4258.0,0.65,72.7998
Kepler-1259 b,Kepler-1259,Transit,2016,,1.43,0.663085258,,5053.0,0.8,805.562
TOI-2589 b,TOI-2589,Transit,2023,1112.3994245,12.10569916,61.6277,592.0,5579.0,0.93,200.273
Kepler-1113 b,Kepler-1113,Transit,2016,,2.81,42.3004954,,5931.0,1.12,1073.88
Kepler-1693 b,Kepler-1693,Transit,2020,,1.28938413,12.0999,,5432.34,0.95,760.065
TOI-1759 b,TOI-1759,Transit,2022,10.8,3.14,18.85019,443.0,4065.0,0.606,40.0654
Kepler-341 b,Kepler-341,Transit,2014,,1.18,5.195528,,6012.0,,1047.03
Kepler-1094 b,Kepler-1094,Transit,2016,,3.18,78.1000231,,6112.0,1.14,1291.01
Kepler-1517 b,Kepler-1517,Transit,2016,,9.76,5.546083665,,7010.0,1.58,847.299
Kepler-697 b,Kepler-697,Transit,2016,,4.13,3.709870645,,5513.0,0.92,1277.33
Kepler-129 d,Kepler-129,Radial Velocity,2021,2637.9757781,,2646.0,,5770.0,1.178,408.845
Kepler-176 b,Kepler-176,Transit,2014,,1.43,5.433074,,5232.0,,527.321
HD 62364 b,HD 62364,Radial Velocity,2022,5965.63919939,,5138.0,,6255.0,1.157,53.112
K2-265 b,K2-265,Transit,2018,7.3418362,1.70824866,2.36902,1366.0,5420.0,0.901,138.671
Kepler-1195 b,Kepler-1195,Transit,2016,,2.08,8.49642241,,4965.0,0.74,918.566
Kepler-362 b,Kepler-362,Transit,2014,,0.88,10.327186,,5788.0,,1090.51
K2-48 b,K2-48,Transit,2016,,2.24,20.5065,,4899.0,0.77,313.764
Kepler-336 d,Kepler-336,Transit,2014,,2.37,20.678772,,5867.0,,768.86
Kepler-208 d,Kepler-208,Transit,2014,,1.2,11.131786,,6092.0,,775.328
TOI-2196 b,TOI-2196,Transit,2022,26.0,3.51,1.1947268,1860.0,5634.0,1.032,259.947
USco1621 b,USco1621 A,Imaging,2019,5085.28,,,2270.0,3460.0,0.36,137.901
Kepler-1984 b,Kepler-1984,Transit,2023,,6.81,1.992812339,675.0,3638.0,0.45,
Kepler-1295 b,Kepler-1295,Transit,2016,,1.55,3.81371974,,5486.0,0.92,1174.46
WASP-97 b,WASP-97,Transit,2014,432.2488,12.77826,2.07276,,5640.0,1.18,151.068
Kepler-1646 b,Kepler-1646,Transit,2016,,1.23,4.48558383,,3299.0,0.24,127.591
HATS-23 b,HATS-23,Transit,2017,467.2101,20.84874,2.1605156,1654.0,5780.0,1.121,639.004
Kepler-790 b,Kepler-790,Transit,2016,,2.18,13.73469807,,5208.0,0.84,703.168
Kepler-369 c,Kepler-369,Transit,2014,,1.41,14.871572,,3591.0,,
K2-260 b,K2-260,Transit,2018,546.66486004,18.41635529,2.62669762,2090.0,6860.0,1.637,663.834
Kepler-1861 b,Kepler-1861,Transit,2021,,2.20677414,40.0306015,,5855.0,1.161,829.985
HD 136118 b,HD 136118,Radial Velocity,2022,4164.18778851,,1187.59765,,,1.18,51.4359
WASP-154 b,WASP-154,Transit,2025,198.96058278,10.76062147,3.811678,994.0,4774.0,0.8,215.501
gam Lib b,gam Lib,Radial Velocity,2018,357.87478628,,414.88,,4879.0,1.78,47.4017
K2-113 b,K2-113,Transit,2017,,12.14,5.817685,1098.0,5660.0,1.04,635.722
Kepler-417 c,Kepler-417,Transit Timing Variations,2014,,,15.943,,,0.9,973.989
Kepler-1208 b,Kepler-1208,Transit,2016,,2.32,11.08507637,,5001.0,0.8,825.176
Kepler-360 c,Kepler-360,Transit,2014,,2.1,7.186434,,6053.0,,876.044
Kepler-1871 b,Kepler-1871,Transit,2021,,2.42172881,1.952700019,,5741.0,1.02,854.623
Kepler-1299 b,Kepler-1299,Transit,2016,,2.98,19.9400874,,5609.0,0.94,1404.94
Kepler-1508 b,Kepler-1508,Transit,2016,,1.33,20.7056504,,6158.0,1.14,1260.28
TIC 154870955 b,TIC 154870955,Transit,2026,,3.09467466,7.9698747128,,4739.58,,226.463
Kepler-396 c,Kepler-396,Transit,2013,17.9,5.3,88.505,,,0.85,223.757
Kepler-1511 b,Kepler-1511,Transit,2016,,1.68,23.2382792,,6064.0,1.17,1475.6
K2-397 b,K2-397,Transit,2022,,2.417,3.572326,,5387.0,0.937,199.354
Kepler-1164 b,Kepler-1164,Transit,2016,,1.12,3.97599768,,5183.0,0.85,431.622
Kepler-779 b,Kepler-779,Transit,2016,,0.92,7.09714223,,3804.0,0.46,283.155
Kepler-92 c,Kepler-92,Transit,2013,6.1,2.6,26.723,,,1.21,477.992
Kepler-963 b,Kepler-963,Transit,2016,,2.66,9.97683705,,5461.0,0.91,771.494
K2-188 b,K2-188,Transit,2018,,1.35,1.742169,1692.0,5977.0,1.06,446.821
2MASS J11550485-7919108 b,2MASS J11550485-7919108,Imaging,2024,6356.56814,,,2506.0,,,100.862
HD 118203 c,HD 118203,Radial Velocity,2024,3747.19691853,,5103.0,,5742.0,1.27,92.2589
HD 457 b,HD 457,Radial Velocity,2022,8445.3364308,,20324.58153,,,1.15,55.0375
Kepler-742 b,Kepler-742,Transit,2016,,3.24,8.360868238,,4642.0,0.76,489.253
Kepler-1438 b,Kepler-1438,Transit,2016,,0.94,2.31942009,,5530.0,0.97,1154.13
WASP-153 b,WASP-153,Transit,2017,123.9537,17.37395,3.332609,1700.0,5914.0,1.336,610.176
TOI-2969 b,TOI-2969,Transit,2025,368.68095212,12.32987877,1.8237146,1186.0,4738.0,0.71,163.996
Kepler-132 c,Kepler-132,Transit,2014,,1.28,6.414914,,6003.0,,349.549
Kepler-1732 b,Kepler-1732,Transit,2021,,4.09903273,32.31240082,,5821.0,1.043,1289.41
Kepler-978 b,Kepler-978,Transit,2016,,2.99,49.6221509,,6002.0,1.07,682.522
Kepler-1101 b,Kepler-1101,Transit,2016,,2.47,81.3151059,,5614.0,0.94,742.473
CoRoT-6 b,CoRoT-6,Transit,2009,940.74,13.068,8.886593,1017.0,6090.0,1.05,645.294
Kepler-1022 b,Kepler-1022,Transit,2016,,2.36,10.99469878,,4445.0,0.71,420.042
Kepler-1819 b,Kepler-1819,Transit,2021,,3.90351256,16.48690033,,6090.0,1.173,1363.19
Kepler-156 b,Kepler-156,Transit,2014,,2.3,4.973456,,5094.0,,443.483
HD 176986 d,HD 176986,Radial Velocity,2026,6.76,,61.376,363.0,4931.0,0.789,27.7843
51 Eri b,51 Eri,Imaging,2015,3464.3296363,,9100.0,,,1.75,29.7575
K2-411 b,K2-411,Transit,2022,,0.9898,3.2141,,5711.0,1.018,298.219
HD 2638 b,HD 2638,Radial Velocity,2005,133.4886,,3.4442,,5186.0,0.77,54.9621
HD 191939 b,HD 191939,Transit,2020,10.0,3.41,8.8803256,880.0,5348.0,0.81,53.6089
HD 40307 g,HD 40307,Radial Velocity,2013,7.1,,197.8,,4956.0,0.77,12.9363
GJ 317 b,GJ 317,Radial Velocity,2007,536.49435102,,695.69,,3496.0,0.402,15.1968
HATS-29 b,HATS-29,Transit,2016,207.54299,14.022459,4.6058749,1212.0,5670.0,1.032,353.891
Kepler-1368 b,Kepler-1368,Transit,2016,,1.65,0.675649486,,5906.0,1.07,1635.82
TOI-871 b,TOI-871,Transit,2024,,1.664,14.362565,621.0,4929.0,0.758,68.0473
HD 48948 d,HD 48948,Radial Velocity,2024,10.59,,151.92,349.0,4593.0,0.686,16.9043
Kepler-1461 b,Kepler-1461,Transit,2016,,2.03,29.3494775,,4919.0,0.79,679.106
TOI-2485 b,TOI-2485,Transit,2024,766.60211768,12.1393261,11.23479,1134.0,,1.163,397.953
HD 136352 b,HD 136352,Radial Velocity,2019,4.72,1.664,11.57797,905.0,5664.0,0.87,14.682
Kepler-24 b,Kepler-24,Transit,2011,11.14,2.348,8.14,,6028.0,1.06,1156.81
GJ 3082 b,GJ 3082,Radial Velocity,2020,8.2,,11.949,,,0.47,16.6186
Kepler-137 b,Kepler-137,Transit,2014,,1.47,8.436387,,5187.0,,302.979
24 Sex c,24 Sex,Radial Velocity,2010,273.32,,883.0,,5098.0,1.54,72.0691
TOI-1246 e,TOI-1246,Transit,2022,14.5,3.5141875,37.92548,463.98,5213.0,0.8889,169.422
Kepler-68 b,Kepler-68,Transit,2013,8.03,2.357,5.39875259,1275.0,5847.0,1.057,144.166
K2-240 b,K2-240,Transit,2018,,2.0,6.034,586.0,3810.0,0.58,72.9105
Kepler-339 b,Kepler-339,Transit,2014,,1.42,4.977656,,5631.0,,616.637
Kepler-341 c,Kepler-341,Transit,2014,,1.7,8.01041,,6012.0,,1047.03
BD-13 2130 b,BD-13 2130,Radial Velocity,2007,3108.3774,,714.29999,,4545.0,2.12,925.214
Kepler-1837 b,Kepler-1837,Transit,2021,,2.06673842,5.906089783,,5966.0,1.049,1229.18
TOI-544 c,TOI-544,Radial Velocity,2023,21.5,,50.089,,4169.0,0.631,41.1166
Kepler-1874 b,Kepler-1874,Transit,2021,,2.21110724,56.57320023,,4701.0,0.758,408.007
WASP-68 b,WASP-68,Transit,2014,343.2564,14.79588,5.0843,,5910.0,1.49,226.399
Kepler-184 b,Kepler-184,Transit,2014,,2.36,10.687576,,5788.0,,610.326
TIC 77319217 b,TIC 77319217,Transit,2026,,3.10879526,7.54830765124,,5961.52,,267.62
Kepler-1254 d,Kepler-1254,Transit,2016,,1.31,5.72717226,,4985.0,0.78,622.818
Kepler-869 b,Kepler-869,Transit,2016,,3.61,40.4287755,,5664.0,0.97,939.455
Kepler-1044 b,Kepler-1044,Transit,2016,,2.67,6.77408868,,5985.0,1.08,1278.96
K2-369 b,K2-369,Transit,2022,,1.313,5.761612,,5682.0,0.735,185.55
EPIC 220674823 b,EPIC 220674823,Transit,2016,7.54,1.606,0.57130782,2324.0,5578.0,0.913,244.59
NSVS 14256825 b,NSVS 14256825,Eclipse Timing Variations,2019,4497.2945,,3225.0,,40000.0,0.419,820.877
Kepler-1076 b,Kepler-1076,Transit,2016,,0.8,6.14727918,,4868.0,0.79,
Kepler-1348 b,Kepler-1348,Transit,2016,,1.94,27.5722742,,5911.0,1.04,1213.82
Kepler-65 d,Kepler-65,Transit,2012,,1.52,8.13123,,6211.0,1.25,303.728
LkCa 15 b,LkCa 15,Imaging,2015,,,,,4194.0,,158.152
Kepler-1611 b,Kepler-1611,Transit,2016,,0.81,5.1762429,,5605.0,0.94,908.444
Kepler-1469 b,Kepler-1469,Transit,2016,,2.8,21.8635301,,5507.0,0.92,1159.3
Kepler-1566 b,Kepler-1566,Transit,2016,,0.79,0.539915238,,5254.0,0.84,466.586
Kepler-1083 b,Kepler-1083,Transit,2016,,3.36,33.4177993,,5049.0,0.81,902.633
WASP-58 b,WASP-58,Transit,2012,308.2951,16.02887,5.01718,,5800.0,1.06,290.404
Kepler-1380 b,Kepler-1380,Transit,2016,,1.43,10.3108245,,5570.0,0.96,2462.94
TOI-2886 b,TOI-2886,Transit,2025,444.9597698,18.6405349,1.60200105,1978.0,6240.0,1.229,413.673
OGLE-TR-182 b,OGLE-TR-182,Transit,2007,320.995,12.666,3.9791,,5924.0,1.14,2501.75
HIP 14810 b,HIP 14810,Radial Velocity,2005,1239.537,,6.673892,,5544.0,1.01,50.48
HD 73526 b,HD 73526,Radial Velocity,2002,978.9164,,188.3,,5601.0,1.14,97.2396
HD 96700 d,HD 96700,Radial Velocity,2021,12.7,,103.5,,5845.0,0.89,25.4111
HD 73583 c,HD 73583,Transit,2022,9.7,2.39,18.87974,498.0,4511.0,0.73,31.5666
HD 141004 b,HD 141004,Radial Velocity,2021,13.63483866,,15.5083,,5885.38,1.051904,11.8148
HD 94771 b,HD 94771,Radial Velocity,2023,169.0,,2164.0,,5631.0,1.2,57.7807
Kepler-981 b,Kepler-981,Transit,2016,,2.31,4.469757736,,5718.0,0.98,878.082
Kepler-245 d,Kepler-245,Transit,2014,,3.03,36.277108,,5100.0,,861.527
Kepler-186 b,Kepler-186,Transit,2014,,1.07,3.8867907,,3788.0,0.478,177.594
TYC 4282-00605-1 b,TYC 4282-00605-1,Radial Velocity,2017,3426.2074,,101.54,,4300.0,0.97,464.128
EPIC 220492298 b,EPIC 220492298,Transit,2021,,0.99,0.762406,,5620.0,,624.512
K2-5 c,K2-5,Transit,2015,,2.26,10.93241,456.0,3930.0,0.61,202.943
TOI-2071 b,TOI-2071,Transit,2026,,2.56484195,5.67395386982,,5755.41,,231.311
Kepler-451 c,2MASS J19383260+4603591,Eclipse Timing Variations,2022,511.70373527,,1460.0,,29564.0,0.48,396.332
Kepler-48 f,Kepler-48,Radial Velocity,2023,298.5809968,,5219.681854,,,0.916,306.738
Kepler-1340 b,Kepler-1340,Transit,2016,,1.55,0.665026916,,6331.0,1.27,981.779
TOI-1408 b,TOI-1408,Transit,2023,593.0,25.0,4.42587,,6117.0,1.312,139.484
Kepler-1089 b,Kepler-1089,Transit,2016,,1.83,5.132485618,,3753.0,0.52,259.328
K2-285 d,K2-285,Transit,2018,6.5,2.48,10.45582,619.9,4975.0,0.83,154.961
Kepler-229 b,Kepler-229,Transit,2014,,2.2,6.252972,,5120.0,,826.265
Kepler-373 c,Kepler-373,Transit,2014,,1.24,16.725948,,5787.0,,1090.45
Kepler-384 b,Kepler-384,Transit,2014,,1.12,22.597053,,5577.0,,895.678
Kepler-1620 b,Kepler-1620,Transit,2016,,1.61,101.951829,,6157.0,1.15,895.069
Kepler-30 d,Kepler-30,Transit,2012,23.1,8.8,143.34394,,5498.0,0.99,914.221
Kepler-435 b,Kepler-435,Transit,2015,266.97,22.31,8.6001536,1729.0,6161.0,1.538,1418.77
GJ 896 A b,GJ 896 A,Astrometry,2022,718.29219982,,284.39,,,0.43599,6.26022
TOI-481 b,TOI-481,Transit,2020,486.2799,11.09691,10.33111,1370.0,5735.0,1.14,179.366
tau Gem b,tau Gem,Radial Velocity,2013,6547.0,,305.5,,4388.0,2.3,112.537
K2-290 b,K2-290,Transit,2019,10.9,3.06,9.21165,1230.0,6302.0,1.194,272.909
Kepler-848 b,Kepler-848,Transit,2016,,1.7,6.91134416,,5695.0,1.01,1378.47
XO-2 S d,XO-2 S,Radial Velocity,2024,1179.14338997,,4696.0,,5325.0,0.98,151.398
HAT-P-42 b,HAT-P-42,Transit,2012,331.801,14.348,4.641878,1428.0,5743.0,1.178,405.238
TOI-2567 b,TOI-2567,Transit,2022,63.88350981,10.92875618,5.983944,1352.0,5611.0,1.13,504.775
Kepler-949 c,Kepler-949,Transit,2023,,2.97,20.99757968,582.0,5211.0,0.817,486.105
Kepler-1518 b,Kepler-1518,Transit,2016,,3.05,5.11177904,,6846.0,1.54,903.51
EPIC 229004835 b,EPIC 229004835,Transit,2023,10.4,2.332,16.141132,804.0,5868.0,0.97,121.971
Kepler-338 c,Kepler-338,Transit,2014,,2.34,24.310856,,5923.0,,552.798
Kepler-1896 b,Kepler-1896,Transit,2021,,3.09935997,44.87020111,,6122.0,1.07,1732.91
HD 185269 b,HD 185269,Radial Velocity,2006,321.0083,,6.83776,,5923.0,1.3,51.9917
Kepler-589 c,Kepler-589,Transit,2021,,1.11727238,3.52466011,,5372.0,0.832,612.803
WASP-190 b,WASP-190,Transit,2019,317.83,12.89035,5.367753,1500.0,6400.0,1.35,542.251
CoRoT-27 b,CoRoT-27,Transit,2014,3302.11,11.287,3.57532,1500.0,5900.0,1.05,1010.28
HD 108236 b,HD 108236,Transit,2020,,1.615,3.795963,,5660.0,0.869,64.5978
K2-268 f,K2-268,Transit,2021,,2.23,26.27057,492.0,5106.0,0.84,327.783
Kepler-650 b,Kepler-650,Transit,2016,,2.96,3.032145588,,5849.0,1.08,884.378
TOI-2407 b,TOI-2407,Transit,2025,,4.26,2.702969,705.0,3530.0,0.548,92.4366
Ross 176 b,Ross 176,Transit,2025,4.57,1.84,5.0066338,682.0,4041.0,0.577,46.4488
Kepler-1283 b,Kepler-1283,Transit,2016,,1.91,12.9460978,,6175.0,1.16,2921.99
HD 11506 d,HD 11506,Radial Velocity,2022,4068.2036096,,26500.0,,6123.0,1.22,51.261
Kepler-262 c,Kepler-262,Transit,2014,,1.64,21.853722,,5841.0,,613.129
Kepler-1353 b,Kepler-1353,Transit,2016,,1.8,24.7543966,,4776.0,0.76,593.384
Kepler-1918 b,Kepler-1918,Transit,2021,,2.29763023,47.0564003,,5889.0,0.967,1030.11
TOI-6016 b,TOI-6016,Transit,2024,371.85923619,13.67495645,4.023687,1890.0,6110.0,1.31,364.715
Kepler-75 b,Kepler-75,Transit,2013,3209.9,11.77,8.8849116,767.0,5200.0,0.91,835.356
HD 7924 d,HD 7924,Radial Velocity,2015,6.44,,24.451,499.0,5075.0,0.832,16.9922
Kepler-616 c,Kepler-616,Transit,2016,,3.41,90.4113556,,5753.0,0.98,945.775
TOI-2200 b,TOI-2200,Transit,2026,,6.96310517,2.93602836512,,5036.17,,251.245
TOI-5542 b,TOI-5542,Transit,2022,419.53349724,11.30986153,75.12375,441.0,5700.0,0.89,348.849
Kepler-1468 c,Kepler-1468,Transit,2016,,1.15,3.54553021,,5893.0,1.04,1899.24
Kepler-220 d,Kepler-220,Transit,2014,,0.98,28.122397,,4632.0,,171.109
GJ 160.2 b,GJ 160.2,Radial Velocity,2014,10.2,,5.2354,,4347.0,0.69,25.8557
TIC 62895484 b,TIC 62895484,Transit,2026,,3.49391667,2.83985434327,,5520.79,,294.857
PZ Tel b,PZ Tel,Imaging,2023,8581.366989,,44000.0,,,1.36,47.0648
CoRoT-13 b,CoRoT-13,Transit,2010,415.704,9.92,4.03519,1700.0,5945.0,1.09,1148.93
HAT-P-62 b,HAT-P-62,Transit,2021,241.86741773,12.02723629,2.6453235,1512.0,5629.0,1.023,348.815
K2-155 d,K2-155,Transit,2018,,1.9,40.718,381.0,4258.0,0.65,72.7998
Kepler-215 e,Kepler-215,Transit,2014,,1.75,68.16101,,5739.0,,485.997
HD 31527 c,HD 31527,Radial Velocity,2019,14.16,,51.2053,,5898.0,0.96,38.4473
Kepler-593 b,Kepler-593,Transit,2016,,2.87,21.21708973,,5967.0,1.08,973.76
Kepler-534 c,Kepler-534,Transit,2021,,1.227,7.378689766,,5936.0,1.075,570.659
Kepler-983 b,Kepler-983,Transit,2016,,2.36,60.0855082,,6052.0,1.13,714.437
Kepler-1455 b,Kepler-1455,Transit,2016,,2.16,49.276764,,4075.0,0.62,357.621
Kepler-1156 b,Kepler-1156,Transit,2016,,1.32,11.89520511,,5778.0,1.0,691.331
K2-204 b,K2-204,Transit,2018,,3.17214154,7.055908,1148.0,5783.0,1.076,577.235
Kepler-179 c,Kepler-179,Transit,2014,,2.0,6.40013,,5302.0,,605.68
Kepler-1730 b,Kepler-1730,Transit,2021,,4.48524519,13.81019974,,5942.0,1.009,1427.08
HATS-10 b,HATS-10,Transit,2015,167.17858,10.861521,3.312846,1407.0,5880.0,1.101,534.889
GJ 3293 c,GJ 3293,Radial Velocity,2015,21.09,,122.6196,,3466.0,0.42,20.1903
HD 175607 b,HD 175607,Radial Velocity,2015,8.98,,29.01,,5392.0,0.71,40.3303
Kepler-1159 b,Kepler-1159,Transit,2016,,2.37,22.70816791,,6217.0,1.19,1213.71
Kepler-842 b,Kepler-842,Transit,2016,,1.6,1.21956827,,4848.0,0.78,532.726
Kepler-496 b,Kepler-496,Transit,2016,,2.32,8.30864937,,5293.0,0.86,605.274
Kepler-993 b,Kepler-993,Transit,2016,,2.97,22.08557563,,3843.0,0.57,324.423
K2-233 d,K2-233,Transit,2018,10.3,2.363,24.3681,525.0,4796.0,0.79,67.5062
Kepler-444 e,Kepler-444,Transit,2015,,0.546,7.743493,,5046.0,0.758,36.4396
HD 1461 c,HD 1461,Radial Velocity,2015,5.59,,13.5052,,5765.0,1.02,23.4534
HD 2952 b,HD 2952,Radial Velocity,2013,284.77425267,,312.08,,4853.0,1.91,110.103
HD 3651 b,HD 3651,Radial Velocity,2003,72.46524,,62.25,,5221.0,0.799,11.1336
YZ Cet d,YZ Cet,Radial Velocity,2017,1.09,,4.65626,356.7,3151.0,0.142,3.71207
HD 17156 b,HD 17156,Radial Velocity,2007,1036.12060682,12.26262489,21.2164294,888.0,6046.0,1.285,78.0863
HD 18143 c,HD 18143,Radial Velocity,2022,3177.64841319,,28982.41764,,,0.85,22.5243
HD 20782 b,HD 20782,Radial Velocity,2006,472.83,,597.0643,,5782.13,1.04,35.9864
GJ 143 b,GJ 143,Transit,2019,22.7,2.61,35.61253,422.0,4640.0,0.73,16.32
HD 23079 b,HD 23079,Radial Velocity,2001,845.42356262,,735.74,,5994.0,1.16,33.4591
alf Tau b,alf Tau,Radial Velocity,2015,2056.3601,,628.96,,4055.0,1.13,20.4332
HR 2562 b,HR 2562,Imaging,2016,6992.224954,,,,,1.3,34.0071
HIP 34222 b,HIP 34222,Radial Velocity,2021,263.79757781,,159.986,,,0.62,22.8386
HD 73526 c,HD 73526,Radial Velocity,2005,715.09,,379.1,,,1.014,97.2396
WASP-177 b,WASP-177,Transit,2019,161.45764,17.71022,3.071722,1142.0,5017.0,0.876,176.818
Kepler-1103 b,Kepler-1103,Transit,2016,,2.27,19.79191978,,6092.0,1.11,1331.92
Kepler-1012 b,Kepler-1012,Transit,2016,,1.29,5.50860439,,5556.0,0.95,411.077
Wendelstein-1 b,Wendelstein-1,Transit,2020,188.15536,11.5609626,2.663416,2198.0,4251.0,0.65,305.3
TOI-905 b,TOI-905,Transit,2020,211.99261,13.125739,3.739494,1192.0,5570.0,0.968,158.649
Kepler-1829 b,Kepler-1829,Transit,2021,,2.47887001,5.186719894,,5230.0,0.873,679.921
Kepler-1219 b,Kepler-1219,Transit,2016,,2.12,16.10467749,,5944.0,1.25,880.895
HD 128311 b,HD 128311,Radial Velocity,2002,562.24127,,453.019,,,0.828,16.3292
HD 69123 b,HD 69123,Radial Velocity,2022,966.19835728,,1193.3,,4842.0,1.68,75.116
Gl 410 b,Gl 410,Radial Velocity,2025,8.4,,6.02,,3842.0,0.55,11.9324
HD 108863 b,HD 108863,Radial Velocity,2011,767.24162,,437.7,,4878.0,1.59,164.742
HIP 75092 b,HIP 75092,Radial Velocity,2021,568.91284853,,926.4,,4891.0,1.28,81.6696
HD 136352 d,HD 136352,Radial Velocity,2019,8.82,2.562,107.245,431.0,5664.0,0.87,14.682
TOI-1799 b,TOI-1799,Transit,2024,,1.642,7.094570865,,5690.0,1.01,62.1274
eps CrB b,eps CrB,Radial Velocity,2012,2129.461,,417.9,,4406.0,1.7,69.8683
HD 156411 b,HD 156411,Radial Velocity,2009,235.18,,842.2,,5900.0,1.25,56.8655
HD 163607 c,HD 163607,Radial Velocity,2012,699.54383,,1272.0,,5522.0,1.12,67.7855
HD 164595 b,HD 164595,Radial Velocity,2015,16.14,,40.0,,5790.0,0.99,28.254
GJ 720 A b,GJ 720 A,Radial Velocity,2021,13.64,,19.466,401.0,3837.0,0.57,15.5575
HD 188015 b,HD 188015,Radial Velocity,2004,476.72,,461.2,,5746.0,1.09,50.6706
HN Peg b,HN Peg,Imaging,2006,6991.57,11.7768,,,,,18.1186
HD 215152 e,HD 215152,Radial Velocity,2018,2.877,,25.1967,,4935.0,0.77,21.5974
HD 219134 c,HD 219134,Radial Velocity,2015,4.36,1.511,6.76458,782.0,4699.0,0.81,6.53127
14 And b,14 And,Radial Velocity,2008,1131.15130051,,186.76,,4888.0,1.78,75.4392
ZTF J1828+2308 b,ZTF J1828+2308,Transit,2025,6356.56814,11.13051784,0.1120067,,15900.0,0.61,201.827
HIP 74890 b,HIP 74890,Radial Velocity,2016,762.792,,822.3,,4850.0,1.74,78.6562
TOI-6330 b,TOI-6330,Transit,2025,3179.0,10.89,6.8500246,495.0,3539.0,0.531,139.042
TOI-4155 b,TOI-4155,Transit,2025,,3.21,3.320729,1255.0,5724.0,1.16,240.737
Kepler-1124 b,Kepler-1124,Transit,2016,,1.28,2.852348975,,3658.0,0.35,289.899
WASP-79 b,WASP-79,Transit,2012,270.15414595,17.14974047,3.662392,1716.2,6600.0,1.39,246.69
TOI-620 b,TOI-620,Transit,2022,,3.76,5.0988179,603.6,3708.0,0.577,33.0231
Kepler-519 b,Kepler-519,Transit,2016,,2.1,24.3078946,,5260.0,0.89,246.61
Kepler-1250 b,Kepler-1250,Transit,2016,,1.92,2.607543834,,5717.0,0.99,2126.85
Kepler-131 c,Kepler-131,Transit,2014,8.25,0.84,25.5169,,5685.0,1.02,228.678
Kepler-256 b,Kepler-256,Transit,2014,,1.59,1.620493,,5551.0,,1026.43
KOI-351 f,KOI-351,Transit,2013,,2.88,124.9144,,6080.0,1.2,848.254
K2-163 b,K2-163,Transit,2018,,2.46610713,6.673117,,4937.0,0.826112,208.529
HD 200964 c,HD 200964,Radial Velocity,2010,385.84562,,852.5,,4982.0,1.39,72.5922
HD 43691 b,HD 43691,Radial Velocity,2007,810.4665,,36.9987,,6093.0,1.32,85.6009
HD 81688 b,HD 81688,Radial Velocity,2007,525.68818518,,183.93,,4797.0,1.07,85.7183
GJ 163 d,GJ 163,Radial Velocity,2013,29.4,,603.95116,,,,15.1285
OGLE-2008-BLG-092L b,OGLE-2008-BLG-092L,Microlensing,2014,57.0,,,,,0.71,8100.0
WASP-144 b,WASP-144,Transit,2018,139.8452,9.52765,2.2783152,1260.0,5200.0,0.81,355.513
WASP-165 b,WASP-165,Transit,2018,209.13214,14.12334,3.465509,1624.0,5599.0,1.248,602.236
HD 191939 c,HD 191939,Transit,2020,8.0,3.195,28.579743,600.0,5348.0,0.81,53.6089
HATS-71 b,HATS-71,Transit,2020,117.5971,11.478016,3.7955202,586.8,3405.0,0.4861,140.225
K2-356 b,K2-356,Transit,2021,,2.29,21.0267366,624.0,5568.0,0.9,355.54
TOI-2096 c,TOI-2096,Transit,2023,,1.914,6.38784,349.0,3300.0,0.231,48.4809
WASP-130 b,WASP-130,Transit,2016,390.9309,9.97601,11.55098,833.0,5625.0,1.04,172.256
Kepler-893 b,Kepler-893,Transit,2016,,3.03,6.33855761,,5820.0,1.0,1285.59
2MASS J19383260+4603591 b,2MASS J19383260+4603591,Eclipse Timing Variations,2015,591.16083702,,406.0,,29564.0,0.48,396.332
Kepler-1691 b,Kepler-1691,Transit,2020,,1.83470985,3.8482,,6000.0,1.11,1267.67
Wolf 1069 b,Wolf 1069,Radial Velocity,2023,1.26,,15.564,250.1,3158.0,0.167,9.58341
CD-35 2722 b,CD-35 2722,Imaging,2011,9375.9380065,17.37392009,,,3689.0,,22.3896
K2-347 b,K2-347,Transit,2021,,2.41,7.187257,640.0,4599.0,0.66,320.336
Kepler-249 d,Kepler-249,Transit,2014,,1.57,15.368459,,3568.0,,190.401
HD 102329 c,HD 102329,Radial Velocity,2016,483.1016,,1123.0,,,1.3,217.107
Kepler-1901 b,Kepler-1901,Transit,2021,,1.47418907,3.484129906,,5696.0,1.022,1028.37
Kepler-201 c,Kepler-201,Transit,2014,,2.85,151.884058,,6065.0,,636.445
WISPIT 1 b,WISPIT 1,Imaging,2025,3305.4154328,,,,4670.0,,230.007
HD 35759 b,HD 35759,Radial Velocity,2016,1195.0408,,82.467,,6060.0,1.15,71.2423
HIP 8152 b,HIP 8152,Transit,2023,8.9,2.53625843,10.751014,794.96,5618.0,0.9373,101.694
Kepler-677 b,Kepler-677,Transit,2016,,5.38,6.57531678,,5723.0,1.0,1954.08
Kepler-1061 b,Kepler-1061,Transit,2016,,1.98,2.757982666,,6067.0,1.09,543.375
Kepler-1131 b,Kepler-1131,Transit,2016,,1.59,3.53232449,,5851.0,1.03,1030.7
Kepler-1303 b,Kepler-1303,Transit,2016,,1.42,7.56127224,,5771.0,1.01,897.783
KIC 5437945 b,KIC 5437945,Transit,2015,,6.4,440.7813,,6340.0,1.07,1274.01
HD 159868 c,HD 159868,Radial Velocity,2012,244.09344,,351.0,,5534.0,1.19,55.8503
K2-266 d,K2-266,Transit,2018,8.9,2.93,14.697,538.3,4285.0,0.686,77.5586
Kepler-916 b,Kepler-916,Transit,2016,,1.76,32.2968798,,5248.0,0.85,830.712
TOI-5007 b,TOI-5007,Transit,2026,211.03806225,11.07447293,2.543371,774.0,3793.0,0.632,203.352
KOI-4978 b,KOI-4978,Transit,2024,,0.7,0.941967,,5050.28,0.859,936.341
Kepler-143 c,Kepler-143,Transit,2014,,3.37,27.082511,,5848.0,,809.467
Kepler-378 c,Kepler-378,Transit,2014,,0.7,28.906009,,4661.0,,152.094
Kepler-1454 b,Kepler-1454,Transit,2016,,1.88,47.0319479,,5448.0,0.9,780.566
Kepler-967 b,Kepler-967,Transit,2016,,2.35,13.22713379,,5178.0,0.84,568.546
Kepler-594 b,Kepler-594,Transit,2016,,2.18,13.64618192,,5485.0,0.91,769.2
HD 72490 b,HD 72490,Radial Velocity,2018,561.92344,,858.0,,4934.0,1.21,126.339
Kepler-1894 c,Kepler-1894,Transit,2023,,1.21,5.05368985,1007.0,5772.0,0.999,935.191
HD 171028 b,HD 171028,Radial Velocity,2007,832.7146,,550.0,,5671.0,1.53,111.659
Kepler-261 c,Kepler-261,Transit,2014,,2.0,24.570858,,5098.0,,317.499
Kepler-275 d,Kepler-275,Transit,2014,,3.33,35.676062,,6165.0,,2034.25
Kepler-1547 b,Kepler-1547,Transit,2016,,0.9,0.692979676,,6078.0,1.12,674.695
Kepler-1976 b,Kepler-1976,Transit Timing Variations,2023,,12.21,4.959319244,1103.0,5712.0,0.976,1314.51
HD 183579 b,HD 183579,Transit,2021,20.4,3.49,17.471291,752.0,5784.0,0.996,57.2651
HD 109246 b,HD 109246,Radial Velocity,2010,273.3338,,68.27,,5844.0,1.2,67.8349
Kepler-1518 c,Kepler-1518,Transit,2023,,2.9,9.6310258,1094.0,6432.0,1.06,903.51
HD 126525 b,HD 126525,Radial Velocity,2018,75.32571,,960.41,,5638.0,0.897,37.6506
HD 116029 c,HD 116029,Radial Velocity,2016,403.6441,,907.0,,,1.33,123.245
Kepler-172 c,Kepler-172,Transit,2014,,2.86,6.388996,,5526.0,,828.592
HD 10180 f,HD 10180,Radial Velocity,2010,22.947326,,122.744,,5911.0,1.06,38.9607
HD 99706 b,HD 99706,Radial Velocity,2011,390.9309,,841.0,,4862.0,1.46,146.6
Kepler-1130 c,Kepler-1130,Transit,2021,,0.79239584,3.266639948,,5450.0,0.944,249.343
TOI-4551 b,TOI-4551,Transit,2023,473.56432643,11.85910158,9.95581,,4896.0,1.31,215.986
HD 47366 b,HD 47366,Radial Velocity,2016,661.71874337,,360.08,,4866.0,1.81,84.3552
TOI-3082 b,TOI-3082,Transit,2023,,3.6621,1.926907,1032.78,4263.0,0.664,113.048
Kepler-254 b,Kepler-254,Transit,2014,,3.87,5.826662,,5957.0,,1389.48
Kepler-589 b,Kepler-589,Transit,2016,,2.27,16.54964934,,5296.0,0.88,612.803
K2-272 b,K2-272,Transit,2018,,3.13,14.4536756,747.0,5397.0,0.86,423.065
K2-158 b,K2-158,Transit,2018,,2.64,10.06049,794.0,5503.0,0.92,197.299
TOI-201 b,TOI-201,Transit,2021,164.0,11.4,52.9786,,6423.0,1.32,113.825
Kepler-1271 b,Kepler-1271,Transit,2016,,1.48,3.0255955,,6143.0,1.13,831.991
TOI-4513 b,TOI-4513,Transit,2026,,2.34587608,9.76042253684,,5623.93,,102.609
Kepler-383 c,Kepler-383,Transit,2014,,1.24,31.200751,,4710.0,,
Kepler-232 c,Kepler-232,Transit,2014,,3.83,11.379349,,5847.0,,1349.13
TOI-5005 b,TOI-5005,Transit,2024,32.7,6.25,6.3085044,1040.0,5749.0,0.97,207.891
K2-368 c,K2-368,Transit,2022,,1.361,9.660186,,4663.0,0.746,206.608
EPIC 228836835 b,EPIC 228836835,Transit,2021,,1.1,0.728113,,3782.0,,150.124
TOI-5720 b,TOI-5720,Transit,2024,4.3,1.09,1.4344555,708.0,3325.0,0.383,35.8256
Kepler-33 e,Kepler-33,Transit,2011,,4.02,31.7844,,5904.0,1.291,1209.16
Kepler-475 b,Kepler-475,Transit,2016,,2.49,3.105508189,,5009.0,0.86,280.069
Kepler-267 b,Kepler-267,Transit,2014,,1.98,3.353728,,4258.0,,264.993
WASP-14 b,WASP-14,Transit,2008,2809.6172,15.46842,2.24375,,6475.0,1.62,161.997
K2-218 b,K2-218,Transit,2018,,2.56948149,8.679885,,5757.0,1.047488,394.083
Kepler-1323 b,Kepler-1323,Transit,2016,,1.52,0.929906678,,6169.0,1.18,465.417
TOI-7510 b,TOI-7510,Transit,2025,18.1,7.31,11.530869,878.0,5720.0,1.063,249.006
TOI-2010 b,TOI-2010,Transit,2023,408.7273314,11.81426566,141.834025,400.2,5929.0,1.112,109.19
HATS-49 b,HATS-49,Transit,2020,112.19399,8.574885,4.1480467,834.8,4405.0,0.7133,324.413
Kepler-1885 b,Kepler-1885,Transit,2021,,1.51110555,2.522559881,,5591.0,0.977,818.482
TOI-1873 b,TOI-1873,Transit,2026,,2.86356397,7.00572708834,,5597.99,,182.014
Kepler-1498 b,Kepler-1498,Transit,2016,,1.33,48.051405,,5256.0,0.86,
HIP 48714 b,HIP 48714,Radial Velocity,2020,22.9,,17.818,,,0.58,10.5298
Kepler-104 b,Kepler-104,Transit,2014,,3.1,11.427548,,5711.0,,400.785
Kepler-1449 b,Kepler-1449,Transit,2016,,1.68,13.2274528,,5979.0,1.08,2006.48
Kepler-1479 b,Kepler-1479,Transit,2016,,1.83,14.53261362,,5796.0,0.99,728.668
61 Vir b,61 Vir,Radial Velocity,2009,5.1,,4.215,,5577.0,0.942,8.50332
Kepler-718 b,Kepler-718,Transit,2016,,16.56,2.052349905,,6191.0,1.18,1302.33
HD 21693 c,HD 21693,Radial Velocity,2019,17.37,,53.7357,,5430.0,0.8,33.255
Kepler-513 b,Kepler-513,Transit,2016,,2.2,28.86235584,,5849.0,1.02,468.258
Kepler-974 b,Kepler-974,Transit,2016,,1.57,4.194496514,,3687.0,0.52,134.311
K2-252 b,K2-252,Transit,2018,,1.74,13.81513,639.0,5152.0,0.79,228.839
Kepler-1099 b,Kepler-1099,Transit,2016,,2.83,2.168452593,,5837.0,1.01,1022.8
Kepler-106 d,Kepler-106,Transit,2014,8.1,0.95,23.9802,,5858.0,1.0,444.322
TOI-1298 b,TOI-1298,Transit,2021,99.0,9.65807033,4.537143,1278.0,5752.0,1.2187,319.036
Kepler-857 b,Kepler-857,Transit,2016,,6.8,85.35129427,,5773.0,0.99,983.502
Kepler-1165 b,Kepler-1165,Transit,2016,,1.55,9.478522,,6080.0,1.13,1575.2
Kepler-19 c,Kepler-19,Transit Timing Variations,2011,13.1,,28.731,,5544.0,0.936,218.562
TOI-201 c,TOI-201,Transit Timing Variations,2025,4990.0,10.4,2890.0,,6423.0,1.32,113.825
HD 45364 c,HD 45364,Radial Velocity,2008,174.48779544,,345.43,,5466.0,0.82,34.354
Kepler-1052 b,Kepler-1052,Transit,2016,,2.93,34.8538276,,5888.0,1.03,943.444
Kepler-117 b,Kepler-117,Transit,2014,29.875,8.059,18.7959228,984.0,6150.0,1.129,1455.57
Kepler-913 b,Kepler-913,Transit,2016,,2.06,10.29672521,,4687.0,0.63,991.618
HD 140901 b,HD 140901,Radial Velocity,2022,15.57359194,,9.02378,,,0.99,15.2528
HD 29985 b,HD 29985,Radial Velocity,2022,1739.47487151,,20608.14049,,,0.75,31.2707
HD 97037 b,HD 97037,Radial Velocity,2022,6707.76852973,,6449.08337,,,1.06,32.413
Kepler-907 b,Kepler-907,Transit,2016,,1.2,15.86621821,,6106.0,1.08,
TOI-201 d,TOI-201,Transit,2026,5.8,1.39,5.84889,,6423.0,1.32,113.825
TOI-5736 b,TOI-5736,Transit,2025,,1.56,0.64899,1311.0,3949.0,0.57,92.3604
GJ 9714 b,GJ 9714,Radial Velocity,2022,2988.54051102,,19240.75467,,,0.67,20.5121
TOI-5799 b,TOI-5799,Transit,2024,,1.733,4.164507,505.0,3452.0,0.325,27.8123
Kepler-1712 b,Kepler-1712,Transit,2021,,2.28372556,13.81499958,,3732.0,0.515,156.264
Kepler-923 b,Kepler-923,Transit,2016,,1.38,6.93366476,,5988.0,1.11,1000.28
GJ 1002 c,GJ 1002,Radial Velocity,2022,1.36,,21.202,181.7,3024.0,0.12,4.84867
Kepler-1764 b,Kepler-1764,Transit,2021,,4.55527871,70.46829987,,6461.0,1.162,1542.48
OGLE-2019-BLG-1492L b,OGLE-2019-BLG-1492L,Microlensing,2022,37.1,,,,,0.68,5600.0
OGLE-2018-BLG-0977L b,OGLE-2018-BLG-0977L,Microlensing,2022,6.4,,,,,0.47,6500.0
Kepler-62 c,Kepler-62,Transit,2013,4.0,0.54,12.4417,578.0,4925.0,0.69,300.874
Kepler-117 c,Kepler-117,Transit,2014,584.78,12.341,50.790391,704.0,6150.0,1.129,1455.57
Kepler-619 c,Kepler-619,Transit,2016,,1.69,1.208465026,,5980.0,1.09,900.678
Kepler-1541 b,Kepler-1541,Transit,2016,,1.16,8.40691199,,5282.0,0.86,416.692
Kepler-1551 b,Kepler-1551,Transit,2016,,2.66,24.4973698,,6136.0,1.14,1463.72
Kepler-1814 c,Kepler-1814,Transit,2023,,1.76,0.626281766,1711.0,4922.0,0.79,726.346
Kepler-934 b,Kepler-934,Transit,2016,,2.09,55.6738309,,5001.0,0.81,608.738
WISE J033605.05-014350.4 b,WISE J033605.05-014350.4,Imaging,2023,2622.08435775,,2560.0,325.0,415.0,0.0131,
OGLE-2018-BLG-1367L b,OGLE-2018-BLG-1367L,Microlensing,2022,301.93698665,,,,,0.28,5370.0
OGLE-2019-BLG-0679L b,OGLE-2019-BLG-0679L,Microlensing,2023,1061.54687938,,,,,0.66,5630.0
BD-210397 c,BD-210397,Radial Velocity,2023,1525.5763536,,6240.0,,,0.69,23.7324
TOI-6478 b,TOI-6478,Transit,2025,,4.6,34.005019,204.4,3230.0,0.23,38.6057
Kepler-942 b,Kepler-942,Transit,2016,,2.13,44.96417488,,4861.0,0.81,216.354
KMT-2022-BLG-1013L b,KMT-2022-BLG-1013L,Microlensing,2023,98.52680617,,,,,0.18,7710.0
Kepler-1559 b,Kepler-1559,Transit,2016,,0.72,0.971915428,,5316.0,0.86,614.827
Kepler-1947 b,Kepler-1947,Transit,2021,,1.0101666,6.963630199,,6040.0,0.984,468.771
Kepler-1245 c,Kepler-1245,Transit,2016,,1.44,2.936584681,,5306.0,0.86,805.936
Kepler-1949 b,Kepler-1949,Transit,2021,,2.21964541,2.208280087,,6028.0,1.194,2617.35
Kepler-1582 b,Kepler-1582,Transit,2016,,1.49,4.83817712,,3208.0,0.28,78.8906
Kepler-1951 b,Kepler-1951,Transit,2021,,2.32107188,20.65780067,,5468.0,0.923,1277.32
Kepler-452 b,Kepler-452,Transit,2015,,1.63,384.843,265.0,5757.0,1.037,551.727
Kepler-221 c,Kepler-221,Transit,2014,,2.93,5.690586,,5243.0,,385.231
UCAC4 328-061594 b,UCAC4 328-061594,Imaging,2024,6674.396547,,,,,1.19,39.9089
NGTS-26 b,NGTS-26,Transit,2024,92.80589484,14.88552637,4.5199279,1331.0,5550.0,0.96,1093.69
KMT-2023-BLG-0469L b,KMT-2023-BLG-0469L,Microlensing,2024,39.41072247,,,,,0.47,7070.0
KMT-2019-BLG-0297L b,KMT-2019-BLG-0297L,Microlensing,2023,6038.739733,,,,,0.21,3090.0
Kepler-319 c,Kepler-319,Transit,2014,,2.63,6.941357,,5526.0,,503.436
OGLE-2023-BLG-0836L b,OGLE-2023-BLG-0836L,Microlensing,2024,1385.73185452,,,,,0.71,5120.0
KMT-2016-BLG-2321L b,KMT-2016-BLG-2321L,Microlensing,2024,301.93698665,,,,,0.73,3580.0
Kepler-1672 b,Kepler-1672,Transit,2020,,2.97022762,150.878,,6131.95,1.16,391.181
Barnard d,Barnard's star,Radial Velocity,2025,0.263,,2.3402,483.0,3195.0,0.162,1.82655
Kepler-544 b,Kepler-544,Transit,2016,,2.12,21.41616926,,6206.0,1.16,963.18
Kepler-1591 b,Kepler-1591,Transit,2016,,1.27,8.18504949,,6082.0,1.1,1419.58
Kepler-1728 b,Kepler-1728,Transit,2021,,2.95501875,4.782999992,,5170.0,0.891,651.783
Kepler-660 b,Kepler-660,Transit,2016,,2.57,9.27358194,,4779.0,0.75,568.431
TOI-1117 c,TOI-1117,Radial Velocity,2025,8.78,,4.579,1210.0,5635.0,0.97,167.598
TOI-1117 d,TOI-1117,Radial Velocity,2025,10.71,,8.665,978.0,5635.0,0.97,167.598
Kepler-947 b,Kepler-947,Transit,2016,,2.28,26.9644317,,5508.0,0.9,1730.78
BEBOP-3 b,BEBOP-3,Radial Velocity,2025,177.34825111,,547.0,,6033.0,1.083,119.052
Kepler-343 b,Kepler-343,Transit,2014,,2.41,8.96855,,5807.0,,927.193
HIP 18606 b,HIP 18606,Radial Velocity,2025,244.72787339,,674.94,,4860.0,1.21,47.0288
HIP 111909 c,HIP 111909,Radial Velocity,2025,257.44100967,,893.63,,4891.0,1.28,88.077
OGLE-2016-BLG-1266L b,OGLE-2016-BLG-1266L,Microlensing,2018,3813.940884,,,,,0.015,3080.0
TOI-7510 d,TOI-7510,Transit,2025,190.0,10.52,48.864468,542.4,5720.0,1.063,249.006
2MASS J22501512+2325342 b,2MASS J22501512+2325342,Imaging,2018,9534.85221,,,1600.0,,,57.2309
TOI-1232 c,TOI-1232,Transit Timing Variations,2026,58.48042689,,30.356,,5823.0,1.058,328.604
TIC 249022743 b,TIC 249022743,Transit,2026,,4.79568155,2.25719681538,,5567.58,,396.46
TIC 423703298 b,TIC 423703298,Transit,2026,,2.77230429,4.03712711976,,4540.37,,136.191
Kepler-946 b,Kepler-946,Transit,2016,,1.93,11.79162572,,5665.0,0.94,1137.29
Kepler-158 b,Kepler-158,Transit,2014,,2.12,16.709184,,4623.0,,315.177
Kepler-1966 b,Kepler-1966,Transit,2021,,1.10479327,8.617429733,,5009.0,0.797,484.601
Kepler-550 b,Kepler-550,Transit,2016,,4.42,8.600104109,,5322.0,0.87,531.944
Kepler-618 b,Kepler-618,Transit,2016,,2.6,3.595769645,,5860.0,1.05,1221.96
K2-8 c,K2-8,Transit,2016,,2.41,5.06416,801.0,4870.0,0.78,403.513
Kepler-664 b,Kepler-664,Transit,2016,,2.66,2.525593315,,5754.0,1.01,1210.12
Kepler-229 c,Kepler-229,Transit,2014,,4.92,16.068638,,5120.0,,826.265
K2-47 b,K2-47,Transit,2016,,1.89,31.6372,,5054.0,0.75,349.881
Kepler-553 b,Kepler-553,Transit,2016,116.00736855,4.74139884,4.030467,1089.0,5191.0,0.889,728.525
K2-71 b,K2-71,Transit,2016,,2.15,6.98541,,4006.0,0.477,153.192
K2-85 b,K2-85,Transit,2016,3.2,1.4,0.68453862616,1355.0,4232.0,0.7,97.2179
K2-270 b,K2-270,Transit,2018,,1.38,1.543069,1203.0,4877.0,0.85,280.518
K2-280 b,K2-280,Transit,2018,37.1,7.5,19.89526,787.0,5500.0,1.03,391.537
K2-212 b,K2-212,Transit,2018,,2.65,9.795647,,4349.0,0.622,109.218
K2-151 b,K2-151,Transit,2018,,1.49,3.835476,566.0,3695.0,0.47,69.4798
K2-226 b,K2-226,Transit,2018,,1.53899305,3.27109,1187.0,5288.0,0.856,211.265
K2-230 b,K2-230,Transit,2018,,1.96,2.86041,1529.0,5945.0,1.11,540.773
Kepler-342 b,Kepler-342,Transit,2014,,2.25,15.170318,,6175.0,,781.611
Kepler-318 b,Kepler-318,Transit,2014,,4.71,4.662715,,5746.0,,489.141
Kepler-1000 b,Kepler-1000,Transit,2016,,4.76,120.0181272,,6453.0,1.4,1115.62
Kepler-1001 b,Kepler-1001,Transit,2016,,3.15,14.30511983,,5491.0,0.9,928.978
Kepler-324 c,Kepler-324,Transit,2014,,3.15,51.805612,,5194.0,,501.574
K2-268 c,K2-268,Transit,2018,,2.69,9.327527,696.0,5106.0,0.84,327.783
K2-80 b,K2-80,Transit,2016,,2.01,19.0918,,5441.0,0.9,200.802
K2-83 c,K2-83,Transit,2016,,1.483,9.99767,,3910.0,0.484,125.529
K2-88 b,K2-88,Transit,2016,,1.23,4.6122,,3537.0,0.258,110.561
K2-337 b,K2-337,Transit,2021,,2.62,16.273563,850.0,5869.0,0.94,421.636
K2-187 d,K2-187,Transit,2018,,2.4,7.149584,,5438.0,,330.916
K2-198 b,K2-198,Transit,2018,,4.189,17.0428683,715.8,5212.9,0.799,110.567
Kepler-263 b,Kepler-263,Transit,2014,,2.67,16.568087,,5265.0,,754.747
K2-380 b,K2-380,Transit,2022,,2.729,9.401312,,5911.0,0.993,249.303
K2-384 c,K2-384,Transit,2022,,1.191,4.194766,,3623.0,0.33,82.6603
BD-10 3166 b,BD-10 3166,Radial Velocity,2000,187.5197,,3.48777,,5393.0,1.47,84.4069
Kepler-91 b,Kepler-91,Transit,2013,257.4423,15.322703,6.24658,2040.0,4550.0,1.31,1294.69
Kepler-1118 b,Kepler-1118,Transit,2016,,2.74,38.6715075,,5688.0,0.96,888.325
Kepler-1126 b,Kepler-1126,Transit,2016,,1.73,108.593329,,5798.0,0.92,635.736
Kepler-427 b,Kepler-427,Transit,2014,92.17,13.79,10.290994,1100.0,5800.0,0.96,1017.8
Kepler-1129 b,Kepler-1129,Transit,2016,,2.96,24.3397804,,5831.0,1.0,1183.88
Kepler-1132 b,Kepler-1132,Transit,2016,,2.35,62.8916228,,5298.0,0.87,867.931
Kepler-1682 b,Kepler-1682,Transit,2020,,2.88940836,14.8334,,5619.12,0.99,1159.85
Kepler-1476 b,Kepler-1476,Transit,2016,,1.67,10.35863224,,5663.0,0.98,1002.74
Kepler-573 b,Kepler-573,Transit,2016,,2.79,22.18329658,,5746.0,0.99,771.471
Kepler-457 d,KOI-7892,Transit,2021,,2.98467257,10.6906004,,6474.0,1.148,1072.3
Kepler-80 c,Kepler-80,Transit,2012,6.74,2.74,9.52355,,4540.0,0.73,369.451
HD 10647 b,HD 10647,Radial Velocity,2006,298.75,,989.2,,6218.0,1.11,17.3357
GJ 832 b,GJ 832,Radial Velocity,2008,314.65012293,,3853.0,,,0.45,4.96435
Kepler-769 b,Kepler-769,Transit,2016,,2.92,7.42608998,,6186.0,1.19,1169.57
HAT-P-20 b,HAT-P-20,Transit,2010,2302.899,9.718,2.875317,970.0,4595.0,0.756,71.0374
HD 114386 b,HD 114386,Radial Velocity,2003,362.3262,,937.70001,,4836.0,0.6,27.9243
HD 126614 b,HD 126614,Radial Velocity,2009,107.74382997,,1257.25303,,,0.96,73.0961
HD 12661 c,HD 12661,Radial Velocity,2002,575.884,,1708.0,,5748.0,1.02,37.8478
HD 143361 b,HD 143361,Radial Velocity,2008,1122.57556,,1039.15,,5507.0,0.968,68.5146
HD 147513 b,HD 147513,Radial Velocity,2003,385.0,,528.4,,5883.0,1.11,12.9032
HD 183263 b,HD 183263,Radial Velocity,2004,1103.1824007,,624.87404,,,1.06,54.1955
Kepler-783 c,Kepler-783,Transit,2020,,2.33153725,7.05395,,5411.49,0.94,516.09
HD 27442 b,HD 27442,Radial Velocity,2000,495.8,,428.1,,4846.0,1.23,18.2704
HD 30562 b,HD 30562,Radial Velocity,2009,387.7526,,1157.0,,5882.0,1.12,26.1597
HD 40307 c,HD 40307,Radial Velocity,2009,6.6,,9.6184,,4956.0,0.77,12.9363
Kepler-1157 b,Kepler-1157,Transit,2016,,1.09,4.45743164,,4679.0,0.76,342.144
Kepler-1814 b,Kepler-1814,Transit,2021,,2.36961357,2.935359955,,4922.0,0.79,726.346
Kepler-1184 b,Kepler-1184,Transit,2016,,2.68,53.5991044,,5983.0,1.05,1157.84
Kepler-1087 b,Kepler-1087,Transit,2016,,0.61,0.693842855,,5589.0,0.96,362.623
Kepler-1090 c,Kepler-1090,Transit,2021,,3.29265785,42.42720032,,5330.0,0.869,858.77
Kepler-1093 b,Kepler-1093,Transit,2016,,1.95,25.0824626,,6166.0,1.13,1072.88
Kepler-1500 b,Kepler-1500,Transit,2016,,1.2,15.0330105,,5845.0,1.0,1217.82
Kepler-712 c,Kepler-712,Transit,2016,,4.85,226.89047,,5148.0,0.84,872.493
WASP-170 b,WASP-170,Transit,2018,508.528,12.285064,2.34478022,1422.0,5600.0,0.93,305.603
HD 113996 b,HD 113996,Radial Velocity,2017,2002.329,,610.2,,4181.0,1.49,116.334
HD 128356 b,HD 128356,Radial Velocity,2016,282.8687,,298.2,,4875.0,0.65,26.1548
GJ 680 b,GJ 680,Radial Velocity,2022,7977.4930157,,17281.66514,,,0.456,9.67315
HATS-1 b,HATS-1,Transit,2012,589.55,14.594,3.446459,1359.0,5870.0,0.986,283.971
WASP-64 b,WASP-64,Transit,2012,403.945,14.247,1.5732918,1689.0,5400.0,1.004,369.926
HD 145934 b,HD 145934,Radial Velocity,2015,658.5404593,,2751.53433,,,2.058,227.881
HATS-27 b,HATS-27,Transit,2016,168.4499,16.8135,4.637038,1659.0,6438.0,1.415,816.988
HD 177565 b,HD 177565,Radial Velocity,2017,15.1,,44.505,,,1.0,16.9179
Kepler-743 b,Kepler-743,Transit,2016,,1.21,3.179262921,,5486.0,0.94,278.987
HD 45350 b,HD 45350,Radial Velocity,2004,568.89,,963.6,,5566.0,0.98,46.8733
HIP 78530 b,HIP 78530,Imaging,2010,7300.0,,,2700.0,10500.0,2.5,136.759
HR 8799 c,HR 8799,Imaging,2008,3000.0,13.0,69000.0,,,1.5,41.2441
WASP-26 b,WASP-26,Transit,2010,270.1555,13.56289,2.7566,,6034.0,0.86,252.759
HD 166724 b,HD 166724,Radial Velocity,2012,1121.89,,5144.0,,5127.0,0.81,45.1342
HU Aqr AB b,HU Aqr,Eclipse Timing Variations,2011,1875.197,,2390.0,,,0.88,
WASP-78 b,WASP-78,Transit,2012,352.7913,21.63337,2.17518,,6100.0,1.87,754.258
OGLE-2011-BLG-0251L b,OGLE-2011-BLG-0251L,Microlensing,2012,170.0,,,,,0.26,2570.0
PSR J1719-1438 b,PSR J1719-1438,Pulsar Timing,2011,382.8,,0.090706293,,4500.0,1.4,1200.0
HD 4203 c,HD 4203,Radial Velocity,2014,689.66,,6700.0,,5582.0,0.99,81.3795
WASP-99 b,WASP-99,Transit,2014,772.3269,11.43318,5.75251,,6150.0,1.21,158.66
GU Psc b,GU Psc,Imaging,2014,3591.3,14.179,,1050.0,,0.325,47.5501
CoRoT-24 b,CoRoT-24,Transit,2014,5.7,3.7,5.1134,1070.0,4950.0,0.91,591.555
Kepler-1795 b,Kepler-1795,Transit,2021,,1.66301611,13.36019993,,4500.0,0.768,
Kepler-101 c,Kepler-101,Transit,2014,3.78,1.25,6.02976,1413.0,5667.0,1.17,927.981
Kepler-289 b,Kepler-289,Transit,2014,3.7,2.49,34.5383,,5990.0,1.08,704.438
Kepler-303 c,Kepler-303,Transit,2014,,1.14,7.061149,,3944.0,,209.738
Kepler-1187 b,Kepler-1187,Transit,2016,,2.61,18.87064068,,5975.0,1.06,1020.53
Kepler-1188 b,Kepler-1188,Transit,2016,,2.08,17.1369543,,5913.0,1.04,1717.48
Kepler-1193 b,Kepler-1193,Transit,2016,,1.32,2.832652134,,5908.0,1.08,802.116
Kepler-1827 b,Kepler-1827,Transit,2021,,1.85644292,3.700619936,,5423.0,0.915,686.461
Kepler-1204 b,Kepler-1204,Transit,2016,,3.05,85.7350285,,5825.0,1.03,1175.22
Kepler-1830 b,Kepler-1830,Transit,2021,,3.32992941,56.49330139,,6160.0,1.443,1056.88
Kepler-1514 b,Kepler-1514,Transit,2016,1678.1424,12.419572,217.83184,387.9,6145.0,1.196,397.292
Kepler-1722 b,Kepler-1722,Transit,2021,,2.86719266,9.178569794,,5506.0,0.876,772.283
HIP 54373 b,HIP 54373,Radial Velocity,2019,8.62,,7.76,,4021.0,0.57,18.7168
TOI-2458 b,TOI-2458,Transit,2024,13.31,2.83,3.73659,1509.4,6005.0,1.05,112.958
HIP 63242 b,HIP 63242,Radial Velocity,2013,2917.56,,124.6,,4830.0,1.54,156.456
Kepler-1836 b,Kepler-1836,Transit,2021,,2.55303229,5.254169941,,6123.0,1.053,1472.62
Kepler-131 b,Kepler-131,Transit,2014,16.13,2.41,16.092,,5685.0,1.02,228.678
Kepler-315 c,Kepler-315,Transit,2014,,4.15,265.469335,,5796.0,,1160.63
HD 1605 b,HD 1605,Radial Velocity,2015,296.85322,,577.2,,4915.0,1.33,88.8047
2MASS J02192210-3925225 b,2MASS J02192210-3925225,Imaging,2015,4417.837,16.14096,,,3064.0,0.108,
WASP-74 b,WASP-74,Transit,2015,228.8376,15.24424,2.13775,,5990.0,0.98,149.216
Kepler-502 b,Kepler-502,Transit,2016,,4.77,4.28686431,,6125.0,1.15,1591.04
HD 133131 A c,HD 133131 A,Radial Velocity,2016,133.4886,,3568.0,,5799.0,0.95,51.4736
WASP-93 b,WASP-93,Transit,2016,467.2101,17.900773,2.7325321,1942.0,6700.0,1.334,370.284
HATS-11 b,HATS-11,Transit,2016,,18.03,3.619188,1596.0,6563.0,1.33,944.603
OGLE-2012-BLG-0950L b,OGLE-2012-BLG-0950L,Microlensing,2016,35.0,,,,,0.57,2600.0
K2-102 b,K2-102,Transit,2016,,1.3,9.915615,,4695.0,0.77,188.175
WASP-53 c,WASP-53,Radial Velocity,2017,5196.5205,,2840.0,,4953.0,0.839,201.338
Kepler-20 g,Kepler-20,Radial Velocity,2016,19.96,,34.94,524.0,5495.0,0.948,282.563
Kepler-768 b,Kepler-768,Transit,2016,,1.79,11.3910025,,5108.0,0.82,784.56
K2-133 b,K2-133,Transit,2017,,1.34,3.07133,,3655.0,0.461,75.1703
HD 158996 b,HD 158996,Radial Velocity,2018,4449.62,,820.2,,4069.0,1.8,283.659
K2-243 b,K2-243,Transit,2018,,2.17,11.54182,1035.0,6570.0,1.29,266.864
Kepler-1248 b,Kepler-1248,Transit,2016,,1.18,7.46725407,,6149.0,1.21,593.026
Kepler-1521 b,Kepler-1521,Transit,2016,,2.5,47.14840805,,5042.0,0.81,206.983
Kepler-1928 b,Kepler-1928,Transit,2021,,1.992,19.57783,,5720.0,1.01,326.362
K2-266 e,K2-266,Transit,2018,14.3,2.73,19.482,490.1,4285.0,0.686,77.5586
WASP-172 b,WASP-172,Transit,2018,149.3801,17.59813,5.477433,1740.0,6900.0,1.49,538.11
Kepler-777 b,Kepler-777,Transit,2016,,1.47,5.72812599,,4043.0,0.58,443.106
HD 99706 c,HD 99706,Radial Velocity,2016,1808.4527,,1278.0,,,1.72,146.6
WASP-161 b,WASP-161,Transit,2018,791.3967,12.811887,5.4060425,1557.0,6400.0,1.39,343.08
GJ 685 b,GJ 685,Radial Velocity,2019,9.0,,24.16,,3816.0,0.55,14.3155
HD 8326 b,HD 8326,Radial Velocity,2019,66.6,,158.991,,4914.0,0.8,30.6862
EPIC 201833600 c,K2-50,Transit,2019,,1.0,3.96151,,,0.611,257.443
Kepler-407 b,Kepler-407,Transit,2014,1.93,1.19,0.6693124,,5487.0,0.99,338.368
MOA-bin-29 b,MOA-bin-29,Microlensing,2019,190.0,,,,,0.03,7120.0
EPIC 249893012 c,EPIC 249893012,Transit,2020,14.67,3.67,15.624,990.0,5430.0,1.05,321.296
Kepler-1661 b,Kepler-1661,Transit,2020,17.0,3.87,175.06,243.0,5100.0,0.841,410.607
GJ 1061 d,GJ 1061,Radial Velocity,2020,1.67,,13.066,,2953.0,0.12,3.67278
HD 158259 f,HD 158259,Radial Velocity,2020,6.14,,12.028,,,1.08,27.0498
Kepler-88 d,KOI-142,Radial Velocity,2020,965.14699656,,1403.0,,5466.0,0.99,376.863
OGLE-2017-BLG-0406L b,OGLE-2017-BLG-0406L,Microlensing,2020,130.0,,,,,0.56,5200.0
HATS-38 b,HATS-38,Transit,2020,23.51942,6.882326,4.375021,1294.0,5732.0,0.89,343.525
HIP 107772 b,HIP 107772,Radial Velocity,2020,12.9,,55.199,,,0.63,23.6434
KMT-2019-BLG-0842L b,KMT-2019-BLG-0842L,Microlensing,2020,10.28,,,,,0.76,3320.0
TOI-837 b,TOI-837,Transit,2020,120.45696625,9.16894621,8.3249113,995.3,5995.0,1.142,142.488
Kepler-1854 b,Kepler-1854,Transit,2021,,2.58746104,39.83110046,,5026.0,0.8,423.348
Kepler-1273 b,Kepler-1273,Transit,2016,,2.49,28.625653,,5566.0,0.94,1114.24
Kepler-1850 b,Kepler-1850,Transit,2021,,0.72909663,1.385800004,,4239.0,0.611,250.199
Kepler-1276 b,Kepler-1276,Transit,2016,,1.19,12.5720095,,6188.0,1.14,538.481
Kepler-1291 b,Kepler-1291,Transit,2016,,1.66,8.63043276,,5216.0,0.84,897.352
Kepler-1298 b,Kepler-1298,Transit,2016,,1.31,7.12811928,,6339.0,1.45,544.163
Kepler-1530 d,Kepler-1530,Transit,2021,,3.27870115,9.20761013,,5678.0,1.015,489.876
Kepler-705 b,Kepler-705,Transit,2016,,2.11,56.0560538,,3722.0,0.53,276.881
Kepler-1700 b,Kepler-1700,Transit,2020,,2.90129941,234.239,,6031.0,1.12,717.597
WASP-10 b,WASP-10,Transit,2008,1001.12,12.106,3.0927616,1370.0,4675.0,0.75,140.998
K2-196 b,K2-196,Transit,2018,,3.59970536,48.324222,,6045.0,1.162095,584.877
Kepler-205 b,Kepler-205,Transit,2014,,1.51,2.75564,,4321.0,,159.72
LHS 1678 b,LHS 1678,Transit,2021,,0.685,0.8602325,,3490.0,0.345,19.8782
K2-392 b,K2-392,Transit,2022,,1.85,15.398723,,5726.0,0.841,406.985
Kepler-824 b,Kepler-824,Transit,2016,,1.87,4.51436633,,6035.0,1.15,1201.4
LP 714-47 b,LP 714-47,Transit,2020,30.8,4.7,4.052037,700.0,3950.0,0.59,52.616
TOI-564 b,TOI-564,Transit,2020,464.98529,11.43318,1.651144,1714.0,5640.0,0.998,199.581
HD 4760 b,HD 4760,Radial Velocity,2021,4417.837,,434.0,,4076.0,1.05,537.873
K2-138 g,K2-138,Transit,2021,4.32,3.013,41.96797,,5356.3,0.935,202.585
HD 60292 b,HD 60292,Radial Velocity,2020,2065.895,,495.4,,4348.0,1.7,315.211
TOI-220 b,TOI-220,Transit,2021,13.8,3.03,10.695264,805.0,5298.0,0.825,90.7402
HD 66428 c,HD 66428,Radial Velocity,2021,560.64930995,,10478.84437,,,1.01,53.2817
TOI-1201 b,TOI-1201,Transit,2021,6.28,2.415,2.4919863,703.0,3476.0,0.512,37.8871
KMT-2018-BLG-1743L b,KMT-2018-BLG-1743L,Microlensing,2021,77.86795971,,,,,0.193,6483.0
K2-406 b,K2-406,Transit,2022,,4.602,22.549406,,5784.0,0.798,85.3751
Kepler-498 b,Kepler-498,Transit,2016,,3.03,9.61375356,,5744.0,0.98,938.844
OGLE-2017-BLG-1099L b,OGLE-2017-BLG-1099L,Microlensing,2021,959.84178914,,,,,0.45,7250.0
HD 174205 b,HD 174205,Radial Velocity,2022,1334.8793094,,582.0,,4308.0,1.8,234.027
TOI-205 b,TOI-205,Transit,2026,,2.50121142,4.25300773815,,6302.74,,177.759
Kepler-813 b,Kepler-813,Transit,2016,,2.14,19.12947337,,5743.0,0.95,
Kepler-398 b,Kepler-398,Transit,2014,,0.93,4.081423,,4493.0,,177.355
Kepler-1317 b,Kepler-1317,Transit,2016,,1.56,0.568874427,,5144.0,0.83,728.303
Kepler-1312 b,Kepler-1312,Transit,2016,,2.1,5.448325286,,5719.0,0.99,299.104
Kepler-1875 b,Kepler-1875,Transit,2021,,3.22686692,34.45859909,,6161.0,0.95,1660.45
KOI-351 e,KOI-351,Transit,2013,,2.66,91.93913,,6080.0,1.2,848.254
Kepler-1913 b,Kepler-1913,Transit,2021,,1.51852059,14.1960001,,6214.0,1.169,876.3
Kepler-345 b,Kepler-345,Transit,2014,,0.74,7.415563,,4504.0,,
Kepler-975 b,Kepler-975,Transit,2016,,1.48,1.970342457,,4897.0,0.8,426.088
Kepler-524 b,Kepler-524,Transit,2016,,1.91,7.97419807,,6014.0,1.09,1058.24
K2-398 b,K2-398,Transit,2022,,2.274,6.393025,,5946.0,0.945,606.992
Kepler-36 b,Kepler-36,Transit,2012,3.83,1.498,13.86825,,5979.0,1.034,527.956
HD 102195 b,HD 102195,Radial Velocity,2006,130.3103,,4.11377,,5301.0,0.76,29.3386
HD 169830 c,HD 169830,Radial Velocity,2003,2437.42605328,,1818.82339,,,1.17,37.6048
HD 240237 b,HD 240237,Radial Velocity,2011,5050.3187,,745.70001,,3926.0,8.76,933.377
TYC 1422-614-1 c,TYC 1422-614-1,Radial Velocity,2014,3178.0,,559.3,,4806.0,1.15,672.41
MXB 1658-298 b,MXB 1658-298,Eclipse Timing Variations,2017,7532.571,,760.0,,,,
HD 20781 d,HD 20781,Radial Velocity,2019,10.61,,29.158,,5256.0,0.7,35.9715
TOI-1062 c,TOI-1062,Radial Velocity,2021,9.78,,7.972,859.0,5328.0,0.94,82.1733
TOI-712 d,TOI-712,Transit,2022,,2.474,84.8396,313.6,4622.0,0.732,58.6212
TOI-756 b,TOI-756,Transit,2025,9.83,2.81,1.2392495,934.0,3657.0,0.505,86.1759
TOI-784 b,HD 307842,Transit,2023,9.67,1.93,2.7970365,,5558.0,0.91,64.5997
TOI-1279 b,TOI-1279,Transit,2024,10.6,2.66146528,9.61419,759.0,5457.0,0.8784,107.055
TOI-1295 b,TOI-1295,Transit,2024,451.31633794,15.69257298,3.1968838,2360.0,6280.0,1.38,388.227
TOI-1437 b,TOI-1437,Transit,2024,9.6,2.24,18.840942,,6008.0,1.1,103.297
TOI-1451 b,TOI-1451,Transit,2024,15.2,2.61143902,16.537944,723.33,5801.0,1.0022,91.9362
TOI-1453 b,TOI-1453,Transit,2025,2.32,1.173,4.3135225,944.2,4975.0,0.715,78.7415
Kepler-526 b,Kepler-526,Transit,2016,,1.99,5.458498316,,5894.0,1.15,666.146
Kepler-1356 b,Kepler-1356,Transit,2016,,1.53,0.634002937,,5106.0,0.82,845.228
Kepler-528 b,Kepler-528,Transit,2016,,2.08,19.78297415,,5807.0,1.01,784.23
Kepler-414 c,Kepler-414,Transit Timing Variations,2014,29.9,3.01,7.171,,,0.89,413.46
Kepler-530 b,Kepler-530,Transit,2016,,3.01,39.30941904,,5697.0,0.97,457.709
Kepler-604 b,Kepler-604,Transit,2016,,2.59,25.85501786,,5890.0,1.02,1026.49
Kepler-1718 b,Kepler-1718,Transit,2021,,2.5685207,135.1880035,,5731.0,0.846,375.522
Kepler-1341 b,Kepler-1341,Transit,2016,,2.99,132.9968322,,4662.0,0.79,476.957
Kepler-369 b,Kepler-369,Transit,2014,,1.13,2.732756,,3591.0,,
BD-17 63 b,BD-17 63,Radial Velocity,2008,1639.99458012,,655.57,,,0.741,34.4603
TOI-4561 b,TOI-4561,Transit,2026,,1.77789214,8.93547936706,,5537.93,,179.008
TOI-1803 c,TOI-1803,Transit,2025,8.0,4.29,12.885779,588.0,4687.0,0.756,119.24
TOI-2093 c,TOI-2093,Transit,2025,15.8,2.3,53.81149,329.0,4426.0,0.745,82.7982
Kepler-80 e,Kepler-80,Transit,2014,4.13,1.6,4.64489,,4540.0,0.73,369.451
HD 80913 b,HD 80913,Radial Velocity,2022,7505.2000029,,10839.83341,,,1.11,61.3603
KMT-2019-BLG-1042L b,KMT-2019-BLG-1042L,Microlensing,2022,60.38739733,,,,,0.3,6600.0
HD 101581 c,HIP 56998,Transit,2025,,0.99,6.20401,747.0,4675.0,0.653,12.7781
KMT-2019-BLG-0298L b,KMT-2019-BLG-0298L,Microlensing,2023,575.26941667,,,,,0.7,6710.0
Kepler-1034 b,Kepler-1034,Transit,2016,,2.26,12.12400943,,5198.0,0.83,654.549
KMT-2024-BLG-0404L b,KMT-2024-BLG-0404L,Microlensing,2025,8657.64580668,,,,,0.09,7210.0
KOINTREAU-1 b,XEST 17-036,Imaging,2026,3368.9811142,,,,3551.0,0.26,158.618
KMT-2024-BLG-0176L b,KMT-2024-BLG-0176L,Microlensing,2026,241.54958932,,,,,0.103,8340.0
TOI-1751 b,TOI-1751,Transit,2024,19.5,2.9507845,37.46852,651.64,5970.0,0.9382,113.335
TOI-1768.01,TOI-1768,Transit,2024,,3.453,7.337703649,,5994.0,1.1,157.597
TOI-1836 b,TOI-1836,Transit,2024,38.45723725,8.00321222,20.380799,966.0,6380.0,1.307,191.649
TOI-2236 b,TOI-2236,Transit,2022,502.16888306,14.36991326,3.5315902,1688.0,6248.0,1.343,355.59
TOI-2525 c,TOI-2525,Transit,2023,208.8132634,10.13291855,49.2519,,5096.0,0.849,395.398
Kepler-208 e,Kepler-208,Transit,2014,,1.48,16.259458,,6092.0,,775.328
Kepler-264 c,Kepler-264,Transit,2014,,2.83,140.101261,,6158.0,,942.173
Kepler-755 c,Kepler-755,Transit,2016,,1.26,2.853133644,,5043.0,0.82,399.034
Kepler-363 b,Kepler-363,Transit,2014,,1.16,3.614568,,5593.0,,762.596
Kepler-374 b,Kepler-374,Transit,2014,,1.03,1.897806,,5977.0,,1265.61
Kepler-381 b,Kepler-381,Transit,2014,,0.99,5.629021,,6152.0,,267.323
Kepler-536 b,Kepler-536,Transit,2016,,3.1,1.827082299,,5524.0,0.92,462.322
Kepler-1987 b,Kepler-1987,Transit,2023,,1.23,2.345863002,997.0,4769.0,0.799,595.683
Kepler-1633 b,Kepler-1633,Transit,2016,,1.58,186.404271,,6256.0,1.2,1114.91
Kepler-121 b,Kepler-121,Transit,2014,,2.34,3.177422,,5311.0,,510.523
Kepler-248 c,Kepler-248,Transit,2014,,4.07,16.239494,,5190.0,,738.792
Kepler-185 c,Kepler-185,Transit,2014,,2.02,20.729042,,5208.0,,466.735
HD 139357 b,HD 139357,Radial Velocity,2008,6315.5682755,,1124.79139,,,2.69,112.09
HD 114783 b,HD 114783,Radial Velocity,2001,349.6,,493.7,,5135.0,0.853,21.0628
HD 13931 b,HD 13931,Radial Velocity,2009,699.226,,4218.0,,5867.0,1.3,47.3963
HD 86264 b,HD 86264,Radial Velocity,2009,3117.26101586,,1488.79123,,,1.26,67.8107
HR 810 b,HR 810,Radial Velocity,1999,721.4741,,302.79999,,6167.0,1.34,17.3181
HR 8799 b,HR 8799,Imaging,2008,2000.0,13.0,170000.0,,,1.5,41.2441
HD 27631 b,HD 27631,Radial Velocity,2012,474.83802,,2198.14,,5737.0,0.944,50.2862
HD 24040 b,HD 24040,Radial Velocity,2006,1226.8238,,3668.0,,5802.0,1.11,46.6224
HD 108341 b,HD 108341,Radial Velocity,2014,1112.4,,1129.0,,5122.0,0.843,48.9102
HIP 67537 b,HIP 67537,Radial Velocity,2017,4309.11754211,,2523.64713,,,2.316,116.046
HD 115954 b,HD 115954,Radial Velocity,2021,2634.79749403,,3700.0,144.9,5957.0,1.18,87.6437
ups And b,ups And,Radial Velocity,1996,218.531,,4.617033,,,1.3,13.4054
HD 97048 b,HD 97048,Disk Kinematics,2019,794.575,,,,10000.0,2.4,183.857
Kepler-1130 b,Kepler-1130,Transit,2016,,0.8,5.45298175,,5403.0,0.9,249.343
Kepler-373 b,Kepler-373,Transit,2014,,1.36,5.535309,,5787.0,,1090.45
Kepler-1112 b,Kepler-1112,Transit,2016,,3.02,14.36267939,,6496.0,1.34,1671.28
Kepler-136 b,Kepler-136,Transit,2014,,2.05,11.5789,,6165.0,,420.818
Kepler-1347 b,Kepler-1347,Transit,2016,,1.03,14.00947528,,5193.0,0.82,
Kepler-462 c,Kepler-462,Transit,2018,6.0,4.0,207.62,,7500.0,1.59,596.625
TOI-2818 b,TOI-2818,Transit,2023,225.65816897,15.27784069,4.039709,1376.0,5721.0,0.977,312.674
Kepler-868 b,Kepler-868,Transit,2016,,2.05,5.03251791,,5614.0,0.93,1593.13
Kepler-913 c,Kepler-913,Transit,2021,,3.8580709,5.939119816,,6068.0,1.294,991.618
Kepler-59 b,Kepler-59,Transit,2012,,1.1,11.8681707,,6074.0,1.04,1163.22
Kepler-305 e,Kepler-305,Transit,2020,,1.7938153,3.20538,,4974.0,0.82,868.477
Kepler-327 c,Kepler-327,Transit,2014,,1.03,5.212333,,3799.0,,241.987
Kepler-32 f,Kepler-32,Transit,2012,,0.82,0.74296,,3900.0,0.58,323.847
Kepler-24 e,Kepler-24,Transit,2014,,2.78,18.998355,,5897.0,,1156.81
Kepler-1989 b,Kepler-1989,Transit,2023,,4.62,10.161023528,904.0,6032.0,0.999,1252.13
Kepler-1638 b,Kepler-1638,Transit,2016,,1.87,259.33683,,5710.0,0.97,1525.52
Kepler-1639 b,Kepler-1639,Transit,2016,,2.58,9.878482,,6150.0,1.12,1031.31
Kepler-83 b,Kepler-83,Transit,2012,,2.83,9.77,,,0.66,400.409
Kepler-603 c,Kepler-603,Transit,2016,,6.5,127.9075774,,5808.0,1.01,1539.63
Kepler-126 d,Kepler-126,Transit,2014,,2.5,100.283134,,6239.0,,237.401
UZ For b,UZ For,Eclipse Timing Variations,2011,2002.2,,5840.0,,,0.7,
OGLE-2005-BLG-390L b,OGLE-2005-BLG-390L,Microlensing,2005,5.5,,3285.0,50.0,,0.22,6600.0
OGLE-2018-BLG-0532L b,OGLE-2018-BLG-0532L,Microlensing,2020,6.228,,,,,0.195,773.0
GSC 06214-00210 b,GSC 06214-00210,Imaging,2010,5000.0,,,2300.0,4200.0,0.9,108.5
UCAC3 113-933 b,UCAC3 113-933,Imaging,2024,6674.396547,,,,,0.61,52.5829
KIC 7917485 b,KIC 7917485,Pulsation Timing Variations,2016,3750.394,,840.0,,7067.0,1.63,1382.89
Kepler-1496 b,Kepler-1496,Transit,2016,,2.22,64.6588017,,6182.0,1.18,1307.66
Kepler-607 b,Kepler-607,Transit,2016,,0.87,0.638163204,,5196.0,0.84,519.122
TOI-3807 b,TOI-3807,Transit,2023,330.54154328,18.49481816,2.8989727,1646.0,5772.0,1.181,421.745
Kepler-282 b,Kepler-282,Transit,2014,,1.01,9.220524,,5602.0,,1337.61
Kepler-283 c,Kepler-283,Transit,2014,,1.82,92.743711,,4351.0,,468.094
Kepler-295 c,Kepler-295,Transit,2014,,1.17,21.526258,,5603.0,,1699.19
Kepler-270 c,Kepler-270,Transit,2014,,1.77,25.262887,,6067.0,,948.781
Kepler-69 c,Kepler-69,Transit,2013,,1.71,242.4613,299.0,5638.0,0.81,730.625
Kepler-1315 c,Kepler-1315,Transit,2021,,1.84398883,6.566060066,,4818.0,0.809,480.869
Kepler-1388 c,Kepler-1388,Transit,2016,,2.26,5.53608151,,4098.0,0.63,453.795
Kepler-190 b,Kepler-190,Transit,2014,,1.56,2.019999,,5106.0,,433.387
Kepler-1645 b,Kepler-1645,Transit,2016,,1.78,16.1779561,,5812.0,1.02,1202.47
Kepler-648 b,Kepler-648,Transit,2016,,3.22,17.4211749,,5741.0,1.05,636.03
Kepler-176 e,Kepler-176,Transit,2016,,1.45,51.16579,,5295.0,0.87,527.321
Kepler-610 b,Kepler-610,Transit,2016,,4.19,6.996926554,,5943.0,1.1,845.824
K2-377 b,K2-377,Transit,2022,,1.693,12.832235,,4200.0,0.821,195.149
TIC 153919886 b,TIC 153919886,Transit,2026,,2.70601108,2.10510492329,,4137.16,,132.33
TOI-4184 b,TOI-4184,Transit,2023,,2.43,4.9019804,412.0,3238.0,0.2109,69.3649
Kepler-23 d,Kepler-23,Transit,2014,4.44,2.206,15.27,,5828.0,1.078,835.756
TOI-4156 b,TOI-4156,Transit,2026,,2.53823825,4.46189034133,,5971.64,,213.719
TOI-4201 b,TOI-4201,Transit,2023,788.21444936,13.67495645,3.5819194,725.0,3794.0,0.61,189.011
TOI-4364 b,TOI-4364,Transit,2025,,2.01,5.424019,488.0,3528.0,0.487,43.9662
TOI-4377 b,TOI-4377,Transit,2023,304.1617855,15.10970598,4.378081,,4974.0,1.36,455.82
Kepler-219 c,Kepler-219,Transit,2014,,3.58,22.714613,,5786.0,,787.07
TOI-4773 b,TOI-4773,Transit,2025,1687.66884117,15.22179579,1.7452851,2255.0,6740.0,1.452,492.888
Kepler-42 c,Kepler-42,Transit,2011,,0.73,0.45328509,720.0,3068.0,0.13,40.0595
Kepler-30 b,Kepler-30,Transit,2012,11.3,3.9,29.33434,,5498.0,0.99,914.221
Kepler-1695 b,Kepler-1695,Transit,2020,,1.11948901,4.7329,,5473.19,0.96,791.175
Kepler-150 b,Kepler-150,Transit,2014,,1.25,3.428054,,5560.0,,891.092
Kepler-197 b,Kepler-197,Transit,2014,,1.02,5.599308,,6004.0,,330.575
Kepler-302 b,Kepler-302,Transit,2014,,4.06,30.184104,,5740.0,,1402.58
Kepler-1240 b,Kepler-1240,Transit,2016,,1.15,4.8663815,,5682.0,0.98,862.186
USco1556 b,USco1556 A,Imaging,2019,4767.45,,,2240.0,3410.0,0.33,140.635
K2-104 b,K2-104,Transit,2016,,1.79,1.9741954,798.0,3712.0,0.51,189.289
Kepler-368 c,Kepler-368,Transit,2014,,3.88,72.379334,,5502.0,,770.978
Kepler-1775 b,Kepler-1775,Transit,2021,,3.64762153,85.65399933,,5818.0,1.149,657.023
Kepler-9 d,Kepler-9,Transit,2010,,1.64,1.592851,2026.0,5777.0,1.07,628.257
Kepler-288 b,Kepler-288,Transit,2014,,1.67,6.097326,,5918.0,,1194.15
HD 65216 b,HD 65216,Radial Velocity,2003,411.58985,,577.6,,5612.0,0.874,35.1205
K2-148 c,K2-148,Transit,2018,,1.73,6.9226,,4079.0,0.65,124.458
Kepler-158 d,Kepler-158,Transit,2024,,0.43,0.645088,,4895.97,0.656,315.177
Kepler-574 b,Kepler-574,Transit,2016,,2.39,7.65880414,,5612.0,0.95,682.896
2MASS J01033563-5515561 AB b,2MASS J01033563-5515561 A,Imaging,2013,4131.79,,,,,0.19,
Kepler-729 b,Kepler-729,Transit,2016,,3.58,3.166353714,,5633.0,0.94,1921.15
HD 112300 b,HD 112300,Radial Velocity,2023,5031.22368281,,466.63,,3657.0,1.4,62.07324
Kepler-1907 c,Kepler-1907,Transit,2021,,1.15547044,14.86390018,,5159.0,0.752,292.111
HD 30669 b,HD 30669,Radial Velocity,2014,149.37,,1684.0,,5400.0,0.92,58.0844
WASP-124 b,WASP-124,Transit,2016,190.698,13.89916,3.37265,1400.0,6050.0,1.07,448.637
Kepler-822 b,Kepler-822,Transit,2016,,1.77,3.222969273,,5928.0,1.06,860.391
TOI-5108 b,TOI-5108,Transit,2025,32.0,6.6,6.753581,1180.0,5808.0,1.1,130.919
Kepler-148 b,Kepler-148,Transit,2014,,1.8,1.729366,,5272.0,,791.163
TOI-5232 b,TOI-5232,Transit,2024,743.71847238,12.778238,4.0966692,1772.0,6500.0,1.389,609.388
TOI-5261 b,TOI-5261,Transit,2025,3651.84839643,11.60129502,4.1509768,1244.0,5790.0,1.037,377.054
Kepler-224 b,Kepler-224,Transit,2014,,1.39,3.132924,,5018.0,,782.088
Kepler-53 c,Kepler-53,Transit,2012,36.0,3.17,38.5583038,,5858.0,0.98,1366.07
TOI-5502 b,TOI-5502,Transit,2026,,4.1287378,11.62592988285,,6088.71,,248.654
